url,fetched,error,final_url,h1,subhead,visible_offer,primary_cta,page_type,has_form,treatments_named,atf_text
https://visit.skinlaundry.com/laser-facial,True,,https://visit.skinlaundry.com/laser-facial,America's #1 laser facial. Your first one is $50.,"A medical-grade laser, 30 minutes, no downtime — over 3 million treatments at 56 clinics nationwide.",First laser facial — $50 reg. $275,Book my $50 laser facial,offer_landing_page,True,Signature Laser Facial|laser facial,"A medical-grade laser, 30 minutes, no downtime — over 3 million treatments at 56 clinics nationwide. Protocols by a board-certified dermatologist, treatment by a licensed provider. Book my $50 laser facial About a minute to book. Your ZIP finds your clinic. Nothing charged before your visit."
https://api.whatsapp.com/send,False,disallowed by robots.txt,,,,,,,,,
https://www.instagram.com/,False,disallowed by robots.txt,,,,,,,,,
https://www.laseraway.com/services/clear-brilliant/,True,,https://www.laseraway.com/services/clear-brilliant/,Clear + Brilliant Laser Facial by LaserAway,Improve skin texture & reduce signs of aging with LaserAway's Clear + Brilliant® laser facial treatment.,20% OFF Clear + Brilliant◊ - The Laser Season Sale,Claim Offer,treatment_page,True,Clear + Brilliant® Original|Clear + Brilliant® Perméa|Clear + Brilliant® Complete|Rejuran® Healing Essence|Rejuran® Tone-Up Booster|Laser Hair Removal|Botox & Xeomin|Juvéderm Filler|CoolSculpting|SkinPen Microneedling|Potenza™ RF Microneedling|Thermage|Hydrafacial|IPL Photofacial|Instant Glow Laser Facial|Laser Tattoo Removal,"Clear + Brilliant® is a gentle fractional laser that renews your skin from within. It improves tone, refines texture, and minimizes pores while fading sun damage, dark spots, and acne scars. Safe for all skin types, this non-surgical treatment restores a youthful, radiant glow with minimal downtime and results that last for months."
https://www.facebook.com/102681937798972,False,disallowed by robots.txt,,,,,,,,,
https://fb.com/messenger_doc/,False,disallowed by robots.txt,,,,,,,,,
https://www.venus.ai/Doublo-x-Venus-Signature-Edition,True,,https://www.venus.ai/Doublo-x-Venus-Signature-Edition,Doublo x Venus,Signature Edition,,Speak to an expert,treatment_page,True,RF Microneedling|Cold Plasma|TriBella™|Acne Treatment|Wrinkle Reduction|Hair Removal|Photorejuvenation|Skin Resurfacing|Non-Invasive Fat Lipolysis|Cellulite Reduction|Circumferential Reduction|Skin Tightening|EMS Muscle Stimulation|Hair Restoration,"Exclusive Synergistic Platform with Cold Plasma & RF Microneedling. Key Benefits & Applications: Fine Lines & Wrinkles, Acne, Acne Scars, Skin Laxity, Pigmentation, Uneven Skin Tone, Uneven Skin Texture, Enlarged Pores, Scars, Skin Rejuvenation, Skin Prejuvenation, Skincare Absorption, Excess Sebum, Overall Skin & Hair Health. Doublo × Venus Signature Edition showcases premier Korean aesthetic innovation through an exclusive synergistic platform combining next-generation RF Microneedling and first-to-market Cold Plasma technology for personalized skin rejuvenation, resurfacing, and improved sk"
https://www.laseraway.com/services/rf-microneedling/,True,,https://www.laseraway.com/services/rf-microneedling/,RF Microneedling by LaserAway,The Laser Season Sale - 20% OFF RF Microneedling,20% OFF RF Microneedling◊◊ Select packages. Subject to Offer Terms,Claim Offer,treatment_page,True,Potenza™ RF Microneedling|SkinPen® Microneedling|Clear + Brilliant®|Thermage®|XTherma®|Rejuran® Salmon DNA|Hydrafacial®|IPL Photofacial|Laser Hair Removal|Laser Tattoo Removal|Botox®|Xeomin®|Juvéderm® Filler|CoolSculpting,"RF Microneedling uses Potenza™ technology to combine microneedling with radiofrequency energy for visible skin tightening, texture improvement, and collagen renewal. Building on the same foundation used in SkinPen® Microneedling, Potenza™ delivers deeper stimulation with added radiofrequency energy to support firmer, smoother, more resilient-looking skin."
https://promotion.antiageinstitute.com/laser-and-skin-rejuvenation,True,,https://promotion.antiageinstitute.com/laser-and-skin-rejuvenation,"REFRESH YOUR LOOK, LOVE YOUR SKIN!",Reduce Fine Lines • Wrinkles • Pore Size • Stretch Marks • Acne Scars + More,20% Off Your First Laser or Skin Rejuvenation Treatment!,CLAIM MY OFFER,offer_landing_page,True,BBL (BroadBand Light)|MOXI|HALO|SkinPen Microneedling|HydraFacial|DiamondGlow Facial|ActiveFX|DeepFX|Morpheus8 RF microneedling,"A Top-Rated Med Spa & Wellness Center in Houston, TX. 20% Off Your First Laser or Skin Rejuvenation Treatment! REFRESH YOUR LOOK, LOVE YOUR SKIN! FEATURED TREATMENTS Reduce Fine Lines • Wrinkles • Pore Size • Stretch Marks • Acne Scars + More"
https://ovme.com/pages/september-offers,True,,https://ovme.com/pages/september-offers,Laser Season is Here,Refresh your skin with Laser and Microneedling treatments. Members save 30% and non-members save 15%. Offer ends 10/31.,"Up to 30% Off Lasers & Microneedling Treatments; Members save 30%, non-members save 15% (ends 10/31); Up to 25% Off SkinVive (ends 9/30)",Book Now,offer_landing_page,False,Botox & Dysport|Dermal Filler|Lip Filler|Kybella|PDO Threads|PRFM Gel|Sculptra|SkinVive|Under-Eye PRP|Ariessence PDGF+|BBL Photofacial|Chemical Peel|Dermaplaning|DiamondGlow|Hydrafacial|HALO Laser|Microneedling|MOXI Laser|RF Microneedling|Signature Facial|VI Peel|IV Hydration Therapy|Zepbound,"Up to 30% Off Lasers & Microneedling Treatments → Services Injectables Botox & Dysport Dermal + Lip Filler Kybella PDO Threads PRFM Gel Sculptra SkinVive Under-Eye PRP Skin Treatments Ariessence PDGF+ BBL Photofacial Chemical Peel Dermaplaning DiamondGlow Hydrafacial HALO Laser Microneedling MOXI Laser RF Microneedling Signature Facial VI Peel Facial Upgrades Consultations Complimentary Studio Consult OVME Skin Analysis Wellness IV Hydration Therapy Zepbound Botox® & Dysport® Smooth dynamic lines and wrinkles for a refreshed, natural expression."
https://offer.dolcevitawellnessspa.com/laser-focus-promotion,True,,https://offer.dolcevitawellnessspa.com/laser-focus-promotion,Your Skin's *Next Chapter* Starts Here,Advanced Sciton Laser Skin Rejuvenation,Reserve Your Complimentary Consultation Now,Book Online,offer_landing_page,True,Sciton BBL|BroadBand Light Therapy (BBL)|Halo|Advanced Skin Renewal|Sciton JOULE|IPL|microneedling|chemical peels,"Dolce Vita Wellness & Medical Spa now offers one of the most advanced laser platforms in skincare, BBL + Halo delivers next-level skin transformation. Reserve Your Complimentary Consultation Now Book Online Or Call Now (775) 772-0032 Active el sonido Your Consultation Includes: One-on-One Expert Consultation Sit down with our advanced laser team to talk through your skin goals, ask questions, and find out exactly how we can help — with zero obligation."
https://www.plazamedicalspa.com/,True,,https://www.plazamedicalspa.com/,Love the Skin Face Body You are in,"Searching for the best ""med spas near me"" in Kansas City? Plaza Aesthetics & Wellness is a Kansas City Medical Spa founded and operated by a board certified clinical physician, Dr Amber Botros.",,BOOK AN APPOINTMENT,homepage,True,Botox|Dysport|Letybo|Jeuveau|Dermal Fillers|Sculptra|Radiesse|Laser Skin Resurfacing|SkinPen Microneedling|RF Microneedling|Chemical Peels|Photofacial|Tixel|Morpheus8|FaceTite|Evoke|PDO Threads|XERF Structural Skin Tightening|Laser Hair Removal|Keravive|PRP Hair Restoration|Exosome Therapy|Growth Factor Therapy|Stem Cell Therapy|HydraFacial|Dermaplaning|EvolveX|TruSculpt 3D|BodyTite|Hormone Replacement|Weight Loss Injections,"Love the Skin Face Body You are in BOOK AN APPOINTMENT (816) 463 - 4440 Searching for the best ""med spas near me"" in Kansas City? Plaza Aesthetics & Wellness is a Kansas City Medical Spa founded and operated by a board certified clinical physician, Dr Amber Botros. Our goal is to offer patients an unparalleled experience so that they can achieve their aesthetic and wellness goals while safely under a physician's care."
https://getbodylase.com/,True,,https://getbodylase.com/,Because confidence feels beautiful™,"We're the leading provider of aesthetic and anti-aging services in the Triangle. Locally and woman owned, we're Raleigh's first medical spa, with 24+ years of experience.",Book Your Free Consultation,Book Your Free Consultation,homepage,False,Fraxel Laser Treatment|Botox|Morpheus8|Skin Treatments|Injectables|Hair Removal|Body Contouring|Laser Hair Reduction,"Because confidence feels beautiful™ We're the leading provider of aesthetic and anti-aging services in the Triangle. Locally and woman owned, we're Raleigh's first stand-alone medical spa, with 24+ years of experience. Book Your Free Consultation"
http://instagram.com/labelleviemedspa,False,disallowed by robots.txt,,,,,,,,,
https://www.doctortruesdale.com/ultraclear-laser,True,,https://www.doctortruesdale.com/ultraclear-laser,Laser resurfacing that's finally safe for melanin-rich skin.,"For years, the warning was the same: lasers can burn or darken deeper skin tones. UltraClear changes that.","New patients from $1,500 (regularly $2,500)",See If I'm a Candidate →,treatment_page,True,UltraClear|3D Miracle|Coring,"For years, the warning was the same: lasers can burn or darken deeper skin tones. UltraClear changes that. It's an FDA-cleared, cold-ablative resurfacing laser engineered with a far lower risk of post-inflammatory dark marks in Fitzpatrick IV–VI skin — performed and overseen by a Beverly Hills double board-certified facial plastic surgeon."
https://skinsationaesthetics.medspamax.com/msmc02,True,,https://skinsationaesthetics.medspamax.com/msmc02,⭐️ Experience Advanced Laser Skin Renewal in Colleyville ⭐️,Smooth & Renew — Advanced Laser Package Only $199!,Advanced Laser Package Only $199! Includes CO2 or Erbium Laser Treatment,Smooth My Wrinkles →,offer_landing_page,True,CO2 Laser (Spectrum)|Erbium Laser,Experience Advanced Laser Skin Renewal in Colleyville. Smooth & Renew — Advanced Laser Package Only $199! Includes CO2 or Erbium Laser Treatment. Don't wait! This deal ends In Just A Few Days! Reveal Your Best Skin — Take the 30-Second Quiz
https://infusioncryoandlaserlc.com/ultraglo,True,,https://infusioncryoandlaserlc.com/ultraglo,GET VISIBLY YOUNGER LOOKING SKIN WITHOUT DOWNTIME.,THE ULTRA GLO RESURFACING FACIAL,"~~$899~~ $299 for face, neck, chest plus free bonus lip plump",CLAIM MY SPOT NOW!,offer_landing_page,False,Ultra GLO Facial|Laser skin resurfacing|Microneedling|Laser hair removal|Body contouring|Hair restoration,"Get visibly younger looking skin without downtime. The Ultra Glo Resurfacing Facial. Get Face, Neck, Chest, Plus Free Bonus Lip Plump. All For Only $299. Turn back the clock and say goodbye to dark spots, fine lines, wrinkles, and enlarged pores with the Ultra Glo. Offer limited to 20 lucky ladies per month!"
https://offer.livevoxy.com/297undereyetreatment,True,,https://offer.livevoxy.com/297undereyetreatment,ONLY 15 Vouchers Left!,$297 Under-Eye Laser,"$297 Under-Eye Laser | No Fillers, No Downtime!",Claim This Special Offer!,offer_landing_page,True,CoolPeel® Under-Eye Laser Treatment|CO₂ laser treatment|Filler|Botox,"ONLY 15 Vouchers Left! $297 Under-Eye Laser No Fillers, No Downtime! ENTER YOUR DETAILS BELOW. By checking this box I consent to receiving transactional messages related to this and other services/offers. This may include appointment reminders, confirmation texts amongst other things. Message frequency may vary."
https://info.revive.md/rad_laser_packages_new,True,,https://info.revive.md/rad_laser_packages_new,"Unlock Radiant, Youthful Skin and Save Up to 50%",Revive Med Spa has combined its most effective laser treatments for complete skin rejuvenation in fewer sessions.,Up to 50% Savings When You Combine Multiple Treatments,Book Now,offer_landing_page,True,Morpheus8|BBL (BroadBand Light)|Laser Resurfacing|LaseMD|Moxi|Microneedling|CoolSculpting|Laser Hair Removal|Tattoo Removal|BOTOX|JUVÉDERM|Restylane|RHA|Kybella|SKINVIVE|PDO Threads|Sculptra|Radiesse|Renuva|PRP Injections|DiamondGlow|Facials|Chemical Peels,"REVIVE RADIANCE LASER PACKAGES. Unlock Radiant, Youthful Skin and Save Up to 50%. Revive Med Spa has combined its most effective laser treatments for complete skin rejuvenation in fewer sessions. Book your free consultation."
http://instagram.com/kyss.medspa,False,disallowed by robots.txt,,,,,,,,,
https://nmlpskin.site/lp/skin/quiz,False,disallowed by robots.txt,,,,,,,,,
https://lp.puremedicalspaidaho.com/coolpeel/,True,,https://lp.puremedicalspaidaho.com/coolpeel/,"Refine Your Skin, Minimize Pores, and Fade Sun Damage","CoolPeel is a cutting-edge CO₂ laser treatment that targets the outer layers of skin to refine texture, minimize pores, soften fine lines, and fade sun damage, all with minimal downtime.",$200 OFF First CoolPeel Treatment,GET OFFER,treatment_page,True,CoolPeel|Botox|Wellness|laser resurfacing|CO₂ laser treatment|chemical peel|facials,"Glow Brighter. Recover Faster. CoolPeel laser resurfacing reveals smoother, brighter, and healthier skin with minimal downtime, maximum results. CoolPeel is a cutting-edge CO₂ laser treatment that targets the outer layers of skin to refine texture, minimize pores, soften fine lines, and fade sun damage, all with minimal downtime. Often called the ""lunchtime peel,"" you'll see visible improvement with only a few days of mild redness."
https://instituteforagelessliving.com/lp/co2-laser-resurfacing/,True,,https://instituteforagelessliving.com/lp/co2-laser-resurfacing/,The Gold Standard in Skin Resurfacing.,"CO2 laser treatments that erase wrinkles, scars, and sun damage at the source.","40% Off Limited time + $50 + $50 refer a friend, you both get $50 off any treatment",Book your free consultation,offer_landing_page,True,ADVAFx® CO2 Laser Resurfacing|Fractional CO2 laser therapy,"The Gold Standard in Skin Resurfacing. CO2 laser treatments that erase wrinkles, scars, and sun damage at the source. Book your free consultation. Free consultation · Replies within one business day 40%OffLimited time 1treatment session 12-18 moof lasting results 5.0 ★28 Google reviews MDphysician-led care Limited-time offer 40% off your CO2 laser resurfacing treatment"
https://worldaesthetix.com/nucore-launch-partner/,True,,https://worldaesthetix.com/nucore-launch-partner/,The 8-in-1 Laser Platform.,Are you confident you can treat anyone who walks in the door?,"$54,995 Starting investment · No per-shot fees, ever",Apply for Launch Partner Status,offer_landing_page,True,Hair Removal|Tattoo Removal|Ablative Resurfacing|Rosacea & Redness|Scar & Texture|Pigment & Sun Spots|Vascular & Veins|Wrinkles & Photo-aging|Tri-Diode|IPL|Picosecond|Er:YAG 2940nm|Er:Glass 1540nm|Q-Switched Nd:YAG|Long Pulse Nd:YAG|Carbon Peel|808nm Diode|Hollywood Carbon Peel|Vaginal Rejuvenation,"With nuCORE, the answer is yes. Eight laser technologies on one platform cover 100% of energy-based facial treatments — every concern, every patient, every skin type, I–VI. No referrals out. No ""we don't do that here."" $54,995 Starting investment · No per-shot fees, ever"
https://promotion.renovemedicalspa.com/helix-laser,True,,https://promotion.renovemedicalspa.com/helix-laser,"The First and Only Med Spa in Kingwood, TX to Offer HELIX® CO₂ Laser Skin Resurfacing!","For a limited time, Renove Med Spa is offering up to $300 off HELIX® laser skin treatments to reduce fine lines, wrinkles, acne scars, sun damage & more.",GET UP TO $300 OFF Laser Skin Resurfacing,Get My Discount,offer_landing_page,True,HELIX® CoolPeel Laser|HELIX® CO₂ Laser|DEKA Laser|Fusion Laser|Sultra Laser|Microneedling|RF Microneedling|Pixel8®|SkinPen®|Morpheus8|CoolSculpting ELITE®|PDO Thread Lift|Laser Hair Removal|Injectables|Dermal Fillers,"GET UP TO $300 OFF Laser Skin Resurfacing. Helix CoolPeel treatment for fine lines, wrinkles, sun damage, acne scars, and texture. Face & body options. Get this offer by end of month. Microneedling and RF Microneedling also available. Renove Med Spa is the first and only med spa in Kingwood offering HELIX CO₂ laser skin resurfacing."
https://coolpromo.drclevens.com/aging-face,True,,https://coolpromo.drclevens.com/aging-face,TURN BACK THE CLOCK ON FACIAL AGING,Schedule Your Treatment & Receive $750 OFF YOUR SURGERY,$750 off surgery + $250 med spa gift card,ACTIVATE OFFER,offer_landing_page,True,Facelift|Neck Lift|Brow Lift|Lip Lift|Eyelid Surgery|Laser Skin Resurfacing,Clevens Face and Body Specialists | Melbourne | Merritt Island | Orlando · FL. The Top Plastic Surgery and Medical-Aesthetic Practice In Florida. TURN BACK THE CLOCK ON FACIAL AGING. Schedule Your Treatment & Receive $750 OFF YOUR SURGERY. SURGICAL & LASER TREATMENTS PLUS A $250 MED SPA GIFT CARD.
https://lunadermatology.beautiful-now.com/cosmetic-laser,True,,https://lunadermatology.beautiful-now.com/cosmetic-laser,Laser Facial Special Offer:,Facial Starting from $249*,Facial Starting from $249*,NEXT >,offer_landing_page,True,Laser Facial|Laser resurfacing|Botox|Fillers|Sculptra|Liquid facelift|Neurotoxins|Mohs surgery,"Laser Facial Special Offer: Facial Starting from $249*. Radiant, Youthful Skin. Preventative & Restorative. Natural-Looking Results. Little Downtime, Lasting Impact. The Long Lasting Results You Want. STEP ONE: Enter Your Details Below To Get Started."
https://www.xtool.com/pages/xtool-p3-the-flagship-80w-co2-laser-cutter,True,,https://www.xtool.com/pages/xtool-p3-the-flagship-80w-co2-laser-cutter,xTool P3 - Flagship 80W CO2 Laser Cutter & Engraver,The Ultimate CO2 Laser Workhorse with Intelligent Automation.,"Save Up to $3,398 & Gifts | Up to $1,500 Off | 6th Anniversary Sale",Buy Now,offer_landing_page,False,"xTool P3 (80W CO2 Laser)|5W IR Module|RA3 Rotary|Intelligent Conveyor Feeder|AutoLift Base|AP2 Max Air Purifier|Focal Lens (S, M, L)|xTool Studio Software|Customthings|SafetyPro AP2 Max","xTool P3 - Flagship 80W CO2 Laser Cutter & Engraver 6th Anniversary Sale is On! Come and Celebrate With Us! Save Up to $3,398 & Gifts. The Ultimate CO2 Laser Workhorse with Intelligent Automation. Buy Now Up to $1,500 Off Book a Demo 6th Anniversary Sale From $6,999.00"
https://norseorganics.co/products/acne-scars-healer-preventer,True,,https://norseorganics.co/products/acne-scars-healer-preventer,Blemish Scars Smoothing Balm 2.0,Soften the look of marks with the Norse Organics scar smoothing balm. Cold-pressed Marigold and Rosehip help even tone for a clearer-looking complexion.,Save 27% on your 1st order - $49 $36,ADD TO CART,treatment_page,False,Blemish Scars Smoothing Balm 2.0|Day Balm Acne-Prone Skin|Night Balm Acne-Prone Skin|Premium+ Face Scrub|Complete System for Acne-Prone Skin,"Blemish Scars Smoothing Balm 2.0 with 1 million jars sold. Nature's ultimate restorative forces—Tamanu, St. John's Wort, and Beta-Carotene—help soften the look of marks left behind. This botanical powerhouse smooths uneven texture and helps fade stubborn discolouration. 97% were happy with results."
https://info.loveyourselfmedspa.com/lead-undereye-rescue,True,,https://info.loveyourselfmedspa.com/lead-undereye-rescue,Get Our Under Eye Rescue Special For Only $499 Today!,(Usually $2000),"$499 special (usually $2000), includes CO2 Fractional Laser Under-Eye Treatment + FREE Consultation",Secure My Voucher,offer_landing_page,True,CO2 Fractional Laser Under-Eye Treatment|CO2 Fractional Laser,"Get Our Under Eye Rescue Special For Only $499 Today! (Usually $2000) Includes CO2 Fractional Laser Under-Eye Treatment + FREE Consultation + Personalized Treatment. Fill out the form and claim your voucher. 5,600+ Clients Transformed. Smooths Under-Eye Wrinkles & Fine Lines. Stimulates Natural Collagen Production. Minimal Downtime – Non-Surgical Skin Resurfacing. Safe, Effective & Long-Lasting Results."
https://www.gweikecloud.com/products/gweike-m-series,True,,https://www.gweikecloud.com/products/gweike-m-series,6 in 1 CNC Laser Cutting Machine and Fiber Laser Welding Machine,GWEIKE M Series Multi-process CNC Fiber & CO₂ Laser System,"Sale price $11,499.00 Regular price ~~$15,999.00~~ | Get $800 Coupon & M1200 Giveaway",Add to cart,other,True,Fiber Laser Welding|CNC Metal Cutting|Laser Cleaning|Rust Removal|CO₂ Laser Cutting|CO₂ Laser Engraving|Handheld Cutting,"6-in-1 Multi-Process Laser System: The GWEIKE M3 Ultra integrates fiber laser and CO₂ laser technologies in one powerful system, combining laser welding, CNC metal cutting, laser cleaning, rust removal, CO₂ engraving, and CO₂ cutting into a single industrial workstation"
https://go.solemedspa.com/laser-facial-meta/,True,,https://go.solemedspa.com/laser-facial-meta/,Reveal Your Most Radiant Skin with Advanced Laser Facials,"Fade fine lines, sun damage, and uneven skin tone with customizable treatments and minimal downtime at Solé Medical Spa.",FREE $250 Gift Card Toward Laser Facial Treatment (minimum purchase $800),GET A FREE $250 LASER FACIAL GIFT CARD,treatment_page,True,Laser Facials|Fractional Laser|Pixel RF|IPL (Intense Pulsed Light)|ThermiSmooth|Laser 360|ClearLift,"Revitalize Your Complexion with Cutting-Edge Laser Technology. Laser facials at Solé Medical Spa harness advanced technology to address everything from fine lines and sun damage to acne scars and uneven texture. Dr. Richard Pierzchajlo customizes each treatment to your skin's unique needs, delivering dramatic improvements with minimal downtime. Whether you're looking to refresh your complexion or address specific concerns, laser facials offer visible transformation."
https://lavieskinthetics.marktr.co/co2-turkey-neck,True,,https://lavieskinthetics.marktr.co/co2-turkey-neck,Fix The Turkey Neck With Real *CO2 Laser*,Reserve Your CO2 Turkey Neck Treatment For $899 $349,"$349 promo (regular $899) — $1,299 total value",Book My Appointment,offer_landing_page,True,CO2 Laser (AdvaFX Hybrid CO2)|Red Light Therapy|Neck & Jawline Skin Analysis|Fractional CO2 Laser,"Real laser resurfacing for the loose, crepey skin on your neck and jawline. Your skin rebuilds its own collagen, so it gets smoother and firmer over the following weeks. Promo includes a personalized neck & jawline skin analysis. $1,299 value · $349 today"
https://mayamedspa.com/laser-facial-meta/,True,,https://mayamedspa.com/laser-facial-meta/,"Get Radiant, Youthful Skin with Advanced Laser Facials",Experience the most advanced laser facial treatments that combine cutting-edge technology with expert precision to deliver stunning results in just one session.,$299 First Treatment,Book Now,treatment_page,True,Laser Facial|CoolSculpting Elite|Morpheus 8|Botox & Dysport|Dermal Fillers|Hydrafacial|Laser Hair Removal|LaseMD Ultra,"Experience the most advanced laser facial treatments that combine cutting-edge technology with expert precision to deliver stunning results in just one session. Whether you're battling acne scars, sun damage, or fine lines, our revolutionary LaseMD Ultra laser system penetrates deeply into your skin's layers to stimulate natural collagen production and cellular renewal, delivering remarkable results that traditional facials simply cannot match."
http://laser.glowxaesthetics1.com/,True,,http://laser.glowxaesthetics1.com/,"Clear, brighter, glowing skin with advanced laser.","BBL HEROic and Moxi laser treatments - the gold standard for tone, texture, sun damage and radiant skin. Minimal downtime. Real results.",Special Launch Pricing from $599 for BBL HEROic single session; Packages of 3 include a free treatment,Book Laser Consultation→,treatment_page,False,BBL HEROic|Moxi|BBL + Moxi combo|microneedling|Sculptra|filler|Botox,"Now at Glowtox Solana Beach. Clear, brighter, glowing skin with advanced laser. BBL HEROic and Moxi laser treatments - the gold standard for tone, texture, sun damage and radiant skin. Minimal downtime. Real results. 5.0 · rated by 250+ reviews on Google. 1,000+ happy patients served."
https://go.refreshmedspafl.com/medspa-meta/,True,,https://go.refreshmedspafl.com/medspa-meta/,"Refresh Your Look, Restore Your Confidence",New clients receive a $250 gift card to experience our premium treatments!,"Free $250 Gift Card for New Clients ($100 off Laser Facial, $100 off Filler, or $50 off Botox; minimum $750 purchase)",GET STARTED,homepage,True,Botox|Dysport|Xeomin|Dermal Fillers|BBL HERO Laser Facial|MOXI Laser Resurfacing|BBL + MOXI Combination Treatment|FOREVER CLEAR BBL Acne Treatment|Laser Hair Removal|Morpheus8|Plasma Therapy|Chemical Peels|Microneedling|Dermaplaning|HydraFacial|SkinBetter Science Skincare Products,"Refresh Your Look, Restore Your Confidence. Free $250 Gift Card for New Clients. Choose from: $100 off Laser Facial • $100 off Filler • $50 off Botox. *Minimum purchase of $750 required. Not combinable with other offers."
https://www.haussalon.com/,False,robots.txt fetch failed: connect timeout,,,,,,,,,
https://promotion.serenitymedspa.com/laser-and-skin-rejuvenation,True,,https://promotion.serenitymedspa.com/laser-and-skin-rejuvenation,"REFRESH YOUR LOOK, LOVE YOUR SKIN!",GET UP TO $150 OFF,Up to $150 off laser and skin rejuvenation treatments; new patients only,CLAIM MY OFFER,offer_landing_page,True,BBL™|MOXI™|HALO™|Clear+Brilliant®|HydraFacial MD®|RF Microneedling|Ultherapy®|DiamondGlow®,"Refresh your look, love your skin with up to $150 off laser and skin rejuvenation treatments at Serenity Aesthetics & Wellness. Featured treatments reduce fine lines, wrinkles, pore size, stretch marks, acne scars and more. Locations in San Francisco and Burlingame, CA."
https://docs.google.com/forms/d/e/1FAIpQLSexyAKjCf5iEOKYg7bIO0ZOeg5olqDlHJNra2cGh2HIanh4fA/viewform,True,,https://docs.google.com/forms/d/e/1FAIpQLSexyAKjCf5iEOKYg7bIO0ZOeg5olqDlHJNra2cGh2HIanh4fA/viewform,Elevate Your Look: Mini Skin & Eyelid Consultations and Educational Event,Discover What's Possible at Kalon Aesthetics & Surgery,"Sign up for a chance to win a Face and Neck MOXI Laser Treatment valued at $1,000. Schedule a FREE consultation.",Sign in to Google,contact_booking,True,Injectables|Lasers & Microneedling|Facials|Chemical Peels|Laser Hair Removal|Hair Restoration|Cosmetic Eyelid Surgery|MOXI Laser Treatment,"Ready to learn more about what can help you achieve your elevated look? Join Kalon Aesthetics & Surgery and Vance Thompson Vision on Wednesday, September 23 from 5:15–8:00 PM for a complimentary evening featuring mini skin & eyelid consultations and an educational aesthetics session—plus snacks, refreshments, giveaways and special product offers."
https://go.expressionsmd.com/moxi/,True,,https://go.expressionsmd.com/moxi/,"REDUCE FINE LINES, WRINKLES + SUN DAMAGE.","ACHIEVE A BRIGHTER, SMOOTHER + YOUTHFUL COMPLEXION.",$250 off a treatment,GET COUPON,treatment_page,True,Moxi Laser|Sciton Lasers|HERO™️|DiamondGlow facials|Waxing|Dermaplaning|Botox|Coolsculpting Elite,"Moxi laser is an advanced cosmetic treatment that is often used together to achieve optimal results in skin rejuvenation. The Moxi laser is a gentle fractional laser that helps to stimulate collagen production and improve the overall texture and tone of the skin. On the other hand, uses intense pulsed light to target pigmentation issues, reduce the appearance of fine lines and wrinkles, and even out skin tone."
https://cultaesthetics.zenoti.com/webstoreNew/services/7a280a95-1431-40ab-a409-4b572374d459,False,"page rendered only an error state ('Something went wrong!'), no usable content",,,,,,,,,
https://www.truglomedspa.com/landing-page-meta/,True,,https://www.truglomedspa.com/landing-page-meta/,Naples' Premier Medical Spa for Natural-Looking Results,"Led by a board-certified plastic surgeon and an internist, Tru Glō combines advanced aesthetic medicine — injectables, lasers, facials, and skin health — with luxurious, personalized care.",$50 Consultation Applied toward your first treatment,BOOK NOW,homepage,True,Botox|Dysport|Daxxify|Letybo|MINT PDO Threads|Juvederm|Restylane|Radiesse|Sculptra|Kybella|Revance RHA|Sciton BBL|Sciton Halo|Sciton ProFractional|Sciton Contour TRL|Sciton MOXI|Micro Laser Peel|Nano Laser Peel|Laser Hair Removal|HydraFacial MD|Microneedling|Secret RF|Sylfirm RF|Dermaplaning|Lightwave Therapy|Jet Plasma|PRX Derm Perfexion|Chemical Peel|HydroGlass Experience|CoolSculpting|HydraScalp|Sofwave Skin Tightening|VISIA Skin Scan|Massage Therapy|Permanent Makeup|Celluma Red Light Therapy,"NAPLES, FLORIDA'S PHYSICIAN-LED MEDSPA. Naples' Premier Medical Spa for Natural-Looking Results. Led by a board-certified plastic surgeon and an internist, Tru Glō combines advanced aesthetic medicine — injectables, lasers, facials, and skin health — with luxurious, personalized care. Every plan begins with a consultation in a comfortable, spa-like setting. Serving Naples since 2015 · Founded by Dr. Paul Gardner, MD, FACS & Dr. Diane Brzezinski, D.O. Private, no-pressure consultations."
https://www.kpaesthetics.com/laser-skin-resurfacing/,True,,https://www.kpaesthetics.com/laser-skin-resurfacing/,"Tribrid Laser Skin Resurfacing in Philadelphia, PA","Your skin tells the story of your life. Smiles, sun exposure, and everyday stress can leave behind fine lines, discoloration, dullness, and uneven texture.",$200 OFF Laser Skin Resurfacing,BOOK ONLINE,treatment_page,True,Tribrid Laser Skin Resurfacing|HALO|MOXI|Erbium Resurfacing|Botox/Dysport|Dermal Fillers|Lip Filler|HydraFacial|BBL/HALO Lasers|Microneedling|Chemical Peel|Kybella|Ultherapy|Sculptra|Facial Balancing|PRF Under-Eye|CoolSculpting Elite|CoolTone|IV Therapy|Sclerotherapy|Laser Hair Removal|Laser Vein Reduction,"Your skin tells the story of your life. Smiles, sun exposure, and everyday stress can leave behind fine lines, discoloration, dullness, and uneven texture. Until now, achieving real results often meant combining multiple treatments with separate downtime. Tribrid changes that. This advanced treatment combines three of the most trusted laser technologies, HALO®, MOXI™, and Erbium Resurfacing, into one powerful, customizable session."
https://faithsprout.store/products/66-page-bible-study-guide,True,,https://faithsprout.store/products/66-page-bible-study-guide,FaithSprout™ – The 66 Roots Journey,Understand all 66 books of the Bible more easily,"Summer Sale — 30% Off Sitewide | FREE Shipping On 2+ Books | Regular price $34.99, Sale price $49.99",Add to cart,offer_landing_page,False,,"Summer Sale — 30% Off Sitewide. FREE Shipping On 2+ Books. Bundle & Save — Best Value On 3+ Books. FaithSprout™ – The 66 Roots Journey. 4.9 (1,675 Reviews). Trusted by pastors, Bible study leaders, and thousands of believers. Regular price $34.99. SAVE 30% Sold out. Make sense of all 66 books of the Bible (39 OT + 27 NT) simply and clearly. Learn about key themes, symbols, imagery, and characters. Perfect for personal or group study."
https://w2a.cinerratv.com/,False,robots.txt fetch failed: HTTP 500,,,,,,,,,
https://drshahvira.perspectivefunnel.com/,False,no visible body content returned (metadata only),,,,,,,,,
https://bayareamedical.wellness-special.com/treatmentpage,True,,https://bayareamedical.wellness-special.com/treatmentpage,Turkey Neck Rescue Intro Treatment,"GET RID OF TURKEY NECK, LIFT YOUR FACE AND LOOK 10 YEARS YOUNGER WITHOUT SURGERY...",FOR ONLY $599 (Usually $1600),SECURE MY SPOT,offer_landing_page,True,Morpheus8 Radiofrequency Microneedling,"Turkey Neck Rescue Intro Treatment. GET RID OF TURKEY NECK, LIFT YOUR FACE AND LOOK 10 YEARS YOUNGER WITHOUT SURGERY... Our most popular NECK & FACE treatment... Skin tightening and lifting. Reduction of fine lines and wrinkles. Firming of loose and sagging skin. Improved jawline definition and contour. Smoother skin texture and tone. Collagen stimulation for long-term results. Incredible first-time visitors introductory offer for a Limited time only! FOR ONLY $599 (Usually $1600)"
https://aesthetics-by-alyssa.com/morpheus-microneedling,True,,https://aesthetics-by-alyssa.com/morpheus-microneedling,Morpheus RF Microneedling - ONLY $399,The Non-Surgical Neck Lift Doctors Actually Recommend,"$399 (normally $750), limited to 10 new clients",SUBMIT,offer_landing_page,True,Morpheus RF Microneedling|Microneedling|808nm diode laser|Face-lift facial,Morpheus RF Microneedling - ONLY $399 (normally $750). Limited to only 10 NEW CLIENTS who claim this offer! What are the benefits? ✔ Reduce Double Chin ✔ Firm Neck Skin ✔ Lift Saggy Jowls ✔ FDA approved ✔ #1 provider-trusted skin tightening treatment
https://www.offer-agelesscenter.com/30-lift,True,,https://www.offer-agelesscenter.com/30-lift,LIMITED TIME OFFER,30% OFF NON-SURGICAL FACELIFT,30% OFF Non-Surgical Facelift,CLAIM THIS OFFER,offer_landing_page,True,Non-Surgical Facelift|The Trifecta|BBL®|MOXI®|Morpheus8®|Botox®,"LIMITED TIME OFFER. 30% OFF NON-SURGICAL FACELIFT. The Future Of Non-Surgical Facial Rejuvenation. For a limited time, we are offering 30% OFF Non-Surgical Facelift. Tap below to claim this offer before it's too late!"
https://skintightmedicalspapromo.com/750offmorpheus8,True,,https://skintightmedicalspapromo.com/750offmorpheus8,$750 OFF Morpheus8 Skin Tightening Program - SAME DAY TREATMENT AVAILABLE,Enter Your Details Below,$750 OFF Morpheus8 Skin Tightening Program,Claim This Special Offer!,offer_landing_page,True,Morpheus8|Laser hair removal|Botox,"$750 OFF Morpheus8 Skin Tightening Program - SAME DAY TREATMENT AVAILABLE Enter Your Details Below What is your preferred treatment location Acton Newton Natick I agree to terms & conditions provided by the company. By providing my phone number, I agree to receive text messages from the business regarding this promotion and future promotions via sms, calls and or email. Reply STOP at anytime to unsubscribe from sms and marketing materials"
https://clinicspecialpromos.com/opt-in-petra-ultra-lift-special,True,,https://clinicspecialpromos.com/opt-in-petra-ultra-lift-special,A Fresh New You—One Self-Care Step at a Time!,"Enjoy the benefits of a new you for just a fraction of the price, without the pain or downtime.",Ultra Lift Special Treatment for $349 DOWN from $700. Limited to 15 Spots this Month. 60% DISCOUNT,CLAIM YOUR 60% DISCOUNT COUPON,offer_landing_page,True,Morpheus8 RF Microneedling|Ultra Lift Special Treatment,"A Fresh New You—One Self-Care Step at a Time! Enjoy the benefits of a new you for just a fraction of the price, without the pain or downtime. Claim our Ultra Lift Special Treatment for just $349 DOWN from $700. Limited to 15 Spots this Month."
https://offer.spaoneutah.com/optin,True,,https://offer.spaoneutah.com/optin,"Every Day You Wait, Your Skin Is *Getting Harder to Fix*",Those dark patches aren't fading. The acne scars aren't smoothing out.,Free 15-minute consultation,Book Your Free Consultation,homepage,True,Morpheus8|Tixel|Microneedling|IPL Photofacial|Chemical Peels|Wrinkle Relaxers,"Those dark patches aren't fading. The acne scars aren't smoothing out. The fine lines you noticed last year? They're deeper now. And every morning you spend covering it up is another morning you're reminded that the creams, the serums, the TikTok routines — none of it is working. Here's what nobody tells you: the longer you wait, the more treatments it takes, the more it costs, and the further you get from the skin you're trying to get back to. Women across Davis County are done waiting. They're walking into Spa One, sitting down for a free 15-minute consultation, and finally getting a real pl"
https://www.ortaclinic.com/en,True,,https://www.ortaclinic.com/en,So that your beauty can be reborn. Orta Clinic,Orta Clinic — where your beauty is reborn.,,Make a reservation,homepage,False,Botox/Contouring Injection|Elasticity/Lifting|Skin Booster|Skin Care/Peeling|Acne/Scars/Pores|Filler/Silhouette Lifting|Freckles/Whitening/Redness|Mole/Tattoo Removal|Diet/IV Therapy/Vaccines|Hair Removal|Wedding Package|One-Day Package|Rejuran|Ulthera|Onda,"So that your beauty can be reborn. Orta Clinic company name Orta Clinic (New Building) address 6th, 7th floor of Nam Seoul Building Gangnam-daero 447, Seocho-gu, Seoul phone 0262519755 ceo Hyun-sun Kang Business registration number 5521302722"
https://go.evexiamedspa.com/morpheus-8/,True,,https://go.evexiamedspa.com/morpheus-8/,Morpheus8,Restore Youthful Skin with Advanced RF Microneedling,$500 Off Morpheus8 (New Client Special),GET OFFER,treatment_page,True,Morpheus8|Emsculpt Neo|Botox|Solaria Co2 Laser Resurfacing|QuantumRF Skin Tightening & Contouring|Emface|EXION|HydraFacial|Dermal Filler|RF Microneedling,"Morpheus8 is an FDA-cleared treatment that combines microneedling with radiofrequency energy to remodel skin at a deeper level. Backed by clinical studies, this advanced technology has been shown to reduce wrinkles, tighten skin, improve acne scars, and restore a smoother, more youthful appearance."
https://monpetitsalonetspa.clinicexclusives.com/double-chin,True,,https://monpetitsalonetspa.clinicexclusives.com/double-chin,A More Defined Jawline. Without Surgery.,"Discover Morpheus8 RF, designed to support firmer-looking skin, improve lower-face contour, and create a more defined-looking jawline—with personalized care at Mon Petit Salon et Spa Médical.",$399 $699 Value Double Chin Rescue Package,CLAIM MY $399 DOUBLE CHIN RESCUE,offer_landing_page,True,Morpheus8 RF|Red Light Therapy|Plant-Based Exosomes|Morpheus Microneedling|CO2|Daxxify,"⚡ LOVELAND & SURROUNDING AREAS — 15 PROMOTIONAL SPOTS AVAILABLE A More Defined Jawline. Without Surgery. Discover Morpheus8 RF, designed to support firmer-looking skin, improve lower-face contour, and create a more defined-looking jawline—with personalized care at Mon Petit Salon et Spa Médical. $399 $699 Value Double Chin Rescue Package"
https://austin.microneedling.promo/,True,,https://austin.microneedling.promo/,Try Morpheus 8 for $499,ONLY 9 Vouchers Left!,$499 treatment price with voucher; 50% off discount mentioned,Claim This Special Offer!,offer_landing_page,True,Morpheus 8|Morpheus8 RF,"ONLY 9 Vouchers Left! Try Morpheus 8 for $499. STEP 1 - Choose areas of concern. STEP 2 - Enter your details below. Fill Out The Form Below To Claim This Deal: Face, Neck, Double chin, Jawline, Eyes, Forehead, Cheeks, Other Area."
https://bradenton.microneedling.promo/,True,,https://bradenton.microneedling.promo/,ONLY 13 Vouchers Left!,50% Off Morpheus8 RF + Free Consultation,50% Off Morpheus8 RF + Free Consultation,Claim This Special Offer!,offer_landing_page,True,Morpheus8 RF|Robotic Microneedling + Radio Frequency Treatment,ONLY 13 Vouchers Left! at Vive Aesthetics - Bradenton 50% Off Morpheus8 RF + Free Consultation STEP 1 - Choose areas of concern STEP 2 - Enter your details below Fill Out The Form Below To Claim This Deal: Face Neck Jawline Eyes Forehead Cheeks Other Area Claim This Special Offer! Thousands Of Happy Patients!
https://greenleafmedispa.com/booking/,True,,https://greenleafmedispa.com/booking/,Booking,Contact information,,Make a 1st choice,contact_booking,True,PDRN Skin Booster Facial|RF Microneedling with Exosomes|RF Microneedling|Medi Facial|Laser Hair Removal|IPL Photorejuvenation|Microdermabrasion|Waxing Hair Removal|Micro-Nano-Needling|Dermaplaning|Intimate Skin Lightening|HydraFacial|HIFU|RF Face Lifting|Skin Peel Treatments|MesotoxJet Pro Hydroporation Facial|Chemical Peel|Hollywood Carbon laser peels|BB Glow Treatment|Pink Glow Treatment|Matrigen Bio Microneedling,Booking Contact information Please leave this field empty. Name Email Phone Choose your services Make a 1st choice
https://www.facebook.com/109660320723875,False,disallowed by robots.txt,,,,,,,,,
https://boone.exion.promo/,True,,https://boone.exion.promo/,*ONLY 13 Vouchers Left!*,at Brio Esthetics & Wellness (Boone),50% Off Exion™ RF Microneedling + Free Consultation,Claim This Special Offer!,offer_landing_page,True,Exion™ RF Microneedling|Radio Frequency Treatment,"50% Off Exion™ RF Microneedling + Free Consultation. STEP 1 - Choose areas of concern. STEP 2 - Enter your details below. Fill Out The Form Below To Claim This Deal: Full Face, Double Chin, Jawline, Baggy Eyes, Crows Feet, Frown Lines, Smile Lines, Other Concerns."
https://jacksonville.exion.promo/,True,,https://jacksonville.exion.promo/,ONLY 13 Vouchers Left!,50% Off Exion™ RF Microneedling + Free Consultation,50% Off Exion™ RF Microneedling + Free Consultation,Claim This Special Offer!,offer_landing_page,True,Exion™ RF Microneedling|Radio Frequency Microneedling,"ONLY 13 Vouchers Left! at Jax Aesthetics Center - Jacksonville. 50% Off Exion™ RF Microneedling + Free Consultation. STEP 1 - Choose areas of concern. STEP 2 - Enter your details below. Fill Out The Form Below To Claim This Deal: Full Face, Double Chin, Jawline, Baggy Eyes, Crows Feet, Frown Lines, Smile Lines, Other Concerns."
https://clinicspecialpromos.com/opt-in-me-time-non-surgical-facelift,True,,https://clinicspecialpromos.com/opt-in-me-time-non-surgical-facelift,A Fresh New You—One Self-Care Step at a Time!,"Enjoy the benefits of a new you for just a fraction of the price, without the pain or downtime.",Non Surgical Facelift Treatment for $347 DOWN from $1350. Limited to 15 Spots this Month.,CLAIM YOUR 60% DISCOUNT COUPON,offer_landing_page,True,Non Surgical Facelift Treatment|RF Microneedling|Potenza RF Microneedling|Laser|LED Therapy|Hydrating Face Mask,"Enjoy the benefits of a new you for just a fraction of the price, without the pain or downtime. Claim our Non Surgical Facelift Treatment for just $347 DOWN from $1350. Limited to 15 Spots this Month."
https://denver.exion.promo/,True,,https://denver.exion.promo/,Limited Time Offer,up to 50% Off Exion™ RF Microneedling + Free Consultation,up to 50% Off Exion™ RF Microneedling + Free Consultation,Claim This Special Offer!,offer_landing_page,True,Exion™ RF Microneedling|Radio Frequency Microneedling,Limited Time Offer at Aria Integrative Health - Denver up to 50% Off Exion™ RF Microneedling + Free Consultation STEP 1 - Choose areas of concern STEP 2 - Enter your details below Fill Out The Form Below To Claim This Deal: Full Face Double Chin Jawline Baggy Eyes Crows Feet Frown Lines Smile Lines Other Concerns
https://pinehurst.exion.promo/,True,,https://pinehurst.exion.promo/,ONLY 13 Vouchers Left!,50% Off Exion™ RF Microneedling + Free Consultation,50% Off Exion™ RF Microneedling + Free Consultation,Claim This Special Offer!,offer_landing_page,True,Exion™ RF Microneedling,Offer Ends In: ONLY 13 Vouchers Left! at Aesthetics by VIP - Pinehurst 50% Off Exion™ RF Microneedling + Free Consultation STEP 1 - Choose areas of concern STEP 2 - Enter your details below Fill Out The Form Below To Claim This Deal: Full Face Double Chin Jawline Baggy Eyes Crows Feet Frown Lines Smile Lines Other Concerns Claim This Special Offer! Thousands Of Happy Patients!
https://rf-microneedling.net/,True,,https://rf-microneedling.net/,Regenerate Aging Skin In Just 30 Minutes!,All Natural Treatment. All Natural Results.,LIMITED TIME OFFER – FILL OUT THIS FORM & Get up to 50% Off!,FILL OUT THE FORM on this page to start you consultation,offer_landing_page,True,Exion™ RF Microneedling|Robotic Microneedling + Radio Frequency Treatment,"Regenerate Aging Skin In Just 30 Minutes! All Natural Treatment. All Natural Results. Let's Face It! You want to look your best at any age—not over-filled and over-stretched, just naturally youthful. Inevitably, fine lines and wrinkles set in, and skin laxity declines… And now, there's a simple, minimally-invasive treatment to naturally regenerate aging skin and still have you out to dinner that same night! Experience EXION™ RF. Experience The Results!"
https://fayetteville.microneedling.promo/,True,,https://fayetteville.microneedling.promo/,ONLY 13 Vouchers Left!,50% Off VIVACE™ RF Microneedling + Free Consultation,50% Off VIVACE™ RF Microneedling + Free Consultation,Claim This Special Offer!,offer_landing_page,True,VIVACE™ RF Microneedling|Radio Frequency Microneedling,"ONLY 13 Vouchers Left! at NWA Lasers and Healthcare - Fayetteville. 50% Off VIVACE™ RF Microneedling + Free Consultation. STEP 1 - Choose areas of concern. STEP 2 - Enter your details below. Fill Out The Form Below To Claim This Deal: Full Face, Double Chin, Jawline, Baggy Eyes, Crows Feet, Frown Lines, Smile Lines, Other Concerns."
https://tires.bridgestone.com/en-us/tires/automotive/potenza/sport-as/,True,,https://tires.bridgestone.com/en-us/tires/automotive/potenza/sport-as/,Potenza Sport AS,Performance vehicles are meant to be driven—not sheltered from the elements.,,Find My Tire,other,False,,"Performance vehicles are meant to be driven—not sheltered from the elements. Engineered to deliver spirited performance in the rain thanks to a redesigned tread pattern and Bridgestone's ENLITEN™ technology, plus assured handling in sun and light snow, it's the all-season UHP for nearly every journey."
https://wf.renovio.tech/link/splt_c0644d2c284548a7b582563640366f90,False,no visible body content returned (metadata only),,,,,,,,,
https://center4plasticsurgery.clinicpromotion.com/,True,,https://center4plasticsurgery.clinicpromotion.com/,Erase 5-10 Years Of Aging Without Surgery,Our exclusive Potenza Non-Surgical Facelift is just $549 down from $800,$549 DOWN from $800 | Limited to 10 spots this month,CLAIM MY SPECIAL PROMOTION NOW!,offer_landing_page,True,Potenza Non-Surgical Facelift|Potenza Micro-Needling Treatment|Full Face Potenza Micro-Needling Treatment|Jowls Potenza Micro-Needling Treatment,"Our Location: 501 Darby creek rd, suite 59, Lexington, Kentucky 40509. Have A Question? (859) 554 0873. RATED 5 STARS | TRUSTED BY Lexington Locals. Erase 5-10 Years Of Aging Without Surgery. Our exclusive Potenza Non-Surgical Facelift Is Just $549 DOWN from $800! Limited to 10 spots this month. Fill Out The Form Below To Inquire."
https://newimagemedicalspa.clinicexclusives.com/non-surgical-facelift-optin,True,,https://newimagemedicalspa.clinicexclusives.com/non-surgical-facelift-optin,"Achieve a Dramatically Lifted, Youthful Appearance in 60 Minutes—Without Surgery","Experience professional skin tightening and rejuvenation with cutting-edge Potenza RF technology. Zero downtime—walk in, walk out refreshed and glowing.","$399 Regularly $1,000 Non-Surgical Facelift Special - Only 12 Spots Available",CLAIM YOUR Non-Surgical Facelift NOW,offer_landing_page,True,Potenza RF Treatment|Non-Surgical Facelift|Skin Analysis Consultation|Recovery Face Mask,"⚡ ONLY FOR THE FIRST 12 PEOPLE WHO CLAIM IT — OFFER ENDS SOON. Potenza RF Technology · Fremont, CA. Achieve a Dramatically Lifted, Youthful Appearance in 60 Minutes—Without Surgery. Experience professional skin tightening and rejuvenation with cutting-edge Potenza RF technology. Zero downtime—walk in, walk out refreshed and glowing. $399 Regularly $1,000 Non-Surgical Facelift Special."
https://www.offer-cointegrativehealth.com/30-sofwave,True,,https://www.offer-cointegrativehealth.com/30-sofwave,TIGHTER SKIN WITHOUT SURGERY: MODERN SKIN TIGHTENING WITH SOFWAVE,"For a limited time, we are offering 30% OFF Sofwave Skin Tightening",30% OFF Sofwave Skin Tightening - Face and neck. First treatment only.,CLAIM THIS OFFER,offer_landing_page,True,Sofwave Skin Tightening|Botox,"TIGHTER SKIN WITHOUT SURGERY: MODERN SKIN TIGHTENING WITH SOFWAVE. For a limited time, we are offering 30% OFF Sofwave Skin Tightening. Face and neck. First treatment only. Tap below to claim this limited offer before it's too late! Most people don't realize that after age 30, collagen production declines every year. As collagen breaks down, skin begins to lose firmness, elasticity, and lift."
https://radiantlabsd.com/sofwave-special-offer/,True,,https://radiantlabsd.com/sofwave-special-offer/,$500 Off Sofwave™ in San Diego - The Zero Downtime Facelift,"FDA-cleared ultrasound treatment that lifts, tightens, and refreshes your look - without injectables or surgery.",$500 Off Your First Sofwave™ Treatment,Book Now,offer_landing_page,True,Sofwave™|Zero downtime micro facelift|Sofwave™ Skin Tightening,"Recognized as San Diego's Top Sofwave Provider. 100+ Google Reviews. Claim $500 Off Your First Sofwave Treatment. FDA-cleared ultrasound treatment that lifts, tightens, and refreshes your look - without injectables or surgery. Clinician-supervised, with visible results after just one session."
https://lilivyevents.com/,False,no visible body content returned (metadata and pixel tag only),,,,,,,,,
https://glowright.co/pages/why-halo-lux,True,,https://glowright.co/pages/why-halo-lux,From plain to polished. In 2 minutes.,"💡 Two lights in one · 🔋 10,400mAh battery",Free & Fast Worldwide Shipping | Try It Risk-Free | 30-Day Risk-Free,BUY,homepage,True,Smart+ Halo Lux|Smart+ Everywhere Light|Smart+ Pro COB Lightstrip|Smart+ Hand Sensor|Smart+ Motion Sensor|Smart+ Door Sensor,"From plain to polished. In 2 minutes. 💡 Two lights in one · 🔋 10,400mAh battery. 5 Reasons This Light Redesigns Every Corner of Your Home: From plain to polished in seconds, Two lights in one: cozy or bold, Smart, hands-free glow, Gallery-level lighting quality, No knockoffs, just excellence."
https://www.daelacosmetictattoo.com/portland/services/laser-skin-treatments/,True,,https://www.daelacosmetictattoo.com/portland/services/laser-skin-treatments/,Laser Skin Treatments at DAELA Portland,"Reveal clearer, brighter skin with minimal downtime and maximum comfort!",50% off your first single session,Book Now,treatment_page,True,PicoWay® laser skin treatments|Laser facials|Picoway Resolve|Laser Skin Treatment|Microneedling|Laser Tattoo Removal|Laser PMU Removal,"Laser Skin Treatments at DAELA Portland. Reveal clearer, brighter skin with minimal downtime and maximum comfort! Are you looking to fade brown spots, sun damage, age spots, acne scars, or even out skin tone, without surgery or long recovery? At DAELA Portland, our PicoWay® laser skin treatments deliver smoother, rejuvenated skin in short, comfortable sessions."
https://shopcsps.com/pages/offers,True,,https://shopcsps.com/pages/offers,LASER MONTH — SAVE UP TO 20%,"Save on BBL, MOXI and HALO during Laser Month, plus a special TRIBRID offer. September 1–30","10% off one laser treatment, 15% off three laser treatments, 20% off five or more laser treatments. TRIBRID: purchase Face or Chest and add Neck or Hands on us, up to $1,100 value.",Add to Cart,offer_landing_page,False,BBL|MOXI|HALO|TRIBRID|Microneedling|HydraFacial,"Broadband Light (BBL) uses light therapy to target pigmentation, redness, and sun damage, helping restore a brighter, more even complexion. All laser treatments require a consultation to confirm candidacy. MOXI is a gentle resurfacing laser used to brighten, refresh, and maintain healthy skin, making it a favorite for prevention and routine maintenance. HALO is a hybrid fractional resurfacing treatment that improves texture, pores, fine lines, and acne scars, resurfacing and renewing the skin."
http://instagram.com/omnisculptmd,False,disallowed by robots.txt,,,,,,,,,
http://instagram.com/eterna_beauty_wellness,False,disallowed by robots.txt,,,,,,,,,
https://instagram.com/drpauljarrodfrank,False,disallowed by robots.txt,,,,,,,,,
https://spa.facebeautyscience.com/ultraclear-laser-fblp,False,no visible body content returned (metadata only),,,,,,,,,
https://www.special-freyaslaserbodysculpting.com/50-pladuopro,True,,https://www.special-freyaslaserbodysculpting.com/50-pladuopro,LIMITED TIME OFFER,50% OFF ADVANCED SKIN RESURFACING,50% OFF PLADUOpro Dual Gas Plasma Skin Resurfacing,CLAIM THIS OFFER,offer_landing_page,True,PLADUOpro|Dual Gas Plasma Skin Resurfacing|Advanced Plasma Skin Resurfacing|Botox,"LIMITED TIME OFFER. 50% OFF ADVANCED SKIN RESURFACING. NEXT LEVEL SKIN REGENERATION. For a limited time, we are offering: 50% OFF PLADUOpro. Dual Gas Plasma Skin Resurfacing. Tap below to claim this offer before it's too late! First treatment only."
https://www.praxisstudio.co/manejo-avanzado-de-region-periocular-con-laser-co2-new/,True,,https://www.praxisstudio.co/manejo-avanzado-de-region-periocular-con-laser-co2-new/,MANEJO AVANZADO DE REGIÓN PERIOCULAR CON LÁSER CO2,¿Quieres un protocolo avanzado para tratar la zona periocular con láser CO2 de forma precisa y segura?,50% descuento BLACK NOVEMBER - $14.5 dólares,COMPRAR MANEJO AVANZADO DE REGIÓN PERIOCULAR CON LÁSER CO2 - 14.5 dolares,offer_landing_page,False,Láser CO2|Tratamiento periocular con láser CO2|Ácido hialurónico|Bioestimuladores,"La zona periocular es una de las primeras en mostrar signos de envejecimiento, y cada vez más pacientes buscan soluciones efectivas, seguras y mínimamente invasivas para rejuvenecer su mirada. Dominar el uso del láser CO2 en esta área te posiciona como un referente en tratamientos de alto impacto y precisión."
https://www.offer-coastalaesthetic.com/250-credit,True,,https://www.offer-coastalaesthetic.com/250-credit,Turn Back Time & Transform Your Skin Without Surgery!,$250 FREE Rejuvenation Credit,$250 FREE Rejuvenation Credit - Limited offer for new treatment plans,SECURE THIS OFFER,offer_landing_page,True,CO2 Laser|Density Skin Tightening|Opus Plasma|RF Microneedling + Erbium|Wrinkle Relaxers|Dermal Fillers|Laser Hair Removal|Hair Restoration|Body Sculpting|Botox,"Turn Back Time & Transform Your Skin Without Surgery! $250 FREE Rejuvenation Credit. Rejuvenation Credits are limited! Enter your information below to secure this online exclusive offer: Who are we saving this offer for? Full Name Email Phone SECURE THIS OFFER By submitting your information, I consent to receive calls and text messages from Coastal Aesthetics at the phone number and email address provided. Our Privacy Policy and Terms & Conditions apply. *Minimum purchase required. Valid towards a new treatment plan."
https://www.clearandbrilliant.com/,True,,https://www.clearandbrilliant.com/,GET GLOWING,"Step up your skincare with simple, affordable next-level radiance.",,SEE RESULTS,homepage,False,Clear + Brilliant Touch|Thermage|Fraxel|VASERlipo,"GET GLOWING Step up your skincare with simple, affordable next-level radiance. MODELS GET STARTED WHAT CAN CLEAR + BRILLIANT® TOUCH DO FOR YOU? Clear + Brilliant Touch helps address early signs of aging and dullness by creating microscopic treatment zones that replace damaged skin with healthy-looking tissue."
https://newmancmpynewguestoffers.com/bblmoxi,True,,https://newmancmpynewguestoffers.com/bblmoxi,"BBL + Moxi: The Future of Anti-Aging Is Here—No Surgery, Just Results.",Safe & EFFECTIVE,"Buy One, Get One Free Any Area",Claim Offer Now,offer_landing_page,True,BBL + Moxi|BBL HERO|MOXI Laser|Morpheus8,"New Guest Offer. The Ultimate Skin Rejuvenation Duo. Morpheus8. Buy One, Get One Free. BBL + Moxi: The Future of Anti-Aging Is Here—No Surgery, Just Results. Safe & EFFECTIVE. Relied upon by professionals for its proven effectiveness, offering visible results while minimizing any associated risks, ensuring you get the best possible outcome with confidence."
https://medspa.clinicalcare365.com/,True,,https://medspa.clinicalcare365.com/,Award-winning medical aesthetics practice,5-Star Luxury Medical Aesthetic Practice bringing you the latest techniques and cutting-edge science to ensure your beauty continues to defy aging.,Free consultation,Free consultation,homepage,True,Botox|Filler|Morpheus 8|PRF/PRP|Kybella|Sculptra|Skinvive|PMU (Lip or Brows)|Laser Hair Removal|Laser skin rejuvenation|Vaginal Rejuvenation|HIFES Face lifting|HIFEM Body Contouring|VI Peel|Japanese Head Spa,"Award-winning medical aesthetics practice. 5-Star Luxury Medical Aesthetic Practice bringing you the latest techniques and cutting-edge science to ensure your beauty continues to defy aging. At Elegant Aesthetics™, you can truly sculpt the look you have always desired. We have won 7 awards, including the title of Best Medical Spa in Parker by Best of the Best."
https://www.skyn417.com/services-1,False,robots.txt fetch failed: connect timeout,,,,,,,,,
https://coolpromo.genesislifestylemedicine.com/morpheus8grapevine,True,,https://coolpromo.genesislifestylemedicine.com/morpheus8grapevine,A Locally-Owned Morpheus8 Provider,"Grapevine, TX",Get $500 Off Morpheus8 RF Microneedling!,Claim your coupon now,offer_landing_page,True,Morpheus8|Radio Frequency Microneedling|Morpheus8 RF Microneedling|fractional laser,"A Locally-Owned Morpheus8 Provider Grapevine, TX Get $500 Off Morpheus8 RF Microneedling! At Genesis in Grapevine, Texas For a limited time, Genesis Lifestyle Medicine is offering $500 Off Morpheus8 Radio Frequency Microneedling! Morpheus8 combines the regenerative power of radio frequency energy with microneedling to naturally tighten and smooth your skin. With our master team's experience from thousands of cutting-edge aesthetic treatments, you can count on exceptional results. Claim your coupon now, then come in for a FREE consultation to see why Morpheus8 is a staff-favorite procedure for "
https://www.integratedaesthetics.com/medspa/skin-tightening/sofwave/,True,,https://www.integratedaesthetics.com/medspa/skin-tightening/sofwave/,Sofwave,Love Your Contoured Look with Sofwave,"Starting At: $2,000",Request a Consultation,treatment_page,True,Sofwave|Ultherapy|Morpheus8|Dermal Fillers|Wrinkle Relaxers|Medical Grade Skincare|Body contouring|Body lift|Tummy tuck,"Sofwave is an exciting and advanced solution to fine lines, wrinkles, and submental fullness, which refers to excess fat on the chin and jawline. Sofwave is one of the only skin lifting and tightening treatments that has zero downtime and minimal discomfort. Our bodies all respond in different ways to the aging process, and you're certainly not alone if you have found yourself experiencing the onset of fine lines, facial wrinkles, or a frustratingly ""full"" look under your chin and along your jawline."
https://coolpromo.dermatouchrn.com/laser-skin-houston,True,,https://coolpromo.dermatouchrn.com/laser-skin-houston,20% Off Your First Sofwave® Treatment,Top-Rated Medical Spa in Houston & San Antonio · Non-Surgical Ultrasound Lift and Skin Tightening!,20% off your first Sofwave® treatment for new patients only,Claim This Offer,offer_landing_page,True,Sofwave|RF Microneedling|Broadband Light|Halo Laser|Moxi Laser|SkinPen|Vivace|Sciton,"State-Of-The-Art Aesthetic and Wellness Center. 20% Off Your First Sofwave® Treatment. Top-Rated Medical Spa in Houston & San Antonio. Non-Surgical Ultrasound Lift and Skin Tightening! Non-Surgical, Ultrasound Facial Lifting and Skin Tightening. Get This Offer By The End Of This Month!"
https://laserfacial.skinlaundry.com/50,True,,https://laserfacial.skinlaundry.com/50,,,$75 when you sign up for a Laundry Club membership,Checkout,offer_landing_page,False,Signature Laser facial,"Your Shopping Bag. Your shopping bag is empty. Subtotal $0. Shipping, taxes, and discounts will be calculated at checkout."
https://coolpromo.neoskincenter.com/halobbl,True,,https://coolpromo.neoskincenter.com/halobbl,NORTHEAST OHIO'S PREMIER LUXURY MEDICAL SPA,"Experience the NEOSkin Difference | Hudson, OH",Get up to $300 Off ANY Laser Service,Fill out the form at the bottom of this page to redeem our special offer,offer_landing_page,True,HALO|BBL HERO|MOXI|Laser Hair Removal|ClearSilk|Clear V|UltraClear Laser|Botox|Dermal Fillers|Emsculpt|CoolSculpting Elite,Get up to $300 Off ANY Laser Service! Visit Us Today and Receive $300 OFF ANY Laser Service! Up to HALO™ · BBL HERO® · MOXI™ · LASER HAIR REMOVAL · CLEARSILK™ · CLEAR V® · ULTRACLEAR® LASER We offer complimentary consultations with all laser treatments!
https://coolpromo.neoskincenter.com/estheticianpromo,True,,https://coolpromo.neoskincenter.com/estheticianpromo,WELCOME TO,NORTHEAST OHIO'S PREMIER LUXURY MEDICAL SPA,$50 Off ANY Esthetic Service,Get This Offer By The End Of This Month!,offer_landing_page,True,Facials|Chemical Peels|Diamond Glow|Jet Peel Pro|Dermaplaning|ZO Express Peel|ZO 3 Step Peel|Dermaplaning Plus ZO Enzymatic Peel|NEOSkin Signature Peel,Get $50 Off ANY Esthetic Service!* Visit Us Today and Receive $50 OFF ANY Esthetic Service! FACIALS · CHEMICAL PEELS · DIAMOND GLOW® · JET PEEL PRO · DERMAPLANING · & MORE Complimentary consultations are offered with all esthetic treatments.
https://go.newskin.com/halo/,True,,https://go.newskin.com/halo/,Erase years of sun damage and restore radiance with the Halo Laser,"Discover A Sanctuary of Beauty & Innovation at the #1 Medspa & Plastic Surgery Center in Bellevue, Washington",Free BBL or ClearSilk laser add on ($400 savings) with Halo Laser treatment for new clients,BOOK NOW,treatment_page,True,Halo Laser|Botox|Dermal Fillers|HydraFacial|Morpheus8|Microneedling|CO₂ Resurfacing|CoolPeel|Collagen 401K|Laser Facial|PRF EZ Gel|Sculptra|Facial Balancing|Facelift|Rhinoplasty|Mommy Makeover|Blepharoplasty|Necklift|Liposuction|Laser Hair Removal|Red Light Therapy|PDO Threads|BBL|ClearSilk laser|Plasma treatments,"At NewSkin™, we are dedicated to helping you achieve the radiant, youthful appearance you've always desired. Our state-of-the-art medical spa combines luxury with cutting-edge aesthetic technology, offering a wide range of surgical and non-surgical services designed to enhance your natural beauty."
http://instagram.com/evelift_official,False,Disallowed by robots.txt,,,,,,,,,
https://instagram.com/evelift_official,False,Disallowed by robots.txt,,,,,,,,,
http://instagram.com/spajolienyc,False,Disallowed by robots.txt,,,,,,,,,
https://eternalwellnessmedicalspa.com/lp/helix-co2-laser/,True,,https://eternalwellnessmedicalspa.com/lp/helix-co2-laser/,Helix CO2 Laser,"Say goodbye to uneven texture and visible aging. At Eternal Wellness, we use the award-winning Helix CO2 Laser to customize your path to firmer, younger-looking skin.",20% OFF,BOOK APPOINTMENT,offer_landing_page,True,Helix CO2 Laser|CoolPeel|RF Microneedling|Fractional CO2 Laser|Microneedling|SULTRA|Injectables,"LIMITED TIME PROMOTION Helix CO2 Laser 20% OFF Say goodbye to uneven texture and visible aging. At Eternal Wellness, we use the award-winning Helix CO2 Laser to customize your path to firmer, younger-looking skin. BOOK APPOINTMENT What Makes Helix CO2 Laser Special? Discover the next generation of fractional CO2 resurfacing. The Helix system is the first of its kind to offer dual-wavelength technology, allowing us to provide highly customized treatments—from a light 'CoolPeel' refresh to deep dermal remodeling—to achieve your specific skin goals with less downtime and more precision than ever "
https://www.americanself.com/face/morpheus8,True,,https://www.americanself.com/face/morpheus8,Morpheus8,"Exclusively offered by Dr. Ruth L. Hillelson, Morpheus8 is a safe and effective treatment option that utilizes radiofrequency technology to give the face, neck, and body a youthful appearance.",,Request Your Consultation,treatment_page,True,Morpheus8|Thermage|Fractora|VoluDerm|PicoSure Laser Skin Rejuvenation|BBL Treatments|TIXEL Skin Resurfacing|Botox Cosmetics|Belotero|Juvederm|Kybella|Restylane|Chemical Peels|TriPollar RF|Body FX & Mini FX|CoolSculpting|EVOLVE|Cellulite Treatments|Spider Vein Therapy|Votiva Feminine Rejuvenation|Micro Dermabrasion|Facials|The Silk Peel|Waxing Treatments,"Exclusively offered by Dr. Ruth L. Hillelson, Morpheus8 is a safe and effective treatment option that utilizes radiofrequency technology to give the face, neck, and body a youthful appearance. Morpheus8 is an ideal treatment option for patients who would like to improve their facial appearance without undergoing laser or surgical procedures."
https://eyelidpros.rtrk.com/,True,,https://eyelidpros.com/?cid=5356012&scid=5104823&tc=178972532466007,COMPREHENSIVE OCULOPLASTIC SURGERY,The board-certified physicians of Consultants in Ophthalmic and Facial Plastic Surgery provide compassionate and comprehensive medical and surgical care of the delicate areas around the eyes.,,Schedule an Appointment,homepage,True,Upper Eyelid Blepharoplasty|Lower Eyelid Blepharoplasty|Forehead Lift/Eyebrow Lift|Wrinkles & Facial Aging|Droopy Upper Eyelids (Ptosis Repair)|Thyroid Eye Disease (Graves' Ophthalmopathy)|Eyelid Malposition – Entropion & Ectropion|Eyelid Reconstruction|Eyelid Lesions & Skin Cancer|Orbital Tumors & Fractures|Blocked Tear Ducts|Pediatrics|BOTOX® & Fillers|Skin Tightening with Fractional CO2 Laser,"The board-certified physicians of Consultants in Ophthalmic and Facial Plastic Surgery provide compassionate and comprehensive medical and surgical care of the delicate areas around the eyes. To stay connected with your healthcare team, access your personal information and health history, view upcoming appointments, and conveniently manage online bill payments, simply visit our Patient Portal today."
https://offer.agelessskinrejuvenation.com/397underyeyespecial,True,,https://offer.agelessskinrejuvenation.com/397underyeyespecial,SOLARIA CO₂ UNDER-EYE LASER SPECIAL,see results in just one treatment!,$397 treatment offer,Claim This Special Offer!,offer_landing_page,True,Solaria CO₂ Under-Eye Laser|CO₂ laser skin resurfacing,"SOLARIA CO₂ UNDER-EYE LASER SPECIAL. Enter your details below for this $397 treatment offer. I agree to terms & conditions provided by the company. By providing my phone number, I agree to receive text messages from the business. Claim This Special Offer! By submitting, you agree to receive SMS, calls or emails for the provided channel. Carrier rates may apply. Hundreds Of Happy Patients! What Can Our Solaria CO₂ Under-Eye Laser Treatment Help With? Refresh the Under-Eye Area—Gently and Precisely. The Solaria CO₂ laser is an advanced skin resurfacing treatment designed to improve overall skin "
https://www.medicalspapromos.com/hodag-hydro2-04-optin,True,,https://www.medicalspapromos.com/hodag-hydro2-04-optin,Free Medical Aesthetics Consultation,Are you on a mission to look and feel your best?,Free Body & Facial Rejuvenation Consultation + $100 Gift Voucher,GIVE ME MY GIFT VOUCHER>>,offer_landing_page,True,RF Microneedling|Facial Skin Resurfacing|IPL|Painless Laser Hair Removal|Laser Tattoo Removal,"Hey Northwoods Wisconsin... Are you on a mission to look and feel your best? Click The Button Below To Receive Your Free Body & Facial Rejuvenation Consultation + $100 Gift Voucher Good Towards Our Most Popular Body Contouring & Facial Rejuvenation Treatment Packages, Such As: RF Microneedling, Facial Skin Resurfacing, IPL, Painless Laser Hair Removal and Laser Tattoo Removal! These are non-invasive and can leave you looking naturally flawless!"
https://sofwave.com/patients,True,,https://sofwave.com/patients,Your Best Skin Starts Here: Lift. Tone. Restore.,Discover Sofwave™ and redefine your beauty standards.,,Contact Us,homepage,False,Sofwave|PureImpact VIP,"At Sofwave, we understand how overwhelming the world of beauty treatments can be. That's why we're dedicated to empowering you with the knowledge you need to make informed decisions. Experience the future of skincare with Sofwave and PureImpact VIP: cutting-edge, non-invasive treatments that effortlessly lift, tone, and improve skin laxity, all without needles or surgery, just remarkable results."
https://www.special-boutiquewellnessnc.com/40-laser,True,,https://www.special-boutiquewellnessnc.com/40-laser,"TARGET WRINKLES, SUN DAMAGE & UNEVEN SKIN TONE IN ONE POWERFUL TREATMENT",40% OFF Laser Facial Featuring our Advanced Nouvaderm Laser!!,40% OFF Laser Facial,CLAIM THIS LIMITED OFFER & Schedule Your Consultation,offer_landing_page,True,Advanced Laser Facial with Nouvaderm|Nouvaderm Laser|Nouvaderm Signature Laser Facial,"TARGET WRINKLES, SUN DAMAGE & UNEVEN SKIN TONE IN ONE POWERFUL TREATMENT 40% OFF Laser Facial Featuring our Advanced Nouvaderm Laser!! CLAIM THIS LIMITED OFFER & Schedule Your Consultation TARGET WRINKLES, SUN DAMAGE & UNEVEN SKIN TONE IN ONE POWERFUL TREATMENT For a limited time, Boutique Wellness NC is offering 40% OFF Laser Facial Featuring our Advanced Nouvaderm Laser!!"
https://nwmeaesthetics.myaestheticrecord.com/online-booking,False,Page returned only an HTML skeleton with no usable body content (JS-rendered booking app),,,,,,,,,
https://mymedspapromo.com/aestheticsundereyelaser,True,,https://mymedspapromo.com/aestheticsundereyelaser,LIMITED TIME OFFER!,"$297 Under-Eye Laser — No Fillers, No Downtime!",$297 Under-Eye Laser treatment with no fillers and no downtime,Claim This Special Offer!,offer_landing_page,True,CoolPeel® Under-Eye Laser|Hydra Facial|Laser Treatment,"LIMITED TIME OFFER! $297 Under-Eye Laser — No Fillers, No Downtime! Enter Your Details Below. I agree to terms & conditions provided by the company. By providing my phone number, I agree to receive text messages from the business. Claim This Special Offer! By submitting, you agree to receive SMS, calls or emails for the provided channel. Carrier rates may apply. Hundreds Of Happy Patients! What Can Our CoolPeel® Under-Eye Laser Treatment Help With? Refresh the Under-Eye Area—Gently and Precisely"
https://www.kryptonitelaserprofessionals.com/,True,,https://www.kryptonitelaserprofessionals.com/,Kryptonite Laser Professionals,Laser Tattoo Removal and Skin Resurfacing That Are Safe and Effective,Get a Free Consultation Today,Book an Appointment,homepage,False,Tattoo Removal|Laser Scar Revision|Laser Resurfacing|Carbon Laser Facial|Pain management and Booster Products|Pro-nox (nitrous oxide)|PFD Patch|Tensage 40 (Biopelle),"If you're looking for a safe and effective solution to tattoo removal, look no further than Kryptonite Laser Professionals. Our team of experienced professionals eliminates tattoos and skin imperfections of any size or color with tailored laser treatments that effectively remove any trace of the tattoo while being gentle on the skin."
https://www.offer-usaaesthetics.com/40-co2,True,,https://www.offer-usaaesthetics.com/40-co2,Turn Back Years of Skin Damage in WITH One Powerful Treatment,"For a limited time, we are offering 40% OFF Co2 Laser (Includes FREE Nitrous for Maximum Comfort!!)",40% OFF Co2 Laser with FREE Nitrous,SECURE THIS OFFER,offer_landing_page,True,CO2 Laser|Botox,"Turn Back Years of Skin Damage in WITH One Powerful Treatment. For a limited time, we are offering 40% OFF Co2 Laser (Includes FREE Nitrous for Maximum Comfort!!). Enter your information below to claim this offer before it's too late!"
https://www.cartessaaesthetics.com/explore-tetra-pro,True,,https://www.cartessaaesthetics.com/explore-tetra-pro,Award Winning CO2 Treatment and Device,"Patients of all ages are seeking fractional CO2 laser skin resurfacing. However, in today's fast-paced world, many desire results without the lengthy recovery time.",,Speak with a Representative,treatment_page,True,Tetra PRO|CoolPeel®|SmartXide Tetra PRO CO2|SmartXide Tetra|DOT CO2 Laser|DEKA CO2|DP & HP Multi-Pass Treatment|Sub-Z,"Patients of all ages are seeking fractional CO2 laser skin resurfacing. However, in today's fast-paced world, many desire results without the lengthy recovery time. Enter the Tetra PRO CO2 laser, boasting 40W of power and a wide range of skin resurfacing treatments, including the award-winning CoolPeel® treatment. Setting itself apart, Tetra PRO is the first CO2 laser to offer Moveo, an in-motion setting, for blended areas and faster-paced treatments."
https://alyneaesthetics.com/specials/,True,,https://alyneaesthetics.com/specials/,Specials,,"$10 Per Unit Botox (New Patients Only); Filler Buy One, Get One Free Save up to $850; Autumn Escape Facial $99 | 60 minutes",contact us to know more!,offer_landing_page,False,Botox|Filler|Autumn Escape Facial|Laser Resurfacing|XERF|Juvederm|Restylane|Neurotoxins|Dysport|Jeuveau|Sculptra|Laser Hair Removal|HydraFacial|VI Peel|Upneeq|NAD+ Injections|Microneedling|Klardie Skin Booster|PRF & EZ Gel|IV Treatments|Vitamin B12 Injections|Hair Restoration|Medical Weight Loss|Semaglutide|Tirzepatide,"botox $10 Per Unit (New Patients Only) A simple way to soften expression lines and refresh your look. New patients only. Medical eligibility required. Filler Buy One, Get One Free Save up to $850 Limited-time offer. Consultation required. Autumn Escape Facial $99 | 60 minutes Fall into your best skin ever with this limited luxury autumn treatment."
https://www.offer-agelessaffairs.com/30-co2,True,,https://www.offer-agelessaffairs.com/30-co2,Turn Back Years of Skin Damage WITH One Powerful Treatment,"For a limited time, we are offering 30% OFF Co2 Laser",30% OFF Co2 Laser,Secure This Limited Offer,offer_landing_page,True,Co2 Laser|Solaria CO2 Laser|Botox,"Turn Back Years of Skin Damage WITH One Powerful Treatment. For a limited time, we are offering 30% OFF Co2 Laser. Enter your information below to claim this offer before it's too late!"
https://philamedgroup.com/lp-coolpeel-550,True,,https://philamedgroup.com/lp-coolpeel-550,Real CO₂ resurfacing. Without the week of hiding.,The same fractional CO₂ technology Main Line plastic surgeons use — at our Northeast Philly clinic.,$550 per session + free exosome cooling mask,Book My CoolPeel Session,treatment_page,True,Tetra CO₂ CoolPeel|Fractional CO₂ resurfacing|SmartXide Tetra CO₂,"Real CO₂ resurfacing. Without the week of hiding. The same fractional CO₂ technology Main Line plastic surgeons use — at our Northeast Philly clinic. Smoother texture, brighter tone, refined pores, with just 1–2 days of mild redness. $550 per session. Includes a free exosome cooling mask."
https://regenesiswellnessmedspa.aestheticconnect.me/blepharoplasty,True,,https://regenesiswellnessmedspa.aestheticconnect.me/blepharoplasty,Eyelid Lift + FREE Periorbital Laser Resurfacing,"Refresh tired-looking eyes with a natural-looking eyelid lift — and enhance your results with a complimentary periorbital laser resurfacing upgrade, included for a limited time.",FREE Periorbital Laser Resurfacing upgrade (limited time),CLAIM MY FREE LASER UPGRADE,offer_landing_page,True,Eyelid Lift|Blepharoplasty|Periorbital Laser Resurfacing|Botox,"Refresh tired-looking eyes with a natural-looking eyelid lift — and enhance your results with a complimentary periorbital laser resurfacing upgrade, included for a limited time. The eye area is one of the first places to show aging. Loose skin, heaviness, and fine lines can make you look older, fatigued, or less vibrant than you feel."
https://chandlermedspa.beautyoffer.co/optin-2,True,,https://chandlermedspa.beautyoffer.co/optin-2,Rejuvenate & Glow Up,With Our Introductory Offer!,$800 Regular Price → $279 (65% OFF FOR A LIMITED TIME ONLY),Claim Offer,offer_landing_page,False,CoolPeel® CO2 Laser Skin Resurfacing|Plasma Quick Recovery Treatment|Microneedling|Laser Facial|Facial Hydrating Treatment,"990 E Riggs Rd Suite 8, Chandler, AZ 85249. Rejuvenate & Glow Up With Our Introductory Offer! CoolPeel® CO2 Laser Skin Resurfacing - Reveal Fresh, Radiant Skin + Plasma Quick Recovery Treatment - Rapid Repair, Renewed Radiance. GET THESE TREATMENTS FOR JUST $279 (Regular Price $800, 65% OFF FOR A LIMITED TIME ONLY). Multiple treatments recommended for optimal results."
http://instagram.com/wellnessspallc,False,Disallowed by robots.txt,,,,,,,,,
https://thelongevitycentergreenville.com/sexual-health-and-aesthetics-therapies,True,,https://thelongevitycentergreenville.com/sexual-health-and-aesthetics-therapies,"Feel Like Yourself Again. Confidence, Energy, and Intimacy Restored.","We go beyond aesthetics to support the systems that influence performance, skin, and aging.",$100 off your Consultation,Claim Your Offer Now,homepage,True,Sexual Health Optimization|Male & Female Sexual Regenerative Injections|Derma Fillers|PRP Facial + Microneedling|PRP Hair Restoration|CO2 Laser Resurfacing,"Feel Like Yourself Again. Confidence, Energy, and Intimacy Restored. We go beyond aesthetics to support the systems that influence performance, skin, and aging. First Name Last Name Phone Email I agree that this form should not be used to communicate any confidential personal or medical information (PHI), and that it should only be used for appointment requests and general questions. By providing a telephone number and submitting this form you allow consent to receive SMS from (Any Longevity Center of America managed clinic) regarding casual conversation, meetings or scheduling. Frequency may "
https://specials.skincareinstitute.net/,True,,https://specials.skincareinstitute.net/,September Specials,"Refresh your look for fall with September savings at Skin Care Institute in Tulsa. Enjoy a one-day injectable event plus special savings on Fraxel, MicroPeel, and SkinMedica skincare throughout the month.","20% Off Fraxel, 20% Off MicroPeel, 15% Off SkinMedica, plus Injection Day specials",See the offers & book,offer_landing_page,True,Fraxel|MicroPeel|SkinMedica|Botox|Filler|Injectables|Neurotoxin|RF microneedling|Laser hair reduction|CoolSculpting|Lip filler|Facials,"Refresh your look for fall with September savings at Skin Care Institute in Tulsa. Enjoy a one-day injectable event plus special savings on Fraxel, MicroPeel, and SkinMedica skincare throughout the month. Founded by a board-certified dermatologist. Oklahoma's first med spa, since 1999. 4.9 stars on Google."
http://instagram.com/southcoastmedspa,False,Disallowed by robots.txt,,,,,,,,,
https://instagram.com/dr.mehmetcomert,False,Disallowed by robots.txt,,,,,,,,,
https://theskinspotlaserclub.com/tetra-co2-laser/,True,,https://theskinspotlaserclub.com/tetra-co2-laser/,TETRA CO2 LASER,INTENSITY,Get $500 Off Face & Neck Treatment,Book Appointment,treatment_page,True,Tetra CO2 Laser|DEKA Treatment|Cool Peel CO2|Laser Hair Removal|Laser Tattoo Removal|IPL (Intense Pulsed Light)|ResurFX Fractional Laser|IPL & ResurFX Photofractional Laser,"Treatment Time: 35 – 45 minutes. Expected Downtime: Redness Up To 36 Hours After, 4-5 days of downtime depending on treatment. Limited Time Offer: Get $500 Off Face & Neck Treatment. Thinking of trying CO2 laser treatments? Enter your information to receive a voucher for $500 off our Tetra Co2 Laser Rejuvenation."
https://reston-aesthetics.com/byebyebaggyeyes-,True,,https://reston-aesthetics.com/byebyebaggyeyes-,Ready For A Youthful & Rejuvenated Complexion?,"Smooth, Refresh",$297 (was $600) - First-time visitor introductory offer,CLAIM YOUR OFFER,offer_landing_page,True,CO2 Laser Skin Rejuvenation|Bye Bye Baggy Eyes Treatment|CO2 Laser Technology (under-eye treatment),"Ready For A Youthful & Rejuvenated Complexion? Smooth, Refresh Reveal Tighter, Brighter Eyes! FOR ONLY $297 First-time visitor introductory offer for a Limited Time only! What Are the Benefits of CO2 Laser Skin Rejuvenation? CO2 Laser Skin Rejuvenation uses fractional laser technology to resurface and rejuvenate the skin layer by layer."
https://aestheticartistry.laserbookings.com/baggyeye,True,,https://aestheticartistry.laserbookings.com/baggyeye,"Say Goodbye to Tired, Aging Eyes – Get our Baggy Eye Rescue",CO2 + Cool Peel Laser — $295,CO2 + Cool Peel Laser — $295,SECURE MY SPOT,offer_landing_page,True,CO2 Baggy Eye Rescue|Cool Peel Laser|CO2 CoolPeel,"Say Goodbye to Tired, Aging Eyes – Get our Baggy Eye Rescue. CO2 + Cool Peel Laser — $295. Tighten, smooth, and refresh your under-eye area. Yes — this is a real promotion. We offer this to introduce new clients and fill available appointment slots. No hidden fees. No contracts. 5.0 Rating. 200+ Happy Clients. Licensed Professionals. No obligation consultation. Cancel anytime before treatment. Only pay if approved candidate."
https://clinicpromos.com/a-park-ave-home,True,,https://clinicpromos.com/a-park-ave-home,Bye Bye Baggy Eyes,"Smooth, Refresh, and Reveal Tighter, Brighter Eyes!",FOR ONLY $347 (Usually $599),CLAIM NOW,offer_landing_page,True,Advanced CO2 Laser Technology|Bye Bye Baggy Eyes Treatment,"Bye Bye Baggy Eyes. Smooth, Refresh, and Reveal Tighter, Brighter Eyes! FOR ONLY $347 (Usually $599). Submit Your Information Below. First-time visitor introductory offer for a Limited Time only! Our most popular Eye Treatment! Advanced CO2 Laser Technology. Stimulates Collagen Production. Reduces Dark Circles & Puffiness. Minimal Downtime. Non-Surgical & FDA Approved. Improves Skin Texture & Elasticity."
https://offer-ibeautymedical.com/40-co2,True,,https://offer-ibeautymedical.com/40-co2,TRANSFORM YOUR SKIN WITH COOLPEEL CO2 LASER,40% OFF CoolPeel Co2 Laser,40% OFF CoolPeel Co2 Laser,CLAIM THIS LIMITED OFFER,offer_landing_page,True,CoolPeel CO2 Laser|CO2 laser|Botox,"TRANSFORM YOUR SKIN WITH COOLPEEL CO2 LASER 40% OFF CoolPeel Co2 Laser Tap below to claim this offer before it's too late! Dramatic results with NO downtime! Powerful Resurfacing. Minimal Downtime. Real Results. If you've been curious about CO₂ laser but don't want weeks of hiding out… this is it! CoolPeel is a next-generation CO₂ laser treatment that removes damaged surface skin while stimulating new collagen beneath the surface, delivering powerful resurfacing results without the intense heat damage or extended downtime of traditional CO₂."
https://app.acuityscheduling.com/schedule.php,False,HTTP 404,,,,,,,,,
http://instagram.com/cyrabeautyclinic,False,Disallowed by robots.txt,,,,,,,,,
https://lakewoodranchmedispa.com/25-co2,True,,https://lakewoodranchmedispa.com/25-co2,25% OFF CO2 Laser Treatment,Dramatic results with minimal downtime,25% OFF CO2 Laser Treatment,CLAIM THIS LIMITED OFFER & Schedule Your Consultation,offer_landing_page,True,CO2 Laser|CO2 Laser Treatment|Laser Skin Resurfacing|Botox,"Dramatic results with minimal downtime. 25% OFF CO2 Laser Treatment. Tap below to claim this offer before it's too late! Our CO2 Laser is a laser skin resurfacing treatment that utilizes a CO2 laser, AKA the GOLD STANDARD for treating wrinkles, acne scars, large pore size, uneven skin tone, rough skin texture, age spots and other signs of sun damage."
https://clinicpromos.com/a-bella-visage-lakeland-offer-claim,True,,https://clinicpromos.com/a-bella-visage-lakeland-offer-claim,Say Goodbye to Tired-Looking Under Eyes,"Rejuvenate the delicate under-eye area and restore a fresh, youthful-looking appearance","Get your first treatment for only $399, regularly $950",Claim $399 Offer Now!,offer_landing_page,True,CO2 CoolPeel Laser Under-Eye Treatment|Precision Textural Refinement|Advanced Collagen Induction,"Say Goodbye to Tired-Looking Under Eyes. Rejuvenate the delicate under-eye area and restore a fresh, youthful-looking appearance. Get your first treatment for only $399, regularly $950. Submit your information below to claim the offer. Our most popular under-eye treatment features precision textural refinement, advanced collagen induction, minimal recovery period, targeted thermal control, restored luminosity, and non-surgical rejuvenation."
https://www.offer-olhp.com/40-coolpeel,True,,https://www.offer-olhp.com/40-coolpeel,Dramatic results with NO downtime!,40% OFF CoolPeel Co2 Laser,40% OFF CoolPeel Co2 Laser,CLAIM THIS LIMITED OFFER,offer_landing_page,True,CoolPeel Co2 Laser|CO2 laser|Botox,"Dramatic results with NO downtime! 40% OFF CoolPeel Co2 Laser. Tap below to claim this offer before it's too late! If you've been curious about CO2 laser but don't want to hide out for days or weeks, this is for you! CoolPeel is an advanced CO2 laser treatment that removes damaged surface skin while stimulating new collagen underneath. You get real resurfacing results without the long downtime traditional CO2 is known for."
https://www.nayawell.net/optin,True,,https://www.nayawell.net/optin,Naya Wellness is Giving Away 50 CO2 Skin Rejuvenation Vouchers!,Hey Los Angeles!,$179 for CO2 Skin Rejuvenation Assessment & Treatment (Normally $800),RECEIVE MY CO2 SKIN REJUVENATION VOUCHER NOW!,offer_landing_page,False,CO2 Fractional Laser|CO2 Skin Rejuvenation,"Hey Los Angeles! Struggling With Wrinkles, Scars, or Age Spots? If fine lines, sun damage, or uneven skin texture are keeping you from feeling confident in your own skin, you're not alone. Many believe their only options are expensive creams, harsh treatments, or invasive surgery — but that's simply not true! For the Next Week, we are Giving Away 50 Vouchers for a CO2 Skin Rejuvenation Assessment & Treatment for $179 with a Professional Laser Skin Expert (Normally a $800 Value!)"
https://www.fraxel.com/,True,,https://www.fraxel.com/,TOTAL RENEWAL,"Fraxel FTX® is The original fractional laser for wrinkles, surgical and acne scars, and sun damage.",,SEE RESULTS,treatment_page,False,Fraxel FTX®|Thermage®|Clear + Brilliant®|VASERlipo®,"Fraxel FTX® is The original fractional laser for wrinkles, surgical and acne scars, and sun damage. It stands out for its precision, yet its true impact lies in its ability to address common skin concerns due to sun damage and aging in people of all backgrounds and skin tones."
https://sculptaesthetics.medspapromotions.com/solaria-eyes-home,True,,https://sculptaesthetics.medspapromotions.com/solaria-eyes-home,"Reclaim Bright, Youthful Eyes Without Surgery",Boost Your Confidence Today,NOW ONLY $299,Claim Special,offer_landing_page,True,Solaria CO₂ Fractional Laser|Non-surgical blepharoplasty|CO2 plasma eye treatment|Eyelid tightening|Under eye rejuvenation,"Reclaim Bright, Youthful Eyes Without Surgery NOW ONLY $299 Claim Special What's included in your Non-Surgical Blepharoplasty App? Solaria CO2 Advanced Plasma Consultation & Eye Treatment Safe and effective rejuvenation for upper or lower eyes tightens, lifts, and refreshes without a scalpel. Personalized Anti-Aging Management Plan Tailored skin care plan to maintain and amplify your treatment results."
https://forestwellnessmd.aesthetic-booking.com/nouvaderm-laser,True,,https://forestwellnessmd.aesthetic-booking.com/nouvaderm-laser,"Reveal Brighter, Smoother, More Even-Looking Skin","Advanced fractional laser resurfacing designed to improve the appearance of sun damage, pigmentation, uneven skin tone, rough texture and fine lines.",Claim Your $250 Voucher for Your First Full-Face NOUVADerm Light Session,Claim Your $250 Voucher,treatment_page,True,NOUVADerm|1927nm Thulium Laser|NOUVADerm Light|CO₂ Laser|NOUVA Glo™|Hair Support|Eye treatments|Fractional resurfacing,"Reveal Brighter, Smoother, More Even-Looking Skin. Advanced fractional laser resurfacing designed to improve the appearance of sun damage, pigmentation, uneven skin tone, rough texture and fine lines. Claim Your $250 Voucher - Only 7 Available. For Your First Full-Face NOUVADerm Light Session. Light settings • 0-2 days social downtime. Sun Damage Pigmentation Fine Lines Texture Uneven Tone."
https://euphoria.clinicpromo.com/capture-details-3451,True,,https://euphoria.clinicpromo.com/capture-details-3451,LOOK YEARS YOUNGER WITHOUT SURGERY,GET $300 OFF OUR NON-SURGICAL FACELIFT,"$300 OFF non-surgical facelift, reserved for first 15 patients",SECURE MY SPOT,offer_landing_page,True,Renuva Erbium|Non-surgical facelift|Fractional erbium laser treatment,"LOOK YEARS YOUNGER WITHOUT SURGERY. GET $300 OFF OUR NON-SURGICAL FACELIFT. RESERVED FOR THE FIRST 15 PATIENTS! Claim Your Offer Below: (We'll text you the promo code). Renuva Erbium is an advanced non-surgical laser treatment designed to improve the appearance of fine lines, wrinkles, and sagging skin while stimulating your skin's natural collagen and elastin production."
https://book.livevibrantmed.com/1540,True,,https://book.livevibrantmed.com/1540,"Improve Acne Scars, Skin Texture, Fine Lines & Enlarged Pores","Advanced 1540 Fractional Laser treatments designed to improve the appearance of acne scars, uneven texture, fine lines, enlarged pores, and signs of skin aging.","Free consultation with $50 booking deposit (applied toward treatment, refundable if not proceeding)",START YOUR SKIN CONSULTATION →,treatment_page,False,Secret1540 laser|1540 Fractional Laser|Advanced skin resurfacing|Laser skin resurfacing|Collagen remodeling,"Advanced 1540 Fractional Laser treatments designed to improve the appearance of acne scars, uneven texture, fine lines, enlarged pores, and signs of skin aging. Acne scars. Uneven skin texture. Enlarged pores. Fine lines & crepey skin. Loss of firmness. Dull or aging skin."
https://m.alibaba.com/lp/group,False,"WebFetch returned binary data, no readable page content",,,,,,,,,
https://www.pinkmountainwellness.com/,False,robots.txt fetch failed: ConnectTimeout,,,,,,,,,
https://www.primedspa.net/optin,True,,https://www.primedspa.net/optin,Not Recognizing Your Reflection Anymore? Read This!,"If aging or successful weight loss have left you with sagging skin, deep wrinkles, or a tired appearance you no longer recognize — you're not alone.",50 Vouchers for a FREE Facelift Consultation with Expert Surgical Team (Normally $150 Value),RECEIVE MY FACELIFT CONSULTATION VOUCHER NOW!,offer_landing_page,True,Facelift|Blepharoplasty|Forehead Lift|Rhinoplasty|Facial Fat Grafting|Rejuvenating Laser Surgery|Eye Lids|Body Contouring|BBL|Fractional CO2 laser,"If aging or successful weight loss have left you with sagging skin, deep wrinkles, or a tired appearance you no longer recognize — you're not alone. Many people think they just have to ""accept it"" or live with these changes… but that's simply not true! For the Next Week, we are offering 50 Vouchers for a FREE Facelift Consultation with our Expert Surgical Team! (Normally a $150 Value!)"
http://instagram.com/venusaestheticsmiami,False,URL disallowed by robots.txt,,,,,,,,,
https://instagram.com/skinfuzionlv,False,URL disallowed by robots.txt,,,,,,,,,
https://skinplusbeauty.com/services/bbl-heroic-moxi-laser-in-miami/,True,,https://skinplusbeauty.com/services/bbl-heroic-moxi-laser-in-miami/,BBL Heroic and Moxi Laser in Miami,"Renew Skin, Rewind Time","New Clients: Combo Special $900 | Reg. Price $1,200",Book Now,treatment_page,False,BBL Heroic|Moxi Laser|Broadband Light Therapy|SkinVive|Filler|Topical Exosomes,"BBL Heroic and Moxi Laser are the ultimate duo for transforming skin—BBL targets pigmentation, redness, and acne, while Moxi resurfaces and refines texture for a radiant, youthful glow. At Skin Plus Beauty in Miami we offer this amazing combo treatment of Moxi and BBL Heroic to achieve your dream skin! Acne, Enlarged pores, Fine lines and wrinkles, Melasma, Mild skin laxity, Pigmentation, Sun damage, Uneven skin tone & texture."
https://www.evolvepdx.com/laser-treatments,True,,https://evolveaesthetics.com/laser-treatments/,Laser Treatments,"Laser treatments are a great option for resurfacing skin, targeting redness & pigmentation, and reducing hair growth.",,Book an Appointment,treatment_page,False,ClearLift|IPL|BBL Heroic|Pixel|CO2 Laser|Laser Hair Removal|Triton|MOXI Laser,"Laser treatments are a powerful way to address a wide variety of aesthetic goals, from anti-aging to reducing redness and skin damage. Evolve Aesthetics offers several different laser treatment types to ensure a custom, targeted approach depending on your needs."
https://www.luxeroomcosmetic.com/moxi-laser-denver-boulder-fort-collins/,True,,https://www.luxeroomcosmetic.com/moxi-laser-denver-boulder-fort-collins/,"The Moxi Laser is the one you cannot go without. This is your golden ticket to clear, radiant, glowing skin.","The Moxi Laser in Denver & Boulder is a revolutionary skin resurfacing laser treatment that can deliver clear, glowing and happy skin year round and is suitable for ALL skin types!","$699 Base cost, 45 Minutes, 0.01 Days Downtime",Book Your Moxi Laser in Denver & Boulder Now,treatment_page,True,Moxi Laser|Botox|Dysport|Lip Filler|Dermal Filler|Sculptra|HydraFacial|AviClear Acne Treatment|Laser Genesis|IPL Photofacial|Clear & Brilliant|Microneedling Skinpen|RF Microneedling|Chemical Peels|Luxe Facials,"The Moxi Laser in Denver & Boulder is a revolutionary skin resurfacing laser treatment that can deliver clear, glowing and happy skin year round and is suitable for ALL skin types! This non-ablative fractional laser works to improve tone and texture while kickstarting your skin's natural production of collagen and elastin from within. The Moxi is the go-to laser treatment in Denver & Boulder for combatting fine lines, sun-damage, pigmentation, and redness."
https://clarkaesthetics.com/orlando/lp/medspa/,True,,https://clarkaesthetics.com/orlando/lp/medspa/,Contact Us,Welcome to the Clark Institute for Aesthetics | Watch Video,,Schedule a Consultation,contact_booking,True,Botox|Dysport|Jeuveau|Daxxify|Restylane|Juvederm|RHA Dermal Fillers|Sculptra|Ellacor|Cryopen|Facial Cupping|LED Light Treatments|Dermaplaning|Cutera Laser|Erbium Laser|Microlaser Peel MLP|ProFractional Laser|Sciton Halo|Sciton BBL Hero|Intense Pulse Light Treatment|Laser Hair Removal|Chemical Peels|Facials|Hydrafacials|PRP Microneedling|Morpheus8|Vivace RF Microneedling|Smoothing Body Peels|Microdermabrasion|Skinpen Microneedling|Brazilian Butt Lift|BodyTite|Liposuction|Hi-Def Lipo|Tummy Tuck|Breast Augmentation|Facelift,"120 E. Par St., Suite 1000 Orlando, FL 32804 (407) 674-0430 First Name Last Name Phone Email Procedure of Interest By completing this form, you are giving us permission to follow-up by phone, email or text."
https://gloesthetics.net/,True,,https://gloesthetics.net/,Glo Esthetics,"A Place to Be Heard, Not Judged.",,Book Now,homepage,True,Botox|Dysport|Dermal Filler|PRF EZ Gel|Sculptra|Kybella|SKINVIVE|InstaGlo Facial|ClearGlo Acne Treatment|Chemical Peels|Clinical Facials|Dermaplaning|Hydrafacial|Secret Pro RF Microneedling|SkinPen Microneedling|BBL Laser|AviClear|MOXI|Skin Resurfacing|Laser Hair Removal|CO₂ Laser Skin Resurfacing,"Glo Esthetics, a Med Spa in Far Hills, NJ, was founded on a single belief: that you deserve to be heard, not judged. At most practices, a consultation begins with what is wrong with a woman's face. At Glo, every consultation begins with her — with what she has been noticing, what she has been wondering, what she wants to feel when she looks in the mirror. Then, and only then, do we share what we see."
https://www.thestudiomd.com/darien-connecticut/morpheus8-skin-tightening-darien-connecticut.html,True,,https://www.thestudiomd.com/darien-connecticut/morpheus8-skin-tightening-darien-connecticut.html,"Morpheus8 in Darien, CT","Redefine your skin's texture, tone, and tightness with advanced RF microneedling at StudioMD Darien.",Starting at $666 Per Session - With Package and Membership Options,Book Online,treatment_page,True,Morpheus8|Microneedling|Radiofrequency (RF) skin treatment|Rejuran Salmon DNA|PRFM (Vampire Facial)|Exosome Advanced Repair|SkinCeuticals HA and B5 gel|Ariessence Pure PDGF+,"Redefine your skin's texture, tone, and tightness with advanced RF microneedling at StudioMD Darien. Top 10% Provider in the U.S. in 2024 and 2025 Starting at $666 Per Session With Package and Membership Options If you're looking for a powerful yet minimally invasive way to rejuvenate your skin, Morpheus8 combines the precision of microneedling with the deep collagen-stimulating energy of radiofrequency (RF) technology."
https://www.laseraway.com/promotions/,True,,https://www.laseraway.com/promotions/,Promotions,LaserAway First Time Specials and More Everyday Savings,70% OFF LASER HAIR REMOVAL on select packages,Book Now,offer_landing_page,True,Laser Hair Removal|CoolSculpting|Botox|Xeomin|Clear + Brilliant|RF Microneedling|Thermage|Instant Glow Laser Facial|IPL Photofacial|Laser Tattoo Removal,LaserAway First Time Specials And More Everyday Savings Subject to Offer Terms Book Now Offer Activated Step 1: Promotion Frequency Contact Info Choose Your Exclusive Offer How many times have you had this treatment? Tell us about yourself Free Treatments with Qualifying Purchase on Your First Laser Hair Removal Treatment* 50% Savings On CoolSculpting (8+ Treatments)** Your First Botox Treatment Is $10 Per Unit‡‡ Your First Xeomin Treatment Is $7 Per Unit^^
https://www.mindvalley.com/ultramind/sales,True,,https://www.mindvalley.com/ultramind/sales,"Shift into higher states for focus, flow, and intuition.","Enter Alpha & Theta in seconds to enhance clarity, healing, and the power to manifest your goals.",Exclusive $100 off Mindvalley Manifesting Collection,Get Access,offer_landing_page,False,The Silva Ultramind System|Alpha & Theta states|Mindvalley Manifesting Collection,"Secure your $100 off before it's gone on The Silva Ultramind System. Shift into higher states for focus, flow, and intuition. Enter Alpha & Theta in seconds to enhance clarity, healing, and the power to manifest your goals."
https://glo30.com/,True,,https://glo30.com/,Your perfect facial. Every 30 days.,"Revolutionizing skincare with all-inclusive, AI-customized facials that evolve with you.",$99/Month - Monthly SmartGLO Membership,Start Your Routine,homepage,True,SmartGLO Facial|Botox and Wrinkle Relaxers|Clear + Brilliant Laser|NanoGLO Filler Microinfusion|GLOpass Facial|Diamond Microdermabrasion|LED Light Therapy|Chemical Peels|Cryo Globes|Gua Sha|Facial Cupping|Lymphatic Massage|High Frequency|Ultrasound Extractions,"Your perfect facial. Every 30 days. Revolutionizing skincare with all-inclusive, AI-customized facials that evolve with you. Official Skincare Partner. Your perfect facial. Every 30 days. Skip the regift. This actually stays in their routine. SMARTGLO • TOX • TOTALGLO. Join Now. GIVE YOUR SKIN THE MIDAS TOUCH. Golden Hour GLO. DECEMBER SMARTGLO. Give your skin something to GLOw about."
https://revitalyzeaestheticsandwellnes.myaesthetic.agency/morpheus-8,True,,https://revitalyzeaestheticsandwellnes.myaesthetic.agency/morpheus-8,Non-Surgical Facelift with Morpheus8,"Lift and tighten from within. Radiofrequency microneedling that remodels skin at its deepest layers — no surgery, no lengthy recovery.",,Book Now,treatment_page,True,Morpheus8|Radiofrequency microneedling,"Non-Surgical Facelift with Morpheus8. Lift Tighten Rebuild Collagen Minimal Downtime. Lift and tighten from within. Radiofrequency microneedling that remodels skin at its deepest layers — no surgery, no lengthy recovery."
https://www.muselaserspa.com/service-morpheus8,True,,https://www.muselaserspa.com/service-morpheus8,Morpheus 8,Get free consultation,Get free consultation,Book now,treatment_page,True,Morpheus8|Laser Hair Removal|LaseMD|Facials|Chemical Peels|Botox|Dermal Fillers|LaseMD Ultra,"Morpheus 8. Get free consultation. 700+ Five-Star Reviews on Google Maps. 5000+ Happy Clients. Best FDA-Approved Devices of 2026. Internationally Trained Medical Professionals. Madison Rae: did a series of Morpheus8 microneedling sessions after having two kids and the difference is unreal. Skin feels tighter, lifted, and my jawline is finally visible again."
https://virginia.procarewellnessinc.com/treatmentpage,True,,https://virginia.procarewellnessinc.com/treatmentpage,Turkey Neck Rescue Intro Treatment,GET RID OF TURKEY NECK AND LOOK 10 YEARS YOUNGER WITHOUT SURGERY...,FOR ONLY $499 (Usually $1600),SECURE MY SPOT,offer_landing_page,True,Neck & Face treatment|Morpheus8 Radiofrequency Microneedling,Turkey Neck Rescue Intro Treatment. GET RID OF TURKEY NECK AND LOOK 10 YEARS YOUNGER WITHOUT SURGERY... Our most popular NECK & FACE treatment... Skin tightening and lifting. Reduction of fine lines and wrinkles. Firming of loose and sagging skin. Improved jawline definition and contour. Smoother skin texture and tone. Collagen stimulation for long-term results. Incredible first-time visitors introductory offer for a Limited time only! FOR ONLY $499 (Usually $1600)
https://procarewellnessinc.com/treatmentpage,True,,https://procarewellnessinc.com/treatmentpage,Turkey Neck Rescue Intro Treatment,GET RID OF TURKEY NECK AND LOOK 10 YEARS YOUNGER WITHOUT SURGERY...,FOR ONLY $499 (Usually $1600),SECURE MY SPOT,offer_landing_page,True,Morpheus8 Radiofrequency Microneedling|Turkey Neck Rescue|Neck & Face treatment,Turkey Neck Rescue Intro Treatment. GET RID OF TURKEY NECK AND LOOK 10 YEARS YOUNGER WITHOUT SURGERY... Our most popular NECK & FACE treatment... Skin tightening and lifting. Reduction of fine lines and wrinkles. Firming of loose and sagging skin. Improved jawline definition and contour. Smoother skin texture and tone. Collagen stimulation for long-term results. Incredible first-time visitors introductory offer for a Limited time only!
https://rockstarclinic.myaesthetic.agency/morpheus-8,True,,https://rockstarclinic.myaesthetic.agency/morpheus-8,Face & Neck Tightening & Lift with Morpheus8.,"Reduce Acne, Smooth Texture, Stimulate Collagen","$850 First Full Face & Neck Treatment (Regularly $1,700 Limited-Time Special)",Claim Your Spot →,treatment_page,True,Morpheus8|RF microneedling|Botox|Anti-aging care|Body contouring|Hormone therapy,"Face & Neck Tightening & Lift with Morpheus8. Reduce Acne, Smooth Texture, Stimulate Collagen $850 Regularly $1,700 Limited-Time Special. First Full Face & Neck Treatment · Spots are booking up fast this month. RF microneedling that reduces acne, smooths texture, and stimulates collagen — with results that keep improving for weeks after treatment."
https://offer.cleavageclinic.com/limited-offers,True,,https://offer.cleavageclinic.com/limited-offers,LIMITED TIME OFFERS,Exclusive Pricing On Our Most Viral Treatments,$550/Month for 12 months (Non-Surgical Breast Lift); $988/Month for 12 months (Non-Surgical Breast Enhancement),Secure Your Complimentary Consult,offer_landing_page,True,Non-Surgical Breast Lift|Non-Surgical Breast Enhancement,"GET STARTED WITH A COMPLIMENTARY CONSULTATION ✨ LIMITED TIME OFFERS Exclusive Pricing On Our Most Viral Treatments: Non-Surgical Breast Lift - STARTING AT - $550/Month for just 12 months! Lift, tighten, and restore a more youthful breast contour without surgery or scars. This advanced treatment improves skin firmness and elasticity, helping create a perkier appearance with little to no downtime."
https://offer.seraesthetics.com/morpheus8-266359,True,,https://offer.seraesthetics.com/morpheus8-266359,The Gold Standard. Lifted. Remodeled. Radiant.,"Tighter, firmer, more radiant skin — SER Aesthetics' most transformative remodeling treatment at promo pricing.",LIMITED OFFER SAVE $661 | $1450 $789,Claim My $789 Offer →,offer_landing_page,True,Morpheus8 RF Microneedling|Skin Consultation,"Tighter, firmer, more radiant skin — SER Aesthetics' most transformative remodeling treatment at promo pricing. LIMITED OFFER SAVE $661. $1450 $789. Claim My $789 Offer. Limited Availability. A deposit is required to secure your booking. Book before this offer closes. THE TREATMENT. Morpheus8 RF Microneedling. Deep fractional remodeling that tightens skin, improves texture, and contours your features with precision."
https://skinovative.clinicpromotion.com/inquire,True,,https://skinovative.clinicpromotion.com/inquire,Erase 5-10 Years Of Aging Without Surgery,"our exclusive Morpheus8 Non-Surgical Facelift Is Just $549 DOWN from $1,549! *Limited to 10 spots this month.*","$549 (down from $1,549) for Morpheus8 treatment; limited to 10 spots this month",CLAIM MY SPECIAL PROMOTION NOW!,offer_landing_page,True,Morpheus8 Non-Surgical Facelift|Full Face Morpheus8 Treatment|Jowls Morpheus8 Treatment|Neck Morpheus8 Treatment,"Our Location: 2557 South Val Vista Drive suite 101, Gilbert Arizona 85295. Have A Question? (602) 346 6880. RATED 5 STARS | TRUSTED BY Gilbert Locals. Erase 5-10 Years Of Aging Without Surgery. Our exclusive Morpheus8 Non-Surgical Facelift Is Just $549 DOWN from $1,549! *Limited to 10 spots this month.* Fill Out The Form Below To Inquire."
https://envisionmedicalcare.beautyoffer.co/optin,True,,https://envisionmedicalcare.beautyoffer.co/optin,Rejuvenate & Glow Up,With Our Introductory Offer!,20 Units of 'Tox for $159 (limited time),Claim Offer,offer_landing_page,False,'Tox (Botox)|Lumecca® IPL|Morpheus 8|Filler,"111 Court Street South, Ste B Ripley, WV 25271 (304) 971-4470 Rejuvenate & Glow Up With Our Introductory Offer! 20 Units of 'Tox Enhance Natural Beauty, Tighten Skin, Reduce Wrinkles GET THIS TREATMENT FOR JUST $159 Claim Offer FOR A LIMITED TIME ONLY We Get Real Results! Here are some of our clients..."
https://booking.bevaramedspa.com/webstoreNew/services,False,"page rendered only a client-side error state ('Something went wrong!'), no usable content",,,,,,,,,
https://skintuitionmedspa.facialpromos.co/giftcard-morpheus8,True,,https://skintuitionmedspa.facialpromos.co/giftcard-morpheus8,Claim Your Baggy Eye Rescue Treatment + Free Consultation,for JUST $299,Baggy Eye Rescue Treatment + Free Consultation for JUST $299 (valued at $400),CLAIM YOUR SPOT,offer_landing_page,True,Morpheus8|Baggy Eye Rescue Treatment|Microneedling with radiofrequency,"Get Ready to Lift, Tighten, and Rejuvenate Your Skin. Claim Your Baggy Eye Rescue Treatment + Free Consultation for JUST $299. We are keeping this offer EXCLUSIVE to the FIRST 12 people who claim!!! What's included? ✔️ Morpheus8 Baggy Eye Rescue Treatment ✔️ Free Consultation"
https://mymedspapromo.com/designhermedspa750offmorpheus8skintightening,True,,https://mymedspapromo.com/designhermedspa750offmorpheus8skintightening,$750 Off Morpheus8 Skin Tightening,Enter Your Details Below,$750 Off Morpheus8 Skin Tightening - ONLY 15 Vouchers Left!,Claim This Special Offer!,offer_landing_page,True,Morpheus8 Skin Tightening|Laser Hair Removal|Lip Fillers,ONLY 15 Vouchers Left! $750 Off Morpheus8 Skin Tightening. Enter Your Details Below. By checking this box I consent to receiving transactional messages related to this and other services/offers.
https://beyourkind.com/morpheus-8-offer,True,,https://beyourkind.com/morpheus-8-offer,Morpheus 8 For $299!,$900 off your first treatment,"$299 Morpheus 8 treatment (regularly $1,199); includes Post-Care Kit ($48 value), 30-minute Skin and Hormone Review ($99 value), and $50 credit toward next visit",Book Now,offer_landing_page,True,Morpheus 8|Peptides|Botox & Dysport|Filler|Sculptra|Weight Loss|Microneedling|Liquid Microneedling|DMK Therapy|Acne Treatment|Chemical Peels|PRP/PRF|Skinvive|Women's Health|Naturopathic Medicine,"REMODEL. CONTOUR. REJUVENATE. Morpheus 8 For $299! $900 off your first treatment. This month, receive $900 off our popular Morpheus 8 treatment. Now just $299! Your experience also includes premium additions to support your results: Post-Care Kit ($48 value), 30 minute Skin and Hormone Review ($99 value), $50 Credit toward your next visit. True transformation does not follow trends. It brings you back to yourself."
https://selfaestheticsandwellness.spapromos.co/giftcard-doublechin,True,,https://selfaestheticsandwellness.spapromos.co/giftcard-doublechin,Claim Your Double Chin Rescue Treatment for JUST $499!,We are keeping this offer EXCLUSIVE to the FIRST 16 people who claim!!!,"$499 for Double Chin Rescue Treatment featuring Morpheus8, includes free consultation",CLAIM MY RESCUE TREATMENT,offer_landing_page,True,Double Chin Rescue Treatment|Morpheus8,"Claim Your Double Chin Rescue Treatment for JUST $499! We are keeping this offer EXCLUSIVE to the FIRST 16 people who claim!!! What's included: ✔ Double Chin Rescue Treatment featuring Morpheus8 ✔ Free Consultation Fill out the form below👇 Full Name * Phone Number * Email * SMS Optin Opt in to receive SMS notifications, alerts, & occasional marketing communications"
https://selfaestheticsandwellness.spapromos.co/giftcard-baggyeye,True,,https://selfaestheticsandwellness.spapromos.co/giftcard-baggyeye,Claim Your Baggy Eye Rescue Treatment for JUST $399!,We are keeping this offer EXCLUSIVE to the FIRST 12 people who claim!!!,Baggy Eye Rescue Treatment + Free Consultation for JUST $399 (valued at $550),CLAIM YOUR SPOT,offer_landing_page,True,Morpheus8|Morpheus8 Baggy Eye Rescue Treatment|microneedling with radiofrequency (RF) energy,"Get Ready to Lift, Tighten, and Rejuvenate Your Skin. Claim Your Baggy Eye Rescue Treatment for JUST $399! We are keeping this offer EXCLUSIVE to the FIRST 12 people who claim!!! What's included? Morpheus8 Baggy Eye Rescue Treatment. Free Consultation."
https://novuskin.wellness-special.com/treatmentpage,True,,https://novuskin.wellness-special.com/treatmentpage,Turkey Neck Rescue Intro Treatment,GET RID OF TURKEY NECK AND LOOK 10 YEARS YOUNGER WITHOUT SURGERY...,FOR ONLY $499 (Usually $1600),SECURE MY SPOT,offer_landing_page,True,Morpheus8 Radiofrequency Microneedling|Salmon DNA Therapy,Turkey Neck Rescue Intro Treatment. GET RID OF TURKEY NECK AND LOOK 10 YEARS YOUNGER WITHOUT SURGERY... Our most popular NECK & FACE treatment... Skin tightening and lifting. Reduction of fine lines and wrinkles. Firming of loose and sagging skin. Improved jawline definition and contour. Smoother skin texture and tone. Collagen stimulation for long-term results. Incredible first-time visitors introductory offer for a Limited time only! FOR ONLY $499 (Usually $1600)
https://karasmaticmtsinai.clinicpromotion.com/inquire,True,,https://karasmaticmtsinai.clinicpromotion.com/inquire,Erase 5-10 Years Of Aging Without Surgery,our exclusive Morpheus8 Non-Surgical Facelift Is Just $549 DOWN from $1260! *Limited to 10 spots this month.*,$549 limited-time promotion (down from $1260) with limited 10 spots available this month,CLAIM MY SPECIAL PROMOTION NOW!,offer_landing_page,True,Morpheus8|Morpheus8 Non-Surgical Facelift|Full Face Morpheus8 Treatment|Jowls Morpheus8 Treatment|Neck Morpheus8 Treatment,"Our Location: 281 Rt. 25A Mt. Sinai, NY 11766. Rated 5 stars and trusted by locals. The exclusive Morpheus8 non-surgical facelift treatment is offered at a special promotional price. This advanced technology targets deep skin layers to stimulate collagen and elastin production, lifting and tightening the lower face while fading fine lines and wrinkles."
https://morpheus8phoenix.valleymedicaloffers.com/morpheus8goog-2535,True,,https://morpheus8phoenix.valleymedicaloffers.com/morpheus8goog-2535,MORPHEUS8 FOR FACE & BODY,What Sets Morpheus8 Burst Apart from Other Microneedling Treatments?,$250 OFF* OR BUY 2 GET 1 FREE!,CLAIM VOUCHER,treatment_page,True,Morpheus8|Morpheus8 Burst|Morpheus8 Burst Deep|RF microneedling|Radiofrequency microneedling,"Morpheus8 is an advanced, FDA-approved, award-winning radio frequency microneedling treatment by InMode, designed to tighten skin, rejuvenate your appearance and stimulate natural collagen and elastin production. At Valley Medical Weight Loss & Med Spa, patients in Phoenix can experience the latest generation of InMode technology through the advanced Optimas Max platform, featuring Morpheus8 Burst and Morpheus8 Burst Deep."
https://bellamedspa.clinicpromotion.com/inquire,True,,https://bellamedspa.clinicpromotion.com/inquire,Erase 5-10 Years Of Aging Without Surgery,Our exclusive Morpheus8 Non-Surgical Facelift Is Just $549 DOWN from $1300! Limited to 10 spots this month.,"$549 limited-time promotion, down from $1300 regular price",CLAIM MY SPECIAL PROMOTION NOW!,offer_landing_page,True,Morpheus8 Face Treatment|Morpheus8 Jowls Treatment|Mini Facial|LED Light Therapy & Collagen Stimulator,Erase 5-10 Years Of Aging Without Surgery. Our exclusive Morpheus8 Non-Surgical Facelift Is Just $549 DOWN from $1300! Limited to 10 spots this month. Have A Question? (678) 370 1909. RATED 5 STARS | TRUSTED BY Atlanta Locals.
https://renewmedispa.clinicpromotion.com/inquire,True,,https://renewmedispa.clinicpromotion.com/inquire,Erase 5-10 Years Of Aging Without Surgery,our exclusive Morpheus8 Non-Surgical Facelift Is Just $549 DOWN from $1100! *Limited to 10 spots this month.*,$549 (down from $1100) for Morpheus8 Full Face Treatment; limited to 10 spots this month,CLAIM MY SPECIAL PROMOTION NOW!,offer_landing_page,True,Morpheus8 Non-Surgical Facelift|Morpheus8 Full Face Treatment,"Our Location: 23 B Crystal Ave, Derry, NH 03038, United States. Have A Question? (802) 494 4267. RATED 5 STARS | TRUSTED BY Derry Locals. Erase 5-10 Years Of Aging Without Surgery. Our exclusive Morpheus8 Non-Surgical Facelift is just $549 down from $1100! Limited to 10 spots this month. Fill out the form to inquire about sagging jowls, skin laxity, wrinkles, or fine-lines."
https://transformingbeautyspa.precisionpatientgrowth.com/home-page955965-7685,True,,https://transformingbeautyspa.precisionpatientgrowth.com/home-page955965-7685,Non-Surgical Facelift Intro Treatment,"TIGHTEN, LIFT & FIRM YOUR NECK — WITHOUT SURGERY...","FOR ONLY $549 (Usually $1,200)",CLAIM NOW,offer_landing_page,True,Morpheus8|Non-Surgical Facelift|Deesse Spectrum LED Light Therapy,"Non-Surgical Facelift Intro Treatment TIGHTEN, LIFT & FIRM YOUR NECK — WITHOUT SURGERY... Our most popular SKIN treatment... Lifting & Firming of Loose, Sagging Skin Softening of Jowls & a Sagging Jawline Tightening From Within — Where Creams Can't Reach A Smoother, More Lifted, Youthful Contour Results That Keep Improving for Months Incredible first-time visitors introductory offer for a Limited time only! FOR ONLY $549 (Usually $1,200)"
http://coolpromo.genesislifestylemedicine.com/morpheus8-nashville,True,,https://coolpromo.genesislifestylemedicine.com/morpheus8-nashville,A Locally-Owned Morpheus8 Provider,"Nashville, TN",Get $500 Off Morpheus8 RF Microneedling!,Claim your coupon now,offer_landing_page,True,Morpheus8|Radio Frequency Microneedling|CoolSculpting|Hormone Therapy|Medical Weight Loss|Injectables|Dermal Fillers|CoolTone,"A Locally-Owned Morpheus8 Provider Nashville, TN Get $500 Off Morpheus8 RF Microneedling! At Genesis in Nashville, Tennessee For a limited time, Genesis Lifestyle Medicine is offering $500 Off Morpheus8 Radio Frequency Microneedling! Morpheus8 combines the regenerative power of radio frequency energy with microneedling to naturally tighten and smooth your skin. With our master team's experience from thousands of cutting-edge aesthetic treatments, you can count on exceptional results. Claim your coupon now, then come in for a FREE consultation to see why Morpheus8 is a staff-favorite procedure "
https://waveplasticsurgery.com/non-surgical/skin-tightening/morpheus8/,True,,https://waveplasticsurgery.com/non-surgical/skin-tightening/morpheus8/,Morpheus8 Skin Tightening: Rejuvenate & Lift Your Skin,"Aging, sun exposure, and collagen loss can lead to sagging skin, wrinkles, and uneven texture.",,Schedule Consultation Today,treatment_page,True,Morpheus8|RF microneedling|CoolSculpting|Botox|Sculptra|Juvéderm|Restylane|Radiesse|Ultherapy|AccuTite|FORMA|Scarlet RF|BodyTite|FaceTite|Kybella,"Aging, sun exposure, and collagen loss can lead to sagging skin, wrinkles, and uneven texture. Morpheus8 is an advanced radiofrequency (RF) microneedling treatment designed to tighten, lift, and rejuvenate your skin naturally. At Wave Plastic Surgery, we offer Morpheus8 treatments in Los Angeles, Orange County, and San Francisco to help patients achieve firmer, younger-looking skin with minimal downtime."
https://sculptaestheticsplasticsurgery.newbeautydeals.com/giftcard-morpheus8,True,,https://sculptaestheticsplasticsurgery.newbeautydeals.com/giftcard-morpheus8,Claim Your Eye Rejuvenation Treatment Treatment + Free Consultation,for JUST $299,Eye Rejuvenation Treatment + Free Consultation for $299 (exclusive to first 12 people),CLAIM YOUR SPOT,offer_landing_page,True,Morpheus8 Eye Rejuvenation Treatment|Morpheus8|Microneedling with radiofrequency,"Get Ready to Lift, Tighten, and Rejuvenate Your Skin. Claim Your Eye Rejuvenation Treatment + Free Consultation for JUST $299. We are keeping this offer EXCLUSIVE to the FIRST 12 people who claim!!! What's included? ✔️ Morpheus8 Eye Rejuvenation Treatment ✔️ Free Consultation"
https://neemmedspa.clinicpromotion.com/,True,,https://neemmedspa.clinicpromotion.com/,Erase 5-10 Years Of Aging Without Surgery,"our exclusive Morpheus8 Non-Surgical Facelift Is Just $549 DOWN from $1,250!","$549 (down from $1,250) for exclusive Morpheus8 treatment; limited to 10 spots",CLAIM MY SPECIAL PROMOTION NOW!,offer_landing_page,True,Morpheus8 Non-Surgical Facelift|Full Face Morpheus8 Treatment|Full Face Jowls Treatment,"Erase 5-10 Years Of Aging Without Surgery. Our exclusive Morpheus8 Non-Surgical Facelift Is Just $549 DOWN from $1,250! *Limited to 10 spots this month.* Fill Out The Form Below To Inquire. Full Name, Phone, Email, What Is Your Main Concern? Sagging jowls, skin laxity, wrinkles, fine-lines."
https://specials.mirabilemd.com/,True,,https://specials.mirabilemd.com/,September Specials,"Refresh your look for fall with September savings at Mirabile M.D. Enjoy 20% off Morpheus8, and save more when you purchase multiple syringes of filler.","20% off Morpheus8 and Buy More, Save More on Filler (1 syringe $50 off, 2 syringes $75 each, 3+ $100 each)",See the offers & book,offer_landing_page,True,Morpheus8|Filler|RF microneedling|Microneedling|Neurotoxin|Facials|Hair restoration|Juvederm|Lip filler,"Refresh your look for fall with September savings at Mirabile M.D. Enjoy 20% off Morpheus8, and save more when you purchase multiple syringes of filler. Refresh and firm your skin with Morpheus8 at Mirabile M.D. This advanced RF microneedling treatment combines microneedling with radiofrequency energy to support collagen remodeling and improve the appearance of skin texture, laxity, and other common skin concerns."
https://aspirefacial.clinicpromotion.com/,True,,https://aspirefacial.clinicpromotion.com/,Erase 5-10 Years Of Aging Without Surgery,"Our exclusive Morpheus8 New Client Special Is Just $549 DOWN from $1,250!","$549 limited-time promotion (down from $1,250) with only 10 spots available this month",CLAIM MY SPECIAL PROMOTION NOW!,offer_landing_page,True,Morpheus8|Full Face Jowls Morpheus8 Treatment|Neck Morpheus8 Treatment,"Our Location: 1801 Mesquite Avenue, Lake Havasu City, AZ 86403. Have A Question? (928) 889 2256. RATED 5 STARS | TRUSTED BY Lake Havasu Locals. Erase 5-10 Years Of Aging Without Surgery. Our exclusive Morpheus8 New Client Special Is Just $549 DOWN from $1,250! Limited to 10 spots this month. Full Name, Phone, Email, and treatment concern form fields visible."
https://instagram.com/jacobsderm,False,disallowed by robots.txt,,,,,,,,,
https://solaralaser.com/book-now/,False,404 client error,,,,,,,,,
https://share.google/SJoCcKMYXsRkPj1zH,False,WebFetch proxy rate limited (HTTP 429),,,,,,,,,
https://www.ayoungeryou.com/,True,,https://www.ayoungeryou.com/,Enrich Your Life,Welcome to A Younger You MedSpa,Free consultations offered to customers in Burlington and Brookfield,Book online,homepage,True,CoolSculpting Elite|Dermal fillers|Neuromodulators|Ultherapy|HydraFacial|Microneedling|Microdermabrasion|Bellafill|Kybella|Laser Skin Resurfacing|Chemical Peels|Laser Hair Removal|Medical Weight Loss,"At A Younger You Medical Spa, we're dedicated to enhancing your natural beauty and preserving a youthful appearance. Our expert team operates at the forefront of minimally invasive skin rejuvenation and serves clients with professionalism and personalized care at our multiple locations throughout southeastern Wisconsin."
https://promotion.marottamd.com/skin-rejuvenation,True,,https://promotion.marottamd.com/skin-rejuvenation,"Long Island's Top Med Spa for Genius® RF Microneedling, Facials, Peels and Skin Rejuvenation","Purchase a Combination Package of Any 3 Skin Treatments, Receive 15% OFF Total!",15% OFF when purchasing any 3 skin treatments combination package + complimentary SkinMedica® Mineral Shield™ SPF ($40 value),ACTIVATE SAVINGS,offer_landing_page,True,Genius RF Microneedling|SkinPen Microneedling|IPL Photofacial|Glo2Facial (+ RF)|VI Peel,"Over 20 Years in Practice | Long Island, NY. Purchase a Combination Package of Any 3 Skin Treatments, Receive 15% OFF Total! IN SMITHTOWN. Long Island's Top Med Spa for Genius® RF Microneedling, Facials, Peels and Skin Rejuvenation. + Complimentary SkinMedica® Mineral Shield™ SPF | $40 Value. Get This Offer By The End Of This Month! Voted Best MedSpa on Long Island | 20+ Years in Practice."
https://www.offer-renaissancemedispa.com/30-rf,True,,https://www.offer-renaissancemedispa.com/30-rf,Non-Invasively Tighten & Rejuvenate The Skin,"For a limited time, Renaissance Medispa and Wellness Center is offering 30% OFF RF MICRONEEDLING",30% OFF RF MICRONEEDLING - First Treatment Only,CLAIM THIS OFFER,offer_landing_page,False,RF Microneedling|Botox,"Non-Invasively Tighten & Rejuvenate The Skin. For a limited time, Renaissance Medispa and Wellness Center is offering 30% OFF RF MICRONEEDLING. First Treatment Only. Click below to claim this offer before it's too late! At Renaissance MediSpa and Wellness Center, RF Microneedling combines the collagen-building power of microneedling with the skin-tightening benefits of radiofrequency (RF) energy for enhanced skin rejuvenation."
https://www.offer-summerlandaesthetic.com/499-pdo,True,,https://www.offer-summerlandaesthetic.com/499-pdo,The ultimate skin reset—Microneedling enhanced with PDO GLOW SERUM for next-level rejuvenation,"For a limited time, Summerland Aesthetics is offering Microneedling + PDO Glow Serum for only $499",$499 Microneedling + PDO Glow Serum (limited time),CLAIM THIS OFFER,offer_landing_page,True,Microneedling|PDO Glow Serum|Botox,"The ultimate skin reset—Microneedling enhanced with PDO GLOW SERUM for next-level rejuvenation. For a limited time, Summerland Aesthetics is offering Microneedling + PDO Glow Serum for only $499. Experience the next generation of skin rejuvenation with this advanced treatment combining collagen-stimulating benefits of microneedling with a powerful PDO-infused glow serum designed to deeply hydrate, nourish, and revitalize skin for a smoother, more radiant complexion."
https://spa-west-medical-spa.com/potenza-microneedling,True,,https://spa-west-medical-spa.com/potenza-microneedling,Potenza RF Microneedling - ONLY $499,The Non-Surgical Face & Neck Lift Doctors Actually Recommend,"$499 (normally $899), Limited to 10 new clients",I'M READY TO CLAIM MY SPOT,offer_landing_page,True,Potenza RF Microneedling|RF (Radiofrequency) microneedling|808nm diode laser facial|Non-surgical face & neck lift,"29109 Center Ridge Road Westlake, Ohio 44145. 440-508-7866. ⭐⭐⭐⭐⭐ The Non-Surgical Face & Neck Lift Doctors Actually Recommend. Potenza RF Microneedling - ONLY $499 (normally $899). Limited to only 10 NEW CLIENTS who claim this offer! Benefits: Reduce Double Chin, Firm Loose Skin, Lift Saggy Jowls, FDA approved, #1 provider-trusted skin tightening treatment."
https://heritagewellnessmedspa.clinicexclusives.com/non-surgical-facelift,True,,https://heritagewellnessmedspa.clinicexclusives.com/non-surgical-facelift,"Tighten, Lift, & Rejuvenate Your Skin Without Surgery",Transform your face in just 60 minutes using advanced radiofrequency technology.,$249 Treatment Value: $750 Introductory Special Offer,CLAIM YOUR Non Surgical Facelift NOW,offer_landing_page,True,Non-Surgical Facelift|Exion RF Microneedling|Exion Clear Radiofrequency|EMSculpt|EmFace,"Non-Surgical Facelift · Exion RF Microneedling. Transform your face in just 60 minutes using advanced radiofrequency technology. Experience dramatic results with minimal downtime and no recovery period, leaving you refreshed and radiant immediately. $249 Treatment Value: $750 Introductory Special Offer. CLAIM YOUR Non Surgical Facelift NOW. ✓ No. 1 in Crescent Springs for RF Microneedling ✓ FDA-Cleared Radiofrequency Tech ✓ Minimal Downtime & Fast Recovery ✓ Physician-Led Expert Care. Physician-Led · 60-Minute Session · Crescent Springs, KY."
https://clinicspecialpromos.com/opt-in-fab-total-immune-boost-iv,True,,https://clinicspecialpromos.com/opt-in-fab-total-immune-boost-iv,A Fresh New You—One Self-Care Step at a Time!,"Enjoy the benefits of a new you for just a fraction of the price, without the pain or downtime.",Total Immune Boost IV Treatment for $125 down from $250. Limited to 15 spots this month.,CLAIM YOUR 60% DISCOUNT COUPON,offer_landing_page,True,Total Immune Boost IV Treatment|IV Vitamin C & B12 Drip|Myers' Cocktail IV,"A Fresh New You—One Self-Care Step at a Time! Enjoy the benefits of a new you for just a fraction of the price, without the pain or downtime. Claim our Total Immune Boost IV Treatment for just $125 DOWN from $250. Limited to 15 Spots this Month."
https://go.fountainofyouth-mi.com/genius-rf-microneedling/,True,,https://go.fountainofyouth-mi.com/genius-rf-microneedling/,Rejuvenate Your Skin with Genius RF Microneedling: The Ultimate Anti-Aging Solution,"Advanced skin rejuvenation has reached new heights with Genius RF Microneedling, a breakthrough treatment that combines radiofrequency energy with precision microneedling to improve texture, tone, and firmness dramatically.",$250 Off The Purchase of a package,GET OFFER,treatment_page,True,Genius RF Microneedling|Emsculpt NEO|Laser Facial,"Rejuvenate, Tighten, and Transform Your Skin. Stimulate collagen and elastin for firmer, smoother, more youthful-looking skin. Minimal downtime with just a few days of redness, so you can get back to your routine quickly. Safe and effective for all skin types, customized to treat face, neck, and body. See visible improvements in skin texture, firmness, and tone in just 1 to 3 sessions."
https://www.mankatoskinclinic.com/promotion-exion,False,robots.txt fetch failed: connect timeout,,,,,,,,,
https://linktr.ee/velybclinic_global,True,,https://linktr.ee/velybclinic_global,[official] velyb clinic global,,,[日本語] 公式ホームページ,homepage,False,肉毒素|玻尿酸|舒丽可|超声刀|热玛吉|波点扎,"[official] velyb clinic global. [日本語] 公式ホームページ. [中文] 官方网站. 韩国NO.1医美综合体——维丽比医院,韩国最大规模的皮肤科机构,拥有多种先进激光设备,提供一对一个性化美容解决方案,韩国皮肤科,韩国美容皮肤科,首尔皮肤科,江南站皮肤科,江南皮肤科,弘大皮肤科,明洞皮肤科,釜山皮肤科,济州岛皮肤科"
https://info.athenacryo.com/optin-rfmn,True,,https://info.athenacryo.com/optin-rfmn,Skin Rejuvenation that works!,FREE RF Microneedling Consultation & Learn how to save 10% or 15%!,FREE RF Microneedling Consultation & Learn how to save 10% or 15%,"Yes, show me available appointments",offer_landing_page,True,RF Microneedling|Cryo Facial|RF Micro-needling Facial,"Skin Rejuvenation that works! FREE RF Microneedling Consultation & Learn how to save 10% or 15%! Fill Out The Form Below For a Free RF Microneedling Consultation! Yes, show me available appointments We respect your privacy – your info is never shared. By clicking on this button, you agree to receive messages from Athena Cryo."
https://germaindermatology.com/lift-tighten/sofwave/,True,,https://germaindermatology.com/lift-tighten/sofwave/,SOFWAVE,Smart Science. Simple Solutions. SUPERB™ Results. Next Generation Wrinkle Reduction and Lifting Treatment,,BOOK NOW,treatment_page,False,Sofwave|Diamond Glow|Microneedling|Hydrafacial|Chemical Peels|Dermal Fillers|Kybella|Sculptra|Dysport|Jeuveau|BBL Hero|Halo|Moxi|Fraxel|IPL|Laser Hair Removal|V-Beam|Coolsculpting|Emsculpt|Ultherapy|Blepharoplasty|Genius RF Microneedling|Sylfirm X,"Sofwave™ Synchronous Ultrasound Parallel Beam Technology SUPERB™, FDA-cleared to lift the eyebrow, lift lax skin of the submental tissue and lax skin of the neck tissue; as well as improve facial lines and wrinkles of the face. Starting in our mid-20's, collagen and elastin starts to break down causing our skin to wrinkle. Sofwave™ is a new, clinically-proven, non-invasive approach to rebuilding collagen, thereby improving facial lines and wrinkles."
https://wellnesscentercleveland.myaesthetic.agency/sofwave,True,,https://wellnesscentercleveland.myaesthetic.agency/sofwave,Non-Surgical Facelift with Sofwave,"Sofwave™ stimulates collagen to firm face & neck — clinically proven, FDA-cleared, and beautifully natural. Real lift. Real results. Zero recovery.",,Book Your Consultation →,treatment_page,True,Sofwave™|Non-Surgical Facelift|Face Laxity & Sagging treatment|Neck Laxity treatment|Brow Lift|Fine Lines & Wrinkles treatment,"Sofwave™ stimulates collagen to firm face & neck — clinically proven, FDA-cleared, and beautifully natural. Real lift. Real results. Zero recovery. Sofwave™ is an FDA-cleared, clinically proven non-surgical skin tightening and lifting treatment that uses Synchronous Ultrasound Parallel Beam SUPERB™ technology."
https://coolpromo.advancedskinandbodysolutions.com/sofwave,True,,https://coolpromo.advancedskinandbodysolutions.com/sofwave,"Sofwave Skin Tightening Promotion | Advanced Skin and Body Solutions | Bellevue, WA",$500 Off Sofwave® - Non-Surgical Ultrasound Lift and Skin Tightening!,$500 Off Sofwave® with purchase of 3+ treatment package,fill out our contact form below to receive our limited time offer,offer_landing_page,True,Sofwave|Clear + Brilliant Laser|ResurFX|Tixel 2 Thermal Treatments|IPL (Intense Pulsed Light) Therapy|SkinPen Microneedling,"$500 Off Sofwave® The #1 Medical Spa in Bellevue and Greater Seattle Non-Surgical Ultrasound Lift and Skin Tightening! Non-Surgical, Ultrasound Facial Lifting and Skin Tightening Treatment Areas: Face · Brow · Neck · Arms Abs · Thigh · Improve Fine Lines, Wrinkles & Mild, Moderate to Severe Skin Laxity"
https://www.joinblvd.com/b/walnutcreekaethetics/widget,True,,https://www.joinblvd.com/b/walnutcreekaethetics/widget,,,,,contact_booking,False,,Loading Schedule...
http://instagram.com/treatmedspaofficial,False,disallowed by robots.txt,,,,,,,,,
https://treatmedspa.com/,True,,https://treatmedspa.com/,Treat Yourself to Luxury Aesthetics,"Discover premier medspa in NYC for anti-aging treatments. Smooth fine lines, tighten skin, and glow with confidence at Treat Medspa.",New Client Special | 20% Off + Black Friday Up to 60% Off,Book Now,homepage,True,CoolSculpting® Elite|Emsculpt® NEO|TruFlex|Laser Hair Removal|BOTOX®|Fillers|Salmon DNA|Sofwave™|XERF|Emface|Microneedling|AquaGold®|HydraFacial|Clear + Brilliant|VI Peel|Laser Genesis|Venus Freeze|Weight Loss with Semaglutide,"Treat Yourself to Luxury Aesthetics. Modern medical spa reception desk with striped wood wall, marble counter, and white flowers. TREAT logo. Modern medical spa reception area with white marble desk, neutral tones, pendant lighting, and plant decor. Five gold stars. New Client Special | 20% Off. Schedule your FREE consultation today."
https://epanouirlongevity.renew360.co/sofwave/,False,robots.txt fetch failed: SSL certificate hostname mismatch,,,,,,,,,
https://epanouirlongevity.renew360.co/,False,failed to fetch or parse robots.txt,,,,,,,,,
https://inbloom.aestheticoffers.com/special-nco,True,,https://inbloom.aestheticoffers.com/special-nco,Claim Your New Patient Voucher,Enter your information below to claim an exclusive voucher for your first appointment.,Exclusive voucher for first appointment; also mentions CoolSculpting giveaway of 3 sessions,SUBMIT,offer_landing_page,True,CoolSculpting,"Call Us: (603) 810-8709. Claim Your New Patient Voucher. Enter your information below to claim an exclusive voucher for your first appointment. I am a new patient. I am an established patient. Procedure of Interest*. I agree to the terms & conditions provided by Inbloom. By providing my phone number, I agree to receive text messages from the business."
https://simplydivine.beautypromo.co/giftcard-softwave,True,,https://simplydivine.beautypromo.co/giftcard-softwave,Claim Your Hooded Eye Rescue Treatment for JUST $299!,We are keeping this offer EXCLUSIVE to the FIRST 12 people who claim!!!,$299 for Sofwave Hooded Eye Rescue Treatment (valued at $600),CLAIM YOUR SPOT,offer_landing_page,True,Sofwave Hooded Eye Rescue Treatment|Sofwave,"Get Ready to Lift, Tighten, and Rejuvenate Your Skin. Claim Your Hooded Eye Rescue Treatment for JUST $299! We are keeping this offer EXCLUSIVE to the FIRST 12 people who claim!!! What's included? ✔️ Sofwave Hooded Eye Rescue Treatment ✔️ Promoting upper lid Fill Out The Form Below👇"
https://auraemedspa.medstudioz.com/in-office-group-demo,True,,https://auraemedspa.medstudioz.com/in-office-group-demo,"You're Invited To A Week Of Exclusive Drinks, Demos & Transformations","Join Us For A Week Of Beauty, Demos And Perimenopause Skin Transformations",FREE $200 Beauty Pass Towards Any Series Or Custom Treatment Plans,RSVP & Reserve My Free $200!,offer_landing_page,True,CoolPeel Skin Resurfacing & Renewal|Hair restoration|Laser treatments,"You're invited to a relaxed evening of bubbly, good company, and live demos, built around the skin concerns that come with perimenopause and menopause. Come meet our team, ask the questions you've been sitting on, and see CoolPeel work in real time."
https://newhopeaesthetics.adverthead.com/,True,,https://newhopeaesthetics.adverthead.com/,Get $300 Your Non-Surgical Under Eye Rejuvenation At Newhope Aesthetics,"If you've noticed fine lines, crepey skin, or tired-looking eyes, CoolPeel CO₂ Laser Skin Rejuvenation can help restore a smoother, brighter, and more youthful appearance — without surgery.","Usually $600, now just $299 for a limited time",Claim This Offer!,offer_landing_page,True,CoolPeel CO₂ Laser Skin Rejuvenation|Non-Surgical Under Eye Rejuvenation|CoolPeel CO₂ Laser Treatment with Tetra Pro,"If you've noticed fine lines, crepey skin, or tired-looking eyes, CoolPeel CO₂ Laser Skin Rejuvenation can help restore a smoother, brighter, and more youthful appearance — without surgery. Usually $600, now just $299 for a limited time. Brighter, smoother eyes – helps reduce fine lines, crepey skin, and signs of ageing. Minimal downtime – return to most daily activities shortly after treatment. Long-lasting results – collagen renewal can continue improving the skin for months after treatment."
https://geminiglowmedspa.aesthetic-booking.com/co2-laser-utah-promo,True,,https://geminiglowmedspa.aesthetic-booking.com/co2-laser-utah-promo,Claim Your $300 CO2 Laser Voucher,CoolPeel/DEKA CO2 Laser Skin Laser Resurfacing best for Face • Eyes • Neck · Acne Scars • Fine Lines • Sun Damage • Pores • Texture • Natural Collagen Rebuild,$300 Off toward CO2 Laser Skin Resurfacing; Acne/Full Face $497 Reg. $800,Claim My $300 CO2 Laser Voucher,offer_landing_page,True,CO2 CoolPeel Laser|DEKA Tetra CO2 Laser Resurfacing|Advanced DEKA® Tetra CO2 Laser Resurfacing,"Claim My $300 CO2 Laser Voucher. 6321 S Redwood Rd STE 102, Taylorsville, UT 84123. Call Now +1 801-421-2944. Offer ends 31st August (3/15 Vouchers Left). Claim Your $300 CO2 Laser Voucher. CoolPeel/DEKA CO2 Laser Skin Laser Resurfacing best for Face • Eyes • Neck · Acne Scars • Fine Lines • Sun Damage • Pores • Texture • Natural Collagen Rebuild."
https://vitacellmedicalspa.com/,True,,https://vitacellmedicalspa.com/,,,,,homepage,False,Dysport injections|Jeuveau injections|Dermal fillers|Lip fillers|RF microneedling|Laser hair removal|CoolPeel CO2 laser|Chemical peel|PRP facial|PRP hair restoration|Medical weight loss|Hormone therapy|IV therapy NAD+|Peptide therapy,
https://bestdeals.glowmedspa.co/lifting-express-de-cuello-y-mandbula,True,,https://bestdeals.glowmedspa.co/lifting-express-de-cuello-y-mandbula,¿Empiezas a notar flacidez o pérdida en tu línea de la mandíbula?,Prueba el lifting Nefertiti con Botox en Glow Medical Spa,POR SOLO $499 (Normalmente $650) + 1 tratamiento de Opus Plasma de cortesía valorado en $399,¡RECLAMA MI TRATAMIENTO DE OPUS PLASMA DE CORTESÍA!,offer_landing_page,True,Nefertiti Lift|Botox|Opus Plasma|Rellenos Dermicos|Harmonizacion Facial Completa|Restauracion de Cabello Ultrasonica|Rejuvenecimiento de la Piel con Laser|Perdida de Peso|Microneedling,¿Empiezas a notar flacidez o pérdida en tu línea de la mandíbula? Prueba el lifting Nefertiti con Botox en Glow Medical Spa. POR SOLO $499 (Normalmente $650). ¡Nuestro tratamiento más popular de Lifting Facial Inferior Sin Cirugía! Mandíbula más definida – Reduce la flacidez temprana y suaviza el arco mandibular. Cuello más liso – Disminuye las bandas verticales del cuello (bandas platisma). Lifting del rostro inferior –
https://bestdeals.glowmedspa.co/non-surgical-lower-facelift-offer,True,,https://bestdeals.glowmedspa.co/non-surgical-lower-facelift-offer,"Starting to notice heavier brows, a softer jawline, early jowls, or wrinkles that leave you looking tired, stressed, or older than you feel?",Experience the Nefertiti Botox Lift at Glow Medical Spa,FOR ONLY $499 (Usually $650) + complimentary Opus Plasma treatment valued at $399,CLAIM MY COMPLIMENTARY OPUS PLASMA TREATMENT!,offer_landing_page,True,Nefertiti Lift|Botox|Fillers|Full Face Restoration|Alma TED Hair Restoration|Opus Plasma Skin Restoration|Medical Weight Loss|Microneedling,"Starting to notice heavier brows, a softer jawline, early jowls, or wrinkles that leave you looking tired, stressed, or older than you feel? Experience the Nefertiti Botox Lift at Glow Medical Spa FOR ONLY $499 (Usually $650) Our most popular Non Surgical Lower Facelift Treatment! More defined jawline – Reduces jowling and softens the jaw area. Smoother neck – Diminishes vertical neck bands (platysmal bands). Lifted lower face – Creates a slight lift by relaxing the muscles that pull the jaw and neck downward."
http://cleoskinandlaser.com/pages/laser-facials,True,,http://cleoskinandlaser.com/pages/laser-facials,Laser treatments for all skin tones,Get $200 Off on your first laser facial when you book a consultation,First Time Laser Facials Only $80 (Save $200),Book now,treatment_page,False,CLEO Contour|CLEO Contour Facial|Glass Skin Laser Facial|Glass Skin Laser|Pico Laser Facial|Skin Shield Pico Laser|CLEO Signature Photofacial|Photofacial|Sublative Resurfacing|Sublative|Laser Hair Removal|Laser Tattoo Removal|Microneedling|Permanent Makeup Removal,"Minneapolis + Detroit + St. Louis + Atlanta. Rated 4.9 on Google. Laser treatments for all skin tones. Get $200 Off on your first laser facial when you book a consultation. [Video content]. Explore treatments: CLEO Contour - Our signature sculpt + tighten treatment with radio frequency & lymphatic drainage. First Time $80. CLEO Contour Facial - Our signature sculpt + tighten treatment, combining Radio Frequency (RF) with lymphatic massage for a firmer, more lifted look in the immediate term and long term results with collagen synthesis."
https://cleoskinandlaser.com/pages/laser-facials,True,,https://cleoskinandlaser.com/pages/laser-facials,Laser treatments for all skin tones,Get $200 Off on your first laser facial when you book a consultation,First Time Laser Facials Only $80 (Save $200),Book now,treatment_page,False,Laser Facials|Laser Hair Removal|Laser Tattoo Removal|Microneedling|Permanent Makeup Removal|CLEO Contour|CLEO Contour Facial|Glass Skin Laser Facial|Glass Skin Laser|Pico Laser Facial|Skin Shield Pico Laser|CLEO Signature Photofacial|Photofacial|Sublative Resurfacing|Sublative,Minneapolis + Detroit + St. Louis + Atlanta. Rated 4.9 on Google. Laser treatments for all skin tones. Get $200 Off on your first laser facial when you book a consultation. Our signature sculpt + tighten treatment with radio frequency & lymphatic drainage.
http://instagram.com/drzachwillis,False,disallowed by robots.txt,,,,,,,,,
https://drlasermd.com/bblhero,True,,https://drlasermd.com/bblhero,Next Step: Claim Your BBL Hero Offer!,"The Fastest, Most Effective Way To Reveal Brighter, Clearer, Younger-Looking Skin Without Downtime.",Face + Neck & Exion Lip Plump All For $399,CLAIM OFFER NOW!,offer_landing_page,False,BBL Hero Photofacial|BBL HERO Facial|Exion Lip Plump,"ERASE DARK SPOTS, SHRINK PORES AND ELIMINATE FINE LINES AND WRINKLES WITH THE BBL HERO. THE FASTEST, MOST EFFECTIVE WAY TO REVEAL BRIGHTER, CLEARER, YOUNGER-LOOKING SKIN WITHOUT DOWNTIME. New Client Offer: BBL Hero Face + Neck & Exion Lip Plump All For $399"
https://premieraestheticsmt.com/,True,,https://premieraestheticsmt.com/,Confidence is Beauty,Refine your beauty and regain your confidence.,Free Consultation,Free Consultation,homepage,False,Botox|Dysport|Kybella|PDO Thread Lifts|Belotero|Volbella|Vollure|Voluma|Defyne|Kysse|Lyft|Refyne|Sculptra|BBL|Halo|Laser Hair Removal|Laser Resurfacing (Erbium)|Moxi|Chemical Peel|CO2 Lift|Dermaplaning|Exosomes|Facials|HydraFacial|Hydrascalp|Hyfrecator|Lash Lift & Tint|Micro Needling|PRF Gel|PRX Facial|Salt Facial|Sofwave|EmSculpt,"Choose an Area of Treatment. L Forehead L Brow L Scalp L Crow's Feet L Cheeks L Nasolabial Folds L Marionette Lines L Lip Volume & Border L Jawline Contour L Neck. Experience & a Caring Attitude. The Premier Aesthetics Difference. Premier Aesthetics luxury med spa is here to help you refine your personal beauty. Learn more about botox, fillers, laser therapies, and skin treatments to help you feel more vibrant and confident."
http://www.fwderm.com/,True,,http://www.fwderm.com/,"Fort Wayne Dermatology Consultants, Inc. has been working with patients to provide the best dermatological care for patients in the Fort Wayne area.",Our provider experience in dermatology is coupled with genuine concern for our patients.,"TRIBRID™ Intro Price — $2,500; Fall Sale online September 19, in-store September 21",MAKE APPOINTMENT,homepage,False,Botox|Fillers|Dysport|CoolSculpting|Microneedling|DiamondGlow|MOHS Surgery|TRIBRID|HALO|MOXI|BBL HEROic|IPL,"Fort Wayne Dermatology Consultants, Inc. has been working with patients to provide the best dermatological care for patients in the Fort Wayne area. Our provider experience in dermatology is coupled with genuine concern for our patients. All of our staff is dedicated to your comfort and prompt attention as well. Our goal is to help you achieve and maintain healthy skin."
https://fwderm.com/coolsculpting/,True,,https://fwderm.com/coolsculpting/,CoolSculpting (Nonsurgical Fat Reduction),CoolSculpting is a nonsurgical procedure designed to remove excess fat through the targeted use of cold temperatures.,,REQUEST APPOINTMENT,treatment_page,False,CoolSculpting,"CoolSculpting is a nonsurgical procedure designed to remove excess fat through the targeted use of cold temperatures. Because fat deposits are particularly susceptible to cold, the surrounding skin is left unharmed. Areas of the body commonly targeted in coolsculpting include: Neck, Abdomen, Thighs. Because coolsculpting is a non-surgical procedure, it often appeals to those who have fat deposits that have persisted through consistent diet and exercise."
https://www.instagram.com/elinea.sf,False,disallowed by robots.txt,,,,,,,,,
http://instagram.com/elinea.sf,False,disallowed by robots.txt,,,,,,,,,
https://scheduling.symplast.com/csps/4,True,,https://scheduling.symplast.com/csps/4,,,,,contact_booking,True,,
https://go.newskin.com/co2resurfacing/,True,,https://go.newskin.com/co2resurfacing/,"Reveal your best skin yet. Smooth, firm, and renewed with CO₂ CoolPeel Resurfacing","Discover A Sanctuary of Beauty & Innovation at the #1 Medspa & Plastic Surgery Center in Bellevue, Washington",Free Neck and Chest add on ($500 savings) with CO2 CoolPeel treatment for new clients,BOOK NOW,treatment_page,True,Botox|Dermal Fillers|HydraFacial|Morpheus8|Microneedling|CO₂ Resurfacing / CoolPeel|Collagen 401K|Halo Laser|Laser Facial|PRF EZ Gel|Sculptra|Facial Balancing|Facelift|Rhinoplasty|Mommy Makeover|Blepharoplasty|Necklift|Liposuction|Laser Hair Removal|Skin Tightening|Red Light Therapy|PDO Threads,"Reveal your best skin yet. Smooth, firm, and renewed with CO₂ CoolPeel Resurfacing. At NewSkin™, we are dedicated to helping you achieve the radiant, youthful appearance you've always desired. Our state-of-the-art medical spa combines luxury with cutting-edge aesthetic technology, offering a wide range of surgical and non-surgical services designed to enhance your natural beauty."
https://go.newskin.com/laser-facial/,True,,https://go.newskin.com/laser-facial/,"Brighten, Rejuvenate, and Even Skin Tone with a BBL/MOXI Laser Treatment at NewSkin™ Medical Spa","Experience smoother, brighter skin with BBL/MOXI Laser Treatment at NewSkin™",Get $200 OFF BBL/Moxi treatment,REQUEST A CONSULTATION,treatment_page,True,BBL/MOXI Laser Treatment|Botox|Dermal Fillers|HydraFacial|Morpheus8|Microneedling|CO₂ Resurfacing|CoolPeel|Collagen 401K|Halo Laser|PRF EZ Gel|Sculptra|Facial Balancing|Facelift|Rhinoplasty|Mommy Makeover,"At NewSkin Medical Spa in Bellevue, WA, our BBL/MOXI Laser Treatment offers a revolutionary way to rejuvenate your skin. This advanced treatment is designed to address various skin concerns while enhancing your skin's overall tone and texture. The BBL/MOXI Laser Treatment targets imperfections such as sun damage, pigmentation, redness, and fine lines by using intense pulsed light to stimulate collagen production and promote a youthful complexion."
https://omnisculptmd.com/new-patient-offer/,True,,https://omnisculptmd.com/new-patient-offer/,New to OMNI SCULPT MD Here's $100 Off!,"As a new patient, we'd like to offer you $100 off your first treatment with our Nurse Practitioner!","$100 off Botox or dermal fillers (minimum 1 syringe filler or 50 units Botox, or $700 minimum spend)",Book Now,offer_landing_page,True,Botox|Dermal Fillers|Dysport|Jeuveau|Xeomin|DAXXIFY|Juvederm|Restylane|RHA|Kybella|Radiesse|Sculptra|Hydrafacial|Microneedling|Chemical Peels|Laser treatments|PRP|Hair Restoration|Hormone Replacement Therapy,"As a new patient, we'd like to offer you $100 off your first treatment with our Nurse Practitioner! You can apply this towards any Dermal Filler Treatment (minimum of 1 syringe) or Botox Treatment (minimum of 50 units) or any minimum $700 spend to qualify. Fill out the form to claim your offer and one of our dedicated Patient Liaisons will be in touch within the business day!"
https://rejuvenations-lv.com/,True,,https://rejuvenations-lv.com/,Reveal Your Best Self,"At Rejuvenations Lehigh Valley, our board-certified physician and experienced team are dedicated to helping you look and feel your best.",,Book Your Appointment,homepage,True,Botox|Fillers|Laser Hair Removal|Neurotoxins|Dermal Fillers|Facial Services|Permanent Makeup|Spray Tanning|Skin Treatments|Tattoo Removal|Medical Weight Loss|IV Wellness & Peptides|Body Contouring|Hair Restoration|Hormone Therapy|Vaginal Rejuvenation|EnerJet|Emsculpt Neo|Emface|Exion|Plexr,"At Rejuvenations Lehigh Valley, our board-certified physician and experienced team are dedicated to helping you look and feel your best. We combine advanced medical aesthetics with compassionate care to enhance your natural beauty, restore confidence, and support your well-being at every stage of life."
https://www.sirensmedspa.com/services/bbl-and-moxi-treatment/,True,,https://www.sirensmedspa.com/services/bbl-and-moxi-treatment/,"BBL® and Moxi® Treatment in Somerville, NJ","Achieving youthful, radiant skin is now easier than ever with BBL® (BroadBand Light) and Moxi® laser treatments.",,,treatment_page,False,BBL® HERO™ (High Energy Rapid Output)|Moxi® Laser|Intense Pulsed Light (IPL)|Fractional Laser,"Achieving youthful, radiant skin is now easier than ever with BBL® (BroadBand Light) and Moxi® laser treatments. These cutting-edge, non-invasive procedures enhance skin tone, reduce pigmentation, and stimulate collagen production. Whether looking for preventive skincare or corrective treatments, BBL® and Moxi® provide long-lasting, noticeable improvements with minimal downtime."
https://www.sirensmedspa.com/services/opus-skin-rejuvenation/,True,,https://www.sirensmedspa.com/services/opus-skin-rejuvenation/,"Opus® Skin Rejuvenation in Somerville, NJ","Sirens Med Spa, led by triple-board-certified physician Dr. Amanda Borham and Dr. Ahmed M. Abdel-Megid, offers advanced skincare solutions in Somerville, NJ.",,Call us at 732.231.5959 or send us a message,treatment_page,True,Opus® Skin Rejuvenation|TED Hair Restoration|Laser Hair Removal|DiamondGlow Facials|Botox and Neurotoxins|BBL® and Moxi® Treatment|CoolLift Facial|Dermal Fillers|Medical Weight Loss|Teeth Whitening|Vitamin IV Therapy|Facials & Peels|Skin Boosters|Platelet Rich Plasma (PRP) Therapies|Microneedling with HA|Dermaplaning|Face Reality Acne Treatment|Celluma Light Therapy|Crystal Chakra Mat|NAD+ IV Therapy,"Sirens Med Spa, led by triple-board-certified physician Dr. Amanda Borham and Dr. Ahmed M. Abdel-Megid, who is board-certified in Rheumatology and Autoimmune Diseases and board-eligible in Aesthetic Medicine, is your premier destination for advanced skincare in Somerville, NJ. We proudly offer various services, including the revolutionary Opus® Skin Rejuvenation. This cutting-edge solution transforms your skin's appearance with minimal downtime."
http://miabella-aesthetics.com/,True,,https://miabella-aesthetics.com/,Mia Bella Aesthetics,EXPERIENCE OUR UNIQUE APPROACH,Now offering payment plans for our services!,Book Now,homepage,True,IV Fluids & Vitamin Infusions|Microneedling|Dermal Filler|LUMECCA Intense Pulsed Light|Zo Skincare|Chemical Peels & Facials|Anti-Wrinkle Injections|Skin Rejuvenation & Tightening|CoolPeel|Morpheus8|Radiesse,"Our unique team approach offers clients the latest in non‑surgical cosmetics and procedures in a welcoming, safe environment. We are excited to announce that we now offer payment plans at Mia Bella Aesthetics! Have you been waiting on a service that was just a little out of reach? Wait no more!"
https://sofwave.com/,True,,https://sofwave.com/,Wave Hello to Sofwave,"Sofwave - The Regenerative Aesthetics Company™, offers next-generation non-invasive face and body treatments using ultrasound technology for SUPERB™ results.",,Explore,homepage,False,Sofwave™|Pure Impact,"Wave Hello to Sofwave. Sofwave - The Regenerative Aesthetics Company™, offers next-generation non-invasive face and body treatments using ultrasound technology for SUPERB™ results. Explore our dedicated sections whether you are a patient or a provider. Celebrate Beauty the Natural Way. Sofwave™ offers non-invasive, clinically proven, and FDA-cleared ultrasound and EMS solutions to improve skin laxity, lift, and tone. Your skin, your body, your resources."
http://e.com/,False,DNS resolution failed (name or service not known),,,,,,,,,
http://skin.bhmedspas.com/fortworth,False,HTTP 404,,,,,,,,,
http://skin.bhmedspas.com/flowermound,True,,https://skin.bhmedspas.com/flowermound,Welcome to BHRC Flower Mound,LIVE WELL | LOOK GREAT | DEFY TIME,Members get 1 Free Treatment EVERY Month; $250 OFF Filler; $10 BOTOX; 30% OFF Lasers,BOOK NOW,contact_booking,False,Botox|Dysport|Filler|HydraFacial|IPL Pigment Laser|Laser Hair Removal|CoolTone|Lip Flip|Fire and Ice Facial|Myer's Cocktail IV|Bioidentical Hormone Replacement Therapy|Weight Loss Program|Body Contouring,"We're excited to welcome you to the BHRC Flower Mound team—bringing fresh expertise and over 15 years of award-winning Aesthetic & Wellness experience, with added specialization in hormone therapy."
http://skin.bhmedspas.com/southlake,True,,https://skin.bhmedspas.com/southlake,Welcome to BHRC Southlake,LIVE WELL | LOOK GREAT | DEFY TIME,"Members get 1 Free Treatment EVERY Month + $250 OFF Filler, $10 BOTOX, 30% OFF Lasers",BOOK NOW,homepage,False,Botox|Dysport|Filler|HydraFacial|IPL Pigment Laser|Laser Hair Removal|CoolTone|Lip Flip|Fire and Ice Facial|Myer's Cocktail IV|Body Contouring|Hormone Replacement Therapy|Weight Loss Program,"We're excited to welcome you to the BHRC Southlake team—bringing fresh expertise and over 15 years of award-winning Aesthetic & Wellness experience. Expertise that puts you first. Your skin. Your body. Your confidence—elevated. At Beverly Hills Rejuvenation Center, we blend the art of beauty with the science of youth to help you feel like the most refreshed, radiant version of yourself."
http://skin.bhmedspas.com/frisco,True,,https://skin.bhmedspas.com/frisco,Welcome to BHRC Frisco,LIVE WELL | LOOK GREAT | DEFY TIME,"Members get 1 Free Treatment EVERY Month + Exclusive Year Round Discounts: $250 OFF Filler, $10 BOTOX, 30% OFF Lasers",BOOK NOW,homepage,False,Botox|Dysport|Filler|HydraFacial|IPL Pigment Laser|Laser Hair Removal|CoolTone|Lip Flip|Fire and Ice Facial|Myer's Cocktail IV|Body Contouring|Hormone Replacement Therapy|Weight Loss Program|Laser Services,We're excited to welcome both new and returning faces to the BHRC Frisco team—bringing fresh expertise and familiar care you know and trust with over 15 years of award winning Aesthetic & Wellness experience.
https://www.cartessaaesthetics.com/explore-quadessy,True,,https://www.cartessaaesthetics.com/explore-quadessy,"Designed for Speed, Safety & Versatility","QUADESSY introduces the next generation of radiofrequency microneedling technology, Hybrid-RFMN, that builds on years of innovation to deliver a faster, more versatile and effective treatment that maximizes comfort, predictability, and safety.",,Speak with a Representative,treatment_page,True,Quadessy|HybridRF handpiece|QuadRF|WavPlus Handpiece|PointRF Handpiece|TORO|EVERESSE|Helix|PHYSIQ 360|VirtueRF,"Hybrid RFMN Designed for Speed, Safety & Versatility. QUADESSY introduces the next generation of radiofrequency microneedling technology, Hybrid-RFMN, that builds on years of innovation to deliver a faster, more versatile and effective treatment that maximizes comfort, predictability, and safety. Quadessy delivers synchronized RF energy to three layers of the skin – epidermis, papillary, and reticular dermis – in one pass, resulting in enhanced tightening and texture and tone improvements. Synchronized RF energy delivery to multiple layers cuts treatment times by more than 50%."
https://www.cartessaaesthetics.com/helix,True,,https://www.cartessaaesthetics.com/helix,HELIX – CUSTOMIZED CO2+ 1570NM SKIN RESURFACING,Expertly Tailor Fractional Ablative & Non-ablative Treatments,,Speak with a Representative,treatment_page,True,CoolPeel|Sultra|FUSION|DEKA CO2 Treatment,"Only HELIX offers the benefits of the most advanced fractional CO2 technology and non-ablative resurfacing to be used alone or together for superior results and healing time. Maximize consultations and marketing with three exclusive branded treatments that highlight the versatility and customization of the technology: CoolPeel – the award-winning, no-downtime fractional ablative treatment; Sultra – gentle, fractional non-ablative thermal collagen stimulation; FUSION – mixed treatments for faster healing and enhanced results with options safe for all skin types."
https://app.radiantbeautyandhealth.com/manhattan-c,True,,https://app.radiantbeautyandhealth.com/manhattan-c,Co2 CoolPeel Laser Glow Up Treatment,"SMOOTH AWAY FINE LINES & UNCOVER RADIANT, YOUTHFUL SKIN WITHOUT SURGERY...",FOR ONLY $349 (Originally $750),SECURE MY SPOT,offer_landing_page,True,Co2 CoolPeel Laser Glow Up Treatment|Cool Peel,"Co2 CoolPeel Laser Glow Up Treatment. SMOOTH AWAY FINE LINES & UNCOVER RADIANT, YOUTHFUL SKIN WITHOUT SURGERY... FOR ONLY $349 (Originally $750). Submit Your Information Below. Our most popular Face Treatment! Reduces Fine Lines and Wrinkles, Boosts Collagen Production, Improves Skin Texture, Renews and Rejuvenates, Non-Invasive Treatment, Long-Lasting Results."
https://app.radiantbeautyandhealth.com/west-hartford-c,True,,https://app.radiantbeautyandhealth.com/west-hartford-c,Co2 CoolPeel Laser Glow Up Treatment,"SMOOTH AWAY FINE LINES & UNCOVER RADIANT, YOUTHFUL SKIN WITHOUT SURGERY...",FOR ONLY $349 (Originally $750),SECURE MY SPOT,offer_landing_page,True,Co2 CoolPeel Laser Glow Up Treatment|Cool Peel,"Co2 CoolPeel Laser Glow Up Treatment SMOOTH AWAY FINE LINES & UNCOVER RADIANT, YOUTHFUL SKIN WITHOUT SURGERY... FOR ONLY $349 (Originally $750) Submit Your Information Below Our most popular Face Treatment! Reduces Fine Lines and Wrinkles Boosts Collagen Production Improves Skin Texture Renews and Rejuvenates Non-Invasive Treatment Long-Lasting Results"
https://app.radiantbeautyandhealth.com/eastchester-c,True,,https://app.radiantbeautyandhealth.com/eastchester-c,Co2 CoolPeel Laser Glow Up Treatment,"SMOOTH AWAY FINE LINES & UNCOVER RADIANT, YOUTHFUL SKIN WITHOUT SURGERY...",FOR ONLY $349 (Originally $750),SECURE MY SPOT,offer_landing_page,True,Co2 CoolPeel Laser Glow Up Treatment|Cool Peel,"Co2 CoolPeel Laser Glow Up Treatment. SMOOTH AWAY FINE LINES & UNCOVER RADIANT, YOUTHFUL SKIN WITHOUT SURGERY... FOR ONLY $349 (Originally $750). Submit Your Information Below. Our most popular Face Treatment! Reduces Fine Lines and Wrinkles. Boosts Collagen Production. Improves Skin Texture. Renews and Rejuvenates. Non-Invasive Treatment. Long-Lasting Results. About Radiant Beauty & Health Eastchester. Radiant Beauty & Health – Eastchester is a premier medical aesthetics destination in the heart of Eastchester, known for advanced, results-driven facial rejuvenation."
https://app.radiantbeautyandhealth.com/eastchester-b,True,,https://app.radiantbeautyandhealth.com/eastchester-b,RF Microneedling Collagen Reboot,"Renew, Tighten, and Transform Your Skin from Within WITHOUT SURGERY...",FOR ONLY $199 (Originally $450),SECURE MY SPOT,offer_landing_page,True,RF Microneedling Collagen Reboot,"RF Microneedling Collagen Reboot. Renew, Tighten, and Transform Your Skin from Within WITHOUT SURGERY... FOR ONLY $199 (Originally $450). Submit Your Information Below. Our most popular Face Treatment! Stimulates deep collagen production. Smooths wrinkles, fine lines, and acne scars. Tightens and lifts without surgery. Improves skin texture and tone. Minimal downtime with long-lasting results."
https://eterna-wellness.site/morpheus8-non-surgical-lift,True,,https://eterna-wellness.site/morpheus8-non-surgical-lift,"Lift, Firm, and Rejuvenate: Rediscover Your Radiance with the Morpheus8 Non-Surgical Face Lift",Minimal Discomfort | Little Downtime | Certified Provider,"Morpheus8 Non-Surgical Face Lift for $800 (Normal Price: $1,199). Recommended 3-Session Package: $2,500",Book Morpheus8 Non-Surgical Face Lift,offer_landing_page,False,Morpheus8|RF microneedling|Non-surgical face lift|Botox|Skin tightening|Collagen remodeling,"Don't Miss Out! Only 10 Spots Available in Highland This September! Lift, Firm, and Rejuvenate: Rediscover Your Radiance with the Morpheus8 Non-Surgical Face Lift. Minimal Discomfort | Little Downtime | Certified Provider. We've created the Morpheus8 Non-Surgical Face Lift, designed to improve firmness, texture, and definition through the full face, including the submental area or lower face, jawline, and neck. Your treatment also includes 10 units of Botox to complement your results."
http://instagram.com/drahsakarya,False,Disallowed by robots.txt,,,,,,,,,
https://schedule.pfrankmd.com/,True,,https://schedule.pfrankmd.com/,Schedule a Consultation at PFRANKMD,,,,contact_booking,,,"Based on the provided content, only metadata and page title are available. The actual page body text is not included in the source material."
https://instagram.com/dr.katekleydman,False,Disallowed by robots.txt,,,,,,,,,
https://pfrankmd.com/schedule-dermatology-consultation-nyc/,True,,https://pfrankmd.com/schedule-dermatology-consultation-nyc/,Schedule a Consultation,"We are happy to answer your questions about consultation options, cost, locations, and procedures.",,Schedule a Consultation,contact_booking,False,,"Schedule a Consultation. We are happy to answer your questions about consultation options, cost, locations, and procedures. Upper East Side: 1049 5th Avenue, Suite 2B, New York, NY 10028. (212) 327-2919. West Village: 132 Perry Street, New York, NY 10014. (212) 327-2919."
https://www.opalcharleston.com/,False,Connection timeout (robots.txt fetch failed),,,,,,,,,
https://www.opalcharleston.com/lasers,False,Connection timeout (robots.txt fetch failed),,,,,,,,,
https://spa.facebeautyscience.com/sylfirm-fblp,False,Page returned no visible content (metadata only),,,,,,,,,
https://www.special-freyaslaserbodysculpting.com/250-voucher,True,,https://www.special-freyaslaserbodysculpting.com/250-voucher,"Struggling with Loose Skin, Texture, or Signs of Aging?",FREE Consultations + FREE $250 Anti-Aging Voucher,FREE Consultations PLUS $250 Anti-Aging Voucher,SECURE YOUR FREE CONSULT + $250 VOUCHER,offer_landing_page,True,Scarlet RF|Agnes RF|3D IPL Photofacial|Cellenis PRP (Bio-Filler)|Clearlift|Nouvaderm|Hydrafacial|Aquafirm XS|LED Light Therapy|Aura 3D Skin Analysis|Agnes Ultra|Laser Hair Removal|Pure Sculpt Body Ice|Botox,"LIMITED FREE VOUCHERS REMAINING. Struggling with Loose Skin, Texture, or Signs of Aging? FREE Consultations + FREE $250 Anti-Aging Voucher. FREE Consultations + Vouchers are limited! Enter your information below to secure this online exclusive offer:"
https://instagram.com/dreammedspa.lasercenter,False,Disallowed by robots.txt,,,,,,,,,
https://offer.dreammedspa.com/collagenresurfacing,True,,https://offer.dreammedspa.com/collagenresurfacing,Save $351 on Your Fall Skin Refresh ✨,"If you're looking for smoother, brighter, more even-looking skin, our September Skin Resurfacing Special is the perfect opportunity to discover what LaseMD can do for your skin.","Buy 2 LaseMD Treatments, Get Your 3rd FREE - 3 Treatments for $699 (Normally $1,050). Offer ends October 10th.",Claim This Special Offer!,offer_landing_page,True,LaseMD|Fractional Laser Resurfacing|Chemical Peels|Hydrafacial|Microneedling,"Save $351 on Your Fall Skin Refresh ✨. I agree to terms & conditions provided by the company. By providing my phone number, I agree to receive text messages from the business. Claim This Special Offer! By submitting, you agree to receive SMS, calls or emails for the provided channel. Carrier rates may apply. Results vary. A consultation is required to determine candidacy. This page is for informational purposes only and does not guarantee outcomes. ✨ September Special✨. If you're looking for smoother, brighter, more even-looking skin, our September Skin Resurfacing Special is the perfect oppor"
https://www.praxisstudio.co/manejo-integral-de-co2-fraccionado-en-medicina-estetica/,True,,https://www.praxisstudio.co/manejo-integral-de-co2-fraccionado-en-medicina-estetica/,Manejo integral de co2 fraccionado en medicina estética,¿QUIERES ACCEDER AL ENTRENAMIENTO AVANZADO? APROVECHA ESTA OFERTA ESPECIAL POR SOLO 70 DÓLARES (65% DESCUENTO),$70 USD (65% discount) - Launch pricing for advanced training,COMPRAR MANEJO INTEGRAL DE CO2 FRACCIONADO EN MEDICINA ESTÉTICA - 70 USD,offer_landing_page,False,Láser CO2|Rejuvenecimiento Facial|Skin resurfacing|Manejo de cicatrices|Eliminación de tumoraciones benignas|Manejo de secuelas de acné|Kinesiotape/vendaje neuromuscular,¿QUIERES ACCEDER AL ENTRENAMIENTO AVANZADO? APROVECHA ESTA OFERTA ESPECIAL POR SOLO 70 DÓLARES (65% DESCUENTO). ADVERTENCIA: ESTE PRODUCTO ESTÁ DESTINADO EXCLUSIVAMENTE A PERSONAL MÉDICO. EL EJERCICIO DE ACTIVIDADES REGIDAS POR CONSEJOS PROFESIONALES DE SALUD SIN LA DEBIDA AUTORIZACIÓN CONSTITUYE UNA ACTIVIDAD ILEGAL.
http://instagram.com/plerclinics,False,Disallowed by robots.txt,,,,,,,,,
https://www.offer-coastalaesthetic.com/30-laser,True,,https://www.offer-coastalaesthetic.com/30-laser,Ready to Look and Feel Your Best?,"Coastal Aesthetics is Maine's trusted destination for natural, beautiful results.",30% OFF CO2 Laser Treatment,SECURE THIS OFFER,offer_landing_page,True,CO2 Laser Treatment|Clearskin Pro laser|Alma Hybrid CO₂ Laser|Botox,"Coastal Aesthetics is Maine's trusted destination for natural, beautiful results. Our expert providers create custom treatment plans that match your exact goals. ✨ Advanced lasers and skincare ✨ Expert injectors ✨ Personalized recommendations. Dramatic results with minimal downtime—refresh, resurface, and reveal radiant skin!"
https://glownar.com/products/silk-lotus-co2-laser,True,,https://glownar.com/products/silk-lotus-co2-laser,Silk Lotus CO2 Laser,Silk Lotus CO2 Laser,"$41,000.00 USD - Free Training & Certificate of Completion included with every spa device purchase",Add to cart,other,False,Skin rejuvenation|Scar revision|Wrinkle reduction|Pigmentation removal|Vaginal rejuvenation|Acne scar removal|Stretch mark removal|Skin tightening|Vaginal tightening|Lesion removal,"Precision. Performance. Perfection. Experience the next generation of advanced laser technology with the Silk Lotus Fractional CO2 Laser Machine—a state-of-the-art solution for skin rejuvenation, scar revision, wrinkle reduction, pigmentation removal, and gynecological rejuvenation. This innovative FDA Cleared & approved professional medical grade device is designed for versatility, efficiency, and ease of use, the Silk Lotus CO2 delivers exceptional results with minimal downtime, making it an essential tool for aesthetic clinics, dermatology centers, and gynecological practices."
https://glownar.com/,True,,https://glownar.com/,Spa Equipment for Estheticians & Salons | Glownar Aesthetics,"Buy spa and salon equipment online from Glownar. Trusted by professionals for quality, affordability, and top-rated aesthetic machines.","Free shipping with each purchase, Free training, real tech support, extended warranties, and a 30-day return policy. 0% Financing Available",BOOK YOUR FREE DEMO,homepage,False,Hydrodermabrasion|Laser Hair Removal|LED Light Therapy|Body Contouring|Cavitation & Vacuum|Microcurrent|Radiofrequency|Microneedling|Oxygen Infusion|Acne Treatment|Skin Rejuvenation|Diamond Dermabrasion|Fractional RF,"Los Angeles Showroom is Now OPEN! 434 N La Cienega Blvd, Los Angeles, CA 90048 (310) 507-9355 or (310) 596-6518. Come visit us in our showrooms in Fort Lauderdale FL, Brooklyn NY, Los Angeles CA, and Houston TX. Walk-ins welcome! Start Your Salon or Spa Setup. Speak with a Glownar Product Specialist and see which device fits your business needs."
https://offer.inmodemd.com/post-weight-loss-makeover,True,,https://offer.inmodemd.com/post-weight-loss-makeover,THE INMODE MAKEOVER FOR YOUR POST-WEIGHT LOSS BODY,"Don't let loose skin hide your incredible achievement. Complete your transformation with QuantumRF and Morpheus8 by InMode, designed to contract skin and restore a more youthful look without major surgery.",,Search Button,offer_landing_page,True,QuantumRF|Morpheus8,"Don't let loose skin hide your incredible achievement. Complete your transformation with QuantumRF and Morpheus8 by InMode, designed to contract skin and restore a more youthful look without major surgery. Rapid, significant weight loss is a life-changing milestone. But it can often leave behind loose, sagging skin that doesn't reflect how healthy you feel. You're not alone."
https://www.hesslerplasticsurgery.com/,True,,https://www.hesslerplasticsurgery.com/,Hessler Plastic Surgery Awarded Best Cosmetic Surgeon in Silicon Valley,Welcome to Hessler Plastic Surgery,,Schedule a Consultation,homepage,False,Facelift|Deep Plane Facelift|Neck Lift|Brow Lift|Rhinoplasty|Blepharoplasty|Hair Transplant|Injectables|Dermal Fillers|Neuromodulators|PRP Facelift|CoolSculpting|Laser Hair Removal|Laser Skin Resurfacing|Microneedling|Kybella|Ultherapy|Thread Lift|FaceTite|Sofwave,"Under the leadership of award-winning facial plastic surgeon Dr. Jill Hessler, Hessler Plastic Surgery is a thriving and progressive plastic surgery center proudly serving Palo Alto, San Jose, and the entire Bay Area. We are here to guide you every step of the way on your aesthetic journey."
https://www.boise.ultimateyoumedspa.com/events/,True,,https://www.boise.ultimateyoumedspa.com/events/,THE ULTIMATE LIFT™,Three Technologies·One Transformation·Lift. Tighten. Restore.,,RESERVE MY SEAT,offer_landing_page,False,Dermal Fillers|Wrinkle Relaxers|Facials|Microneedling|Emface|Exion Face|Exion Lip|Laser Hair Removal|Stretch Mark Revision|XERF|Ultimate Lift|Cynosure Ultra|EmSculpt Neo|Emsella|Exion Body|CoolSculpting|CoolTone,"Join Ultimate You MedSpa as we introduce The Ultimate Lift and celebrate our anniversary with an unforgettable evening. Seats are limited. Thursday, Sept. 24, 2026 | 4:00 PM – 9:00 PM | Boise Centre, Room 420 | Limited Seats Available"
https://ghl.ultimateyoumedspa.com/adsmicroneedlingv2,True,,https://ghl.ultimateyoumedspa.com/adsmicroneedlingv2,Get that post-treatment glow that everyone notices with RF Microneedling & ClariTone Facials,Ultimate Fall Reset for $999,Ultimate Fall Reset for $999 (Standard Bundle Price: $1999),SECURE MY SPOT,offer_landing_page,True,RF Microneedling|ClariTone Facials|Exion® RF Microneedling|DiamondGlow® Facial|SkinPen®,"Get that post-treatment glow that everyone notices with RF Microneedling & ClariTone Facials. Ultimate Fall Reset for $999. Standard Bundle Price: $1999. Experience the power of advanced treatments for a refreshed, youthful appearance."
https://www.just-wellness.com/sciton-laser-facial-grapevine,False,Connection timeout (robots.txt fetch failed),,,,,,,,,
https://www.just-wellness.com/moxi-laser-grapevine,False,Connection timeout (robots.txt fetch failed),,,,,,,,,
https://skinplusbeauty.com/services/bbl-heroic-coolpeel-co2-laser-in-pinecrest/,True,,https://skinplusbeauty.com/services/bbl-heroic-coolpeel-co2-laser-in-pinecrest/,BBL Heroic + CoolPeel CO2 Laser in Pinecrest,Year-Round Summer in Florida Is Worth It. The Sun Damage Is Not.,"1 BBL + 1 CoolPeel: $1,200 first session · $150 savings",Book Now,treatment_page,False,BBL Heroic|CoolPeel CO2 laser|Botox|Filler|Radiesse|Sculptra|SkinVive Skin Booster|PRP Therapy|EZ Gel|Facials|Chemical Peels|Moxi Laser|Broadband Light Therapy|Microneedling|Sultra Skin Tightening|CoolPeel Laser|CoolPeel Fusion Laser|Deka CO2 Laser|CO2 Eye Resurfacing|Body Contouring|Emsculpt Neo|Weight Loss Injections|Laser Hair Removal|Emsella|Hydrafacial,"South Florida gives you sunshine twelve months a year, and your skin keeps the receipts: sun spots scattered across the cheeks, redness that never quite settles, texture that makeup sits on top of instead of smoothing over. This pairing treats both halves of that problem in a single visit. BBL Heroic uses broadband light to break up pigment and calm the vessels behind persistent redness."
https://skinplusbeauty.com/services/moxi-laser-in-pinecrest/,True,,https://skinplusbeauty.com/services/moxi-laser-in-pinecrest/,Moxi Laser in Pinecrest,Improve Your Facial Texture,New Clients: Single Treatment $550 | Reg. Price $650,Book Now,treatment_page,False,Moxi Laser|BBL (Broadband Light Therapy)|SkinVive|Hydrafacial|Topical Exosomes|Botox|Filler|Radiesse|Sculptra|PRP Therapy|EZ Gel|Facials|Chemical Peels|Microneedling|Sultra Skin Tightening|CoolPeel Laser|CoolPeel Fusion Laser|Deka CO2 Laser|CO2 Eye Resurfacing|Emsculpt Neo|Laser Hair Removal|Emsella,"Many patients believe that in order to get their dream skin, they must use invasive methods. Thankfully, at Skin Plus Beauty, you can book an appointment for Moxi laser in Pinecrest and enjoy the latest in skin treatments. Moxi isn't just a favorite in our treatment rooms — it's earned recognition from some of the most trusted names in beauty. NewBeauty named it a top laser treatment for sun damage, Cosmopolitan awarded it Best Pro Treatment for Post-Inflammatory Hyperpigmentation in its 2023 Acne Awards, and it earned a Good Housekeeping Best Beauty Award after testing in the GH Beauty Lab."
https://us-evergreen.com/free-consultation/,True,,https://us-evergreen.com/free-consultation/,肌肤问题烦恼？ 私人定制您的抗衰方案,从抗衰老到肌肤焕亮，我们提供全面非手术皮肤抗衰服务。现在添加微信，获得免费一对一专业咨询，专享限时优惠！,免费咨询,添加微信，开启变美旅程,offer_landing_page,False,Sofwave™ 索夫波超提拉|BBL® HERO™ 超顶级光子嫩肤|Moxi™ Laser 超顶级激光焕肤|Ultherapy PRIME® 二代美版超声刀|Botox肉毒素|玻尿酸面部填充|水光针|祛斑|祛痘|Hydrafacial® 海菲秀|Kybella 溶脂针|Skin Booster|激光脱毛,肌肤问题烦恼？私人定制您的抗衰方案。从抗衰老到肌肤焕亮，提供全面非手术皮肤抗衰服务。现在添加微信，获得免费一对一专业咨询，专享限时优惠！具有10年以上经验，12+医学博士，每年接诊3000+客户，五星客户好评。
