ad_archive_id,advertiser,field,candidate_1,candidate_2,confidence,why,excerpt
2066986240529900,Elinea SF,funnel,mid_consideration,cold_prospecting,0.5,runner-up cold_prospecting at 0.4,Dr. Rami shares why HALO TRIBRID was the laser we knew our patients needed.
2109186649904911,Elinea SF,funnel,bottom_retargeting,cold_prospecting,0.5,runner-up cold_prospecting at 0.4,{{product.name}}
2109186649904911,Elinea SF,claim_risk,unclear,no,0.5,runner-up no at 0.4,{{product.name}}
2109186649904911,Elinea SF,claim_risk,unclear,,0.5,regulated category: templated DCO fields; 'Non-invasive treatment' for Morpheus8 (RF microneedling is minimally invasive); 'restoring youthful firmness',{{product.name}}
988309210402149,Elinea SF,hook_archetype,flat_spec,bold_claim,0.5,runner-up bold_claim at 0.4,instagram.com
1338955208117654,Antiage Institute: Medical Spa & Wellness Center,funnel,bottom_retargeting,cold_prospecting,0.5,runner-up cold_prospecting at 0.45,{{product.name}}
1338955208117654,Antiage Institute: Medical Spa & Wellness Center,indication,fine_lines_wrinkles,general_glow,0.45,confidence 0.45; runner-up general_glow at 0.4,{{product.name}}
1338955208117654,Antiage Institute: Medical Spa & Wellness Center,proof_asset,stat_or_study,none,0.5,runner-up none at 0.45,{{product.name}}
1022158343587747,Antiage Institute: Medical Spa & Wellness Center,funnel,bottom_retargeting,cold_prospecting,0.5,runner-up cold_prospecting at 0.45,Get 20% Off Laser & Skin Rejuvenation 😎
1022158343587747,Antiage Institute: Medical Spa & Wellness Center,indication,fine_lines_wrinkles,general_glow,0.45,confidence 0.45; runner-up general_glow at 0.4,Get 20% Off Laser & Skin Rejuvenation 😎
1022158343587747,Antiage Institute: Medical Spa & Wellness Center,proof_asset,stat_or_study,none,0.5,runner-up none at 0.45,Get 20% Off Laser & Skin Rejuvenation 😎
986797950753916,NEOSkin Promos,funnel,bottom_retargeting,cold_prospecting,0.5,runner-up cold_prospecting at 0.4,Up To $300 Off Laser Services
995970023179592,NEOSkin Promos,funnel,bottom_retargeting,cold_prospecting,0.5,runner-up cold_prospecting at 0.4,{{product.name}}
995970023179592,NEOSkin Promos,proof_asset,stat_or_study,none,0.5,runner-up none at 0.45,{{product.name}}
2287191362113701,NEOSkin Promos,funnel,bottom_retargeting,cold_prospecting,0.5,runner-up cold_prospecting at 0.4,{{product.name}}
2287191362113701,NEOSkin Promos,proof_asset,stat_or_study,none,0.5,runner-up none at 0.45,{{product.name}}
1035526536132954,Cool Springs Plastic Surgery,driver,status_identity,transformation,0.45,confidence 0.45; runner-up transformation at 0.4,HALO + BBL Lasers Now in Mt. Julie
1035526536132954,Cool Springs Plastic Surgery,funnel,cold_prospecting,mid_consideration,0.5,runner-up mid_consideration at 0.4,HALO + BBL Lasers Now in Mt. Julie
1035526536132954,Cool Springs Plastic Surgery,indication,pigmentation_sun_damage,texture_pores,0.5,runner-up texture_pores at 0.4,HALO + BBL Lasers Now in Mt. Julie
1086883191049528,Cool Springs Plastic Surgery,driver,price_value,fear_loss,0.45,confidence 0.45,"The laser we’ve been waiting for is HERE. ✨

Meet TRIBRID™, the revolutionary new resurfac"
1086883191049528,Cool Springs Plastic Surgery,indication,pigmentation_sun_damage,texture_pores,0.5,runner-up texture_pores at 0.45,"The laser we’ve been waiting for is HERE. ✨

Meet TRIBRID™, the revolutionary new resurfac"
3361352980730861,OVME,claim_risk,unclear,no,0.5,runner-up no at 0.45,Your Fall Skin Reset
3361352980730861,OVME,claim_risk,unclear,,0.5,"regulated category: 'Say goodbye to summer sun damage' (elimination-style language, hedged)",Your Fall Skin Reset
2110488083013563,OVME,claim_risk,unclear,no,0.5,runner-up no at 0.45,Your Fall Skin Reset
2110488083013563,OVME,claim_risk,unclear,,0.5,"regulated category: 'Say goodbye to summer sun damage' (elimination-style language, hedged)",Your Fall Skin Reset
1299803948894850,MidAmerica Medical Spa,format,problem_solution,lifestyle_aspiration,0.45,confidence 0.45,The Laser Treatment Patients Love
1299803948894850,MidAmerica Medical Spa,indication,general_glow,texture_pores,0.4,confidence 0.4; runner-up texture_pores at 0.35,The Laser Treatment Patients Love
2405464579939937,MidAmerica Medical Spa,hook_archetype,problem_callout,flat_spec,0.45,confidence 0.45,Refresh & Revitalize
1605945993837574,"Illuminate Plastic Surgery, Inc.",funnel,bottom_retargeting,cold_prospecting,0.5,runner-up cold_prospecting at 0.4,{{product.name}}
1605945993837574,"Illuminate Plastic Surgery, Inc.",claim_risk,yes,,0.8,regulated category: 'safe and FDA-approved' (HALO is FDA-cleared); 'Long-lasting results',{{product.name}}
1053341257596758,Dolce Vita Wellness & Medical Spa,hook_archetype,bold_claim,flat_spec,0.45,confidence 0.45,Your Best Skin Starts Now
1053341257596758,Dolce Vita Wellness & Medical Spa,format,offer_promo,lifestyle_aspiration,0.4,confidence 0.4; runner-up lifestyle_aspiration at 0.35,Your Best Skin Starts Now
1053341257596758,Dolce Vita Wellness & Medical Spa,cta_intent,free_consult,lead_capture,0.5,runner-up lead_capture at 0.45,Your Best Skin Starts Now
1440676924575667,Dolce Vita Wellness & Medical Spa,hook_archetype,bold_claim,flat_spec,0.45,confidence 0.45,Your Best Skin Starts Now
1440676924575667,Dolce Vita Wellness & Medical Spa,format,offer_promo,lifestyle_aspiration,0.4,confidence 0.4; runner-up lifestyle_aspiration at 0.35,Your Best Skin Starts Now
1440676924575667,Dolce Vita Wellness & Medical Spa,cta_intent,free_consult,lead_capture,0.5,runner-up lead_capture at 0.45,Your Best Skin Starts Now
28247141808255141,newskin,cta_intent,lead_capture,book_appointment,0.45,confidence 0.45; runner-up book_appointment at 0.4,Sun Damage & Fine Lines?
28247141808255141,newskin,indication,fine_lines_wrinkles,pigmentation_sun_damage,0.5,runner-up pigmentation_sun_damage at 0.45,Sun Damage & Fine Lines?
28247141808255141,newskin,downtime_handling,downtime_minimized,downtime_denied,0.5,runner-up downtime_denied at 0.4,Sun Damage & Fine Lines?
28247141808255141,newskin,claim_risk,unclear,,0.5,"regulated category: ""Washington's #1 medspa"" / ""Bellevue's #1 medspa"" (unsupported superiority); 'transformative results of traditional resurfacing without the typical downtime'",Sun Damage & Fine Lines?
28425501283750361,newskin,hook_archetype,direct_offer,problem_callout,0.5,runner-up problem_callout at 0.45,FREE $200 BBL/Moxi Gift Card - Bellevue
28425501283750361,newskin,offer,dollar_off,gift_with_treatment,0.5,runner-up gift_with_treatment at 0.4,FREE $200 BBL/Moxi Gift Card - Bellevue
28425501283750361,newskin,claim_risk,yes,,0.75,regulated category: 'Swipe through our real before-and-afters' with no results-may-vary disclaimer; 'results that keep improving',FREE $200 BBL/Moxi Gift Card - Bellevue
4036289083260183,EDEN Plastic Surgery Miami,format,testimonial_ugc,before_after_showcase,0.45,confidence 0.45,"“You're 70 just for the next 2 hours.” 😎

Donna traveled from Atlanta for her EVELift® — a"
4036289083260183,EDEN Plastic Surgery Miami,claim_risk,yes,,0.6,regulated category: 'Safe & Effective'; 'Dr. Charafeddine's magic'; results reveal ('see what 70 looks like after') with no disclaimer,"“You're 70 just for the next 2 hours.” 😎

Donna traveled from Atlanta for her EVELift® — a"
1182579797327155,EDEN Plastic Surgery Miami,cta_intent,learn_educate,message_us,0.5,runner-up message_us at 0.45,Misty touched the hearts of so many on the Eden team 🥺💖 Keep watching to hear the beautifu
1182579797327155,EDEN Plastic Surgery Miami,geo_signal,state_named,state_named,0.5,runner-up state_named at 0.4,Misty touched the hearts of so many on the Eden team 🥺💖 Keep watching to hear the beautifu
1061727853068203,EDEN Plastic Surgery Miami,hook_archetype,curiosity_tease,problem_callout,0.45,confidence 0.45,"Goal: A little less tired and a little more rejuvenated.😍

Sallie, 65 years young from Flo"
1061727853068203,EDEN Plastic Surgery Miami,cta_intent,learn_educate,book_appointment,0.5,runner-up book_appointment at 0.4,"Goal: A little less tired and a little more rejuvenated.😍

Sallie, 65 years young from Flo"
1061727853068203,EDEN Plastic Surgery Miami,geo_signal,state_named,none,0.5,runner-up none at 0.45,"Goal: A little less tired and a little more rejuvenated.😍

Sallie, 65 years young from Flo"
634968448090898,OmniSculptMD,funnel,mid_consideration,cold_prospecting,0.5,runner-up cold_prospecting at 0.4,"The results are in!⁠
⁠
Here is a before, during and after video diary of our beautiful pat"
634968448090898,OmniSculptMD,claim_risk,yes,,0.8,"regulated category: before/during/after video results shown ('Look how bright, polished and smooth... after just 1 treatment') with no results-may-vary disclaimer","The results are in!⁠
⁠
Here is a before, during and after video diary of our beautiful pat"
1954059671898962,OmniSculptMD,format,before_after_showcase,offer_promo,0.45,confidence 0.45; runner-up offer_promo at 0.4,"✨New Patients Receive $100 OFF your first treatment ✨

Look at the improvement in these de"
1954059671898962,OmniSculptMD,cta_intent,learn_educate,call_now,0.5,runner-up call_now at 0.4,"✨New Patients Receive $100 OFF your first treatment ✨

Look at the improvement in these de"
1954059671898962,OmniSculptMD,claim_risk,yes,,0.75,"regulated category: results 'after just ONE treatment' shown with no disclaimer; 'Restores thicker, healthier skin'","✨New Patients Receive $100 OFF your first treatment ✨

Look at the improvement in these de"
1428610605401447,OmniSculptMD,format,product_announcement,before_after_showcase,0.5,runner-up before_after_showcase at 0.4,OmniSculptMD
1428610605401447,OmniSculptMD,claim_risk,yes,,0.75,regulated category: 'Non-Surgical Facelift'; 'revolutionary'; 'incredible transformation' results with no disclaimer,OmniSculptMD
970939461955879,OmniSculptMD,indication,pigmentation_sun_damage,fine_lines_wrinkles,0.45,confidence 0.45; runner-up fine_lines_wrinkles at 0.4,OmniSculptMD
970939461955879,OmniSculptMD,claim_risk,yes,,0.85,regulated category: 'deep sun damage and deep wrinkle removal'; 'Significant reduction in pigmentation'; 'long-lasting results',OmniSculptMD
900512055765364,Plaza Aesthetics,awareness_stage,unaware,solution_aware,0.45,confidence 0.45; runner-up solution_aware at 0.4,Kansas City’s Premier Med Spa
27397949086504656,Spa Jolie,offer,first_treatment_price,free_consult,0.4,confidence 0.4; runner-up free_consult at 0.35,"Stretch marks don’t have to be permanent.

Our Fractional Laser treatment helps improve th"
27397949086504656,Spa Jolie,indication,texture_pores,acne_scarring,0.4,confidence 0.4,"Stretch marks don’t have to be permanent.

Our Fractional Laser treatment helps improve th"
27397949086504656,Spa Jolie,claim_risk,unclear,yes,0.5,runner-up yes at 0.4,"Stretch marks don’t have to be permanent.

Our Fractional Laser treatment helps improve th"
27397949086504656,Spa Jolie,claim_risk,unclear,,0.5,regulated category: 'Stretch marks don't have to be permanent' implies elimination (hedged by 'improve the appearance'); med spa,"Stretch marks don’t have to be permanent.

Our Fractional Laser treatment helps improve th"
1419411773335245,Spa Jolie,hook_archetype,social_proof,before_after_reveal,0.5,runner-up before_after_reveal at 0.4,"Our client loved her results after acne scar treatment at Spa Jolie.

Acne scar treatment "
1419411773335245,Spa Jolie,format,testimonial_ugc,before_after_showcase,0.4,confidence 0.4; runner-up before_after_showcase at 0.35,"Our client loved her results after acne scar treatment at Spa Jolie.

Acne scar treatment "
1419411773335245,Spa Jolie,offer,first_treatment_price,event_flash_sale,0.35,confidence 0.35; runner-up event_flash_sale at 0.3,"Our client loved her results after acne scar treatment at Spa Jolie.

Acne scar treatment "
1419411773335245,Spa Jolie,driver,social_proof,price_value,0.4,confidence 0.4; runner-up price_value at 0.35,"Our client loved her results after acne scar treatment at Spa Jolie.

Acne scar treatment "
1419411773335245,Spa Jolie,funnel,bottom_retargeting,mid_consideration,0.45,confidence 0.45,"Our client loved her results after acne scar treatment at Spa Jolie.

Acne scar treatment "
1419411773335245,Spa Jolie,proof_asset,patient_testimonial,before_after_photo,0.5,runner-up before_after_photo at 0.4,"Our client loved her results after acne scar treatment at Spa Jolie.

Acne scar treatment "
1419411773335245,Spa Jolie,claim_risk,yes,unclear,0.5,runner-up unclear at 0.4,"Our client loved her results after acne scar treatment at Spa Jolie.

Acne scar treatment "
1419411773335245,Spa Jolie,claim_risk,yes,,0.5,regulated category: 'Our client loved her results' with no results-may-vary disclaimer; med spa acne scar treatment claim,"Our client loved her results after acne scar treatment at Spa Jolie.

Acne scar treatment "
2040406813519924,BodyLase Med Spa,format,provider_authority,catalog_generic,0.5,runner-up catalog_generic at 0.4,North Carolina's Most Award-Winning Med Spa
2040406813519924,BodyLase Med Spa,awareness_stage,unaware,solution_aware,0.45,confidence 0.45,North Carolina's Most Award-Winning Med Spa
2040406813519924,BodyLase Med Spa,proof_asset,stat_or_study,none,0.5,runner-up none at 0.4,North Carolina's Most Award-Winning Med Spa
1769748834386322,BodyLase Med Spa,hook_archetype,bold_claim,flat_spec,0.4,confidence 0.4,Look Your Best. Feel Like You Again.
1769748834386322,BodyLase Med Spa,format,lifestyle_aspiration,catalog_generic,0.5,runner-up catalog_generic at 0.45,Look Your Best. Feel Like You Again.
2361276021026174,BodyLase Med Spa,format,provider_authority,catalog_generic,0.5,runner-up catalog_generic at 0.4,North Carolina's Most Award-Winning Med Spa
2361276021026174,BodyLase Med Spa,awareness_stage,unaware,solution_aware,0.45,confidence 0.45,North Carolina's Most Award-Winning Med Spa
2361276021026174,BodyLase Med Spa,proof_asset,stat_or_study,none,0.5,runner-up none at 0.4,North Carolina's Most Award-Winning Med Spa
1587758479097832,Eternal Wellness,hook_archetype,bold_claim,curiosity_tease,0.45,confidence 0.45,{{product.name}}
1587758479097832,Eternal Wellness,format,product_announcement,lifestyle_aspiration,0.45,confidence 0.45,{{product.name}}
1587758479097832,Eternal Wellness,driver,status_identity,downtime_avoidance,0.4,confidence 0.4,{{product.name}}
1587758479097832,Eternal Wellness,funnel,mid_consideration,cold_prospecting,0.5,runner-up cold_prospecting at 0.4,{{product.name}}
1587758479097832,Eternal Wellness,claim_risk,unclear,no,0.5,runner-up no at 0.45,{{product.name}}
1587758479097832,Eternal Wellness,claim_risk,unclear,,0.5,regulated category: templated DCO fields; 'Not all lasers are the same' implied superiority,{{product.name}}
1228505735499722,Eternal Wellness,hook_archetype,bold_claim,curiosity_tease,0.45,confidence 0.45,{{product.name}}
1228505735499722,Eternal Wellness,format,product_announcement,lifestyle_aspiration,0.45,confidence 0.45,{{product.name}}
1228505735499722,Eternal Wellness,driver,status_identity,downtime_avoidance,0.4,confidence 0.4,{{product.name}}
1228505735499722,Eternal Wellness,funnel,mid_consideration,cold_prospecting,0.5,runner-up cold_prospecting at 0.4,{{product.name}}
1228505735499722,Eternal Wellness,claim_risk,unclear,no,0.5,runner-up no at 0.45,{{product.name}}
1228505735499722,Eternal Wellness,claim_risk,unclear,,0.5,regulated category: templated DCO fields; 'Not all lasers are the same' implied superiority,{{product.name}}
1454863845966748,Rejuvenations Lehigh Valley,format,problem_solution,product_announcement,0.45,confidence 0.45,Rejuvenations Lehigh Valley
1454863845966748,Rejuvenations Lehigh Valley,indication,texture_pores,fine_lines_wrinkles,0.4,confidence 0.4; runner-up fine_lines_wrinkles at 0.35,Rejuvenations Lehigh Valley
2665361377007697,Labelleviemedspa,hook_archetype,bold_claim,curiosity_tease,0.4,confidence 0.4,"Bestie, You NEED to Try CoolPeel! ☁️✨

Okay, hear me out—CoolPeel is basically a time mach"
2665361377007697,Labelleviemedspa,driver,downtime_avoidance,transformation,0.45,confidence 0.45; runner-up transformation at 0.4,"Bestie, You NEED to Try CoolPeel! ☁️✨

Okay, hear me out—CoolPeel is basically a time mach"
2665361377007697,Labelleviemedspa,indication,general_glow,pigmentation_sun_damage,0.4,confidence 0.4; runner-up pigmentation_sun_damage at 0.35,"Bestie, You NEED to Try CoolPeel! ☁️✨

Okay, hear me out—CoolPeel is basically a time mach"
2665361377007697,Labelleviemedspa,claim_risk,yes,,0.7,"regulated category: 'time machine for your skin'; 'goodbye, fine lines!'; 'so long, dark spots!' (elimination language, med spa)","Bestie, You NEED to Try CoolPeel! ☁️✨

Okay, hear me out—CoolPeel is basically a time mach"
2693277687524526,Labelleviemedspa,hook_archetype,flat_spec,bold_claim,0.45,confidence 0.45,instagram.com
2693277687524526,Labelleviemedspa,claim_risk,unclear,,0.5,"regulated category: 'precise, effective, and safe Morpheus8 treatments... with minimal risk' (safety claim by nurse-led med spa)",instagram.com
1212830840321054,Labelleviemedspa,format,problem_solution,educational_howto,0.4,confidence 0.4; runner-up educational_howto at 0.35,"✨The ultimate skin reset: CO2 CoolPeel + Rejuran ✨

CO2 CoolPeel delivers precision resurf"
1212830840321054,Labelleviemedspa,claim_risk,unclear,yes,0.5,runner-up yes at 0.4,"✨The ultimate skin reset: CO2 CoolPeel + Rejuran ✨

CO2 CoolPeel delivers precision resurf"
1212830840321054,Labelleviemedspa,claim_risk,unclear,,0.5,"regulated category: Rejuran 'speeds healing, boosts collagen' (polynucleotide serum, not FDA-cleared in US); 'Heal fast'","✨The ultimate skin reset: CO2 CoolPeel + Rejuran ✨

CO2 CoolPeel delivers precision resurf"
670814632352769,Labelleviemedspa,hook_archetype,curiosity_tease,bold_claim,0.4,confidence 0.4,"🌟 Let’s talk about glow-ups not the overnight kind, but the ones where you invest in your "
670814632352769,Labelleviemedspa,driver,lifestyle_aspiration,downtime_avoidance,0.45,confidence 0.45,"🌟 Let’s talk about glow-ups not the overnight kind, but the ones where you invest in your "
2056363138566936,"Carl Truesdale, M.D.",format,problem_solution,comparison_switch,0.45,confidence 0.45; runner-up comparison_switch at 0.4,Laser Safe for Dark Skin
2056363138566936,"Carl Truesdale, M.D.",indication,unspecified,pigmentation_sun_damage,0.45,confidence 0.45; runner-up pigmentation_sun_damage at 0.4,Laser Safe for Dark Skin
2056363138566936,"Carl Truesdale, M.D.",claim_risk,yes,,0.55,regulated category: 'Laser Safe for Dark Skin' (safety-for-all-skin-tones claim); 'dramatically lower the risk of post-inflammatory hyperpigmentation',Laser Safe for Dark Skin
802307202820518,"Carl Truesdale, M.D.",format,problem_solution,provider_authority,0.4,confidence 0.4; runner-up provider_authority at 0.35,Melanin-Safe Resurfacing
802307202820518,"Carl Truesdale, M.D.",indication,unspecified,pigmentation_sun_damage,0.45,confidence 0.45; runner-up pigmentation_sun_damage at 0.4,Melanin-Safe Resurfacing
802307202820518,"Carl Truesdale, M.D.",claim_risk,yes,,0.6,regulated category: 'Laser resurfacing — finally safe for every skin tone' (safe-for-everyone claim),Melanin-Safe Resurfacing
1429633115739758,"Carl Truesdale, M.D.",hook_archetype,curiosity_tease,question,0.45,confidence 0.45; runner-up question at 0.4,Ask This Before Any Laser
1429633115739758,"Carl Truesdale, M.D.",indication,unspecified,pigmentation_sun_damage,0.45,confidence 0.45; runner-up pigmentation_sun_damage at 0.4,Ask This Before Any Laser
1429633115739758,"Carl Truesdale, M.D.",claim_risk,unclear,,0.5,"regulated category: 'FDA-cleared for all skin tones' at a practice 'built around skin of color' (safety-for-all framing, hedged)",Ask This Before Any Laser
2050143639230783,Skinsation Aesthetics - Med Spa,offer,event_flash_sale,first_treatment_price,0.5,runner-up first_treatment_price at 0.4,$199 CO2 Laser in Colleyville | This month only
2050143639230783,Skinsation Aesthetics - Med Spa,cta_intent,lead_capture,learn_educate,0.5,runner-up learn_educate at 0.4,$199 CO2 Laser in Colleyville | This month only
2050143639230783,Skinsation Aesthetics - Med Spa,indication,general_glow,texture_pores,0.5,runner-up texture_pores at 0.4,$199 CO2 Laser in Colleyville | This month only
848765304581049,Eleven Aesthetics,hook_archetype,flat_spec,bold_claim,0.4,confidence 0.4; runner-up bold_claim at 0.35,We love Morpheus8 at our office! It’s such a game changer when addressing skin issues and 
848765304581049,Eleven Aesthetics,claim_risk,unclear,no,0.45,confidence 0.45; runner-up no at 0.4,We love Morpheus8 at our office! It’s such a game changer when addressing skin issues and 
848765304581049,Eleven Aesthetics,claim_risk,unclear,,0.45,regulated category: 'game changer'; 'will make a huge difference in your results'; fat-loss/fat-preservation settings claims (hedged),We love Morpheus8 at our office! It’s such a game changer when addressing skin issues and 
2066870030903321,Eleven Aesthetics,hook_archetype,problem_callout,bold_claim,0.5,runner-up bold_claim at 0.4,"Smooth, Tighten, Contour with Morpheus8"
2066870030903321,Eleven Aesthetics,claim_risk,yes,,0.6,regulated category: 'Reduce double chins... jowls'; 'giving you a natural lift—all with no surgery' (lift/facelift-equivalent claim by med spa),"Smooth, Tighten, Contour with Morpheus8"
1108790770757521,Sirens Med Spa,format,product_announcement,lifestyle_aspiration,0.4,confidence 0.4,"That post-MOXI glow is real. ✨
Meet MOXI, the laser treatment everyone’s talking about. 
I"
1108790770757521,Sirens Med Spa,driver,downtime_avoidance,convenience_time,0.45,confidence 0.45,"That post-MOXI glow is real. ✨
Meet MOXI, the laser treatment everyone’s talking about. 
I"
1108790770757521,Sirens Med Spa,claim_risk,yes,,0.8,regulated category: 'No downtime. No redness. Just results.'; 'Perfect for all skin types' (safe-for-everyone claim),"That post-MOXI glow is real. ✨
Meet MOXI, the laser treatment everyone’s talking about. 
I"
2595696240803875,Sirens Med Spa,offer,first_treatment_price,no_offer,0.45,confidence 0.45; runner-up no_offer at 0.4,"A GLOWING DUO at Sirens Med Spa! Hear it from our client herself.

Want to experience the "
2595696240803875,Sirens Med Spa,claim_risk,unclear,no,0.45,confidence 0.45; runner-up no at 0.4,"A GLOWING DUO at Sirens Med Spa! Hear it from our client herself.

Want to experience the "
2595696240803875,Sirens Med Spa,claim_risk,unclear,,0.45,regulated category: client testimonial video ('Hear it from our client herself') with no results-may-vary disclaimer; 'experience the magic',"A GLOWING DUO at Sirens Med Spa! Hear it from our client herself.

Want to experience the "
1924623095113839,Sirens Med Spa,hook_archetype,problem_callout,bold_claim,0.45,confidence 0.45,"You don’t have to wait until spring for your skin to feel radiant again.

At Sirens Med Sp"
785080190610159,"Hillelson-Whipple clinic, Plastic Surgery and Orthopaedics",driver,trust_safety,transformation,0.5,runner-up transformation at 0.45,"Morpheus8 - Dr. Ruth L. Hillelson - Richmond, VA"
785080190610159,"Hillelson-Whipple clinic, Plastic Surgery and Orthopaedics",claim_risk,yes,,0.7,regulated category: 'non-invasive treatment' (Morpheus8 is minimally invasive); 'without surgery or downtime'; 'lift the skin',"Morpheus8 - Dr. Ruth L. Hillelson - Richmond, VA"
876536261976538,"Hillelson-Whipple clinic, Plastic Surgery and Orthopaedics",hook_archetype,question,problem_callout,0.5,runner-up problem_callout at 0.4,Home
876536261976538,"Hillelson-Whipple clinic, Plastic Surgery and Orthopaedics",proof_asset,stat_or_study,none,0.5,runner-up none at 0.4,Home
1643186613367806,Consultants in Ophthalmic and Facial Plastic Surgery,awareness_stage,unaware,solution_aware,0.45,confidence 0.45; runner-up solution_aware at 0.4,Welcome Dr. Mikkilineni
2230499117763521,Mia Bella Aesthetics,format,comparison_switch,educational_howto,0.4,confidence 0.4; runner-up educational_howto at 0.35,Mia Bella Aesthetics
2230499117763521,Mia Bella Aesthetics,driver,downtime_avoidance,trust_safety,0.45,confidence 0.45,Mia Bella Aesthetics
2230499117763521,Mia Bella Aesthetics,claim_risk,yes,,0.75,"regulated category: 'the #1 CO₂ Treatment'; 'It's safe, effective, and the gold standard' (unsupported superiority + safety claim)",Mia Bella Aesthetics
1551087303458268,Mia Bella Aesthetics,format,before_after_showcase,problem_solution,0.5,runner-up problem_solution at 0.45,"Spots? What spots? 

CoolPeel uses fractional CO₂ laser energy to resurface the skin and t"
1551087303458268,Mia Bella Aesthetics,offer,event_flash_sale,dollar_off,0.45,confidence 0.45; runner-up dollar_off at 0.4,"Spots? What spots? 

CoolPeel uses fractional CO₂ laser energy to resurface the skin and t"
1551087303458268,Mia Bella Aesthetics,geo_signal,state_named,none,0.5,runner-up none at 0.4,"Spots? What spots? 

CoolPeel uses fractional CO₂ laser energy to resurface the skin and t"
1551087303458268,Mia Bella Aesthetics,claim_risk,yes,,0.85,regulated category: 'Spots? What spots?' / 'The spots speak for themselves' (elimination implied); before + after shown with no results-may-vary disclaimer,"Spots? What spots? 

CoolPeel uses fractional CO₂ laser energy to resurface the skin and t"
1642576896874818,LeVogue Med Spa,claim_risk,yes,,0.7,"regulated category: 'diminishes scars', 'reduces wrinkles', 'Transform Your Skin', 'Safe and Professional' (med spa outcome + safety claims)",65% OFF CO2 Laser Facials →
1074550781570426,LeVogue Med Spa,claim_risk,unclear,yes,0.5,runner-up yes at 0.4,50% Off Sofwave™ + FREE Consultation!
1074550781570426,LeVogue Med Spa,claim_risk,unclear,,0.5,regulated category: 'Skin concerns that have been treated successfully... Drooping Brows... & Much More!' (broad outcome claims by med spa); 'used globally for years with great success',50% Off Sofwave™ + FREE Consultation!
1374567697998614,LeVogue Med Spa,claim_risk,yes,,0.65,"regulated category: 'true skin transformation'; 'flawless'; 'one of the most trusted med spas'; broad outcome list (acne scars, skin tightening) by med spa",65% OFF CO₂ Laser Resurfacing + FREE Consultation!
1007027518655437,Ageless Skin Rejuvenation Med-Spa,indication,pigmentation_sun_damage,laxity_tightening,0.4,confidence 0.4; runner-up laxity_tightening at 0.35,$397 Under-Eye Laser - Limited Down Time
1007027518655437,Ageless Skin Rejuvenation Med-Spa,claim_risk,unclear,yes,0.5,runner-up yes at 0.4,$397 Under-Eye Laser - Limited Down Time
1007027518655437,Ageless Skin Rejuvenation Med-Spa,claim_risk,unclear,,0.5,regulated category: 'refresh and revive your undereye area without fillers or surgery'; dark-circle treatment claims by med spa (hedged 'can help with'),$397 Under-Eye Laser - Limited Down Time
2287194508703265,Ageless Skin Rejuvenation Med-Spa,indication,pigmentation_sun_damage,laxity_tightening,0.4,confidence 0.4; runner-up laxity_tightening at 0.35,$397 Under-Eye Laser - Limited Down Time
2287194508703265,Ageless Skin Rejuvenation Med-Spa,claim_risk,unclear,yes,0.5,runner-up yes at 0.4,$397 Under-Eye Laser - Limited Down Time
2287194508703265,Ageless Skin Rejuvenation Med-Spa,claim_risk,unclear,,0.5,regulated category: 'refresh and revive your undereye area without fillers or surgery'; dark-circle treatment claims by med spa (hedged 'can help with'),$397 Under-Eye Laser - Limited Down Time
950366421215495,Infusion Wellness Center,offer,first_treatment_price,event_flash_sale,0.45,confidence 0.45,"✨Erase Dark Spots, Shrink Pores, Improve Skin Texture with the Ultra GLO"
950366421215495,Infusion Wellness Center,driver,transformation,price_value,0.4,confidence 0.4; runner-up price_value at 0.35,"✨Erase Dark Spots, Shrink Pores, Improve Skin Texture with the Ultra GLO"
950366421215495,Infusion Wellness Center,claim_risk,yes,,0.95,regulated category: 'Erase Dark Spots'; 'reverses up to 5 years of structural damage'; 'ZERO downtime',"✨Erase Dark Spots, Shrink Pores, Improve Skin Texture with the Ultra GLO"
1381660713847999,Infusion Wellness Center,offer,first_treatment_price,event_flash_sale,0.45,confidence 0.45,"✨Erase Dark Spots Under Your Eyes, Improve Skin Texture with the Ultra GLO"
1381660713847999,Infusion Wellness Center,driver,transformation,price_value,0.4,confidence 0.4; runner-up price_value at 0.35,"✨Erase Dark Spots Under Your Eyes, Improve Skin Texture with the Ultra GLO"
1381660713847999,Infusion Wellness Center,claim_risk,yes,,0.95,regulated category: 'Erase Dark Spots'; 'reverses up to 5 years of structural damage'; 'ZERO downtime',"✨Erase Dark Spots Under Your Eyes, Improve Skin Texture with the Ultra GLO"
1664077081457077,VOXY,indication,laxity_tightening,pigmentation_sun_damage,0.45,confidence 0.45,$297 Under-Eye Laser!
1664077081457077,VOXY,claim_risk,unclear,,0.5,regulated category: 'refresh and revive your undereye area without fillers or surgery'; dark-circle outcome implied (hedged 'can help with'),$297 Under-Eye Laser!
856222507446088,VOXY,indication,laxity_tightening,pigmentation_sun_damage,0.45,confidence 0.45,$297 Under-Eye Laser!
856222507446088,VOXY,claim_risk,unclear,,0.5,regulated category: 'refresh and revive your undereye area without fillers or surgery'; dark-circle outcome implied (hedged 'can help with'),$297 Under-Eye Laser!
1345301294425579,Revive Med Spa,offer,package_bundle,percent_off,0.5,runner-up percent_off at 0.45,Take Advantage - Save Up to 50%
1345301294425579,Revive Med Spa,funnel,bottom_retargeting,mid_consideration,0.5,runner-up mid_consideration at 0.4,Take Advantage - Save Up to 50%
1345301294425579,Revive Med Spa,indication,general_glow,unspecified,0.45,confidence 0.45; runner-up unspecified at 0.4,Take Advantage - Save Up to 50%
1345301294425579,Revive Med Spa,claim_risk,unclear,,0.5,"regulated category: 'significantly better results'; 'Real Lasers, Real Results' (superiority/results language, no disclaimer)",Take Advantage - Save Up to 50%
1704381064187035,Revive Med Spa,offer,package_bundle,percent_off,0.5,runner-up percent_off at 0.45,{{product.name}}
1704381064187035,Revive Med Spa,funnel,bottom_retargeting,mid_consideration,0.5,runner-up mid_consideration at 0.4,{{product.name}}
1704381064187035,Revive Med Spa,indication,general_glow,unspecified,0.45,confidence 0.45; runner-up unspecified at 0.4,{{product.name}}
1704381064187035,Revive Med Spa,claim_risk,unclear,,0.5,"regulated category: 'significantly better results'; 'Real Lasers, Real Results' (superiority/results language, no disclaimer)",{{product.name}}
1944826279554371,Rejuve,driver,downtime_avoidance,transformation,0.5,runner-up transformation at 0.4,{{product.name}}
1944826279554371,Rejuve,claim_risk,yes,,0.85,regulated category: 'Acne Scars? Not Anymore!' / 'Acne scars don't have to stick around' (elimination language); 'almost no pain',{{product.name}}
28155295177455771,Rejuve,driver,price_value,transformation,0.5,runner-up transformation at 0.4,40% OFF EXION RF Microneedling
28155295177455771,Rejuve,indication,laxity_tightening,texture_pores,0.45,confidence 0.45,40% OFF EXION RF Microneedling
28155295177455771,Rejuve,claim_risk,yes,,0.55,"regulated category: unsourced efficacy stats ('224% More Hyaluronic Acid', '85% Improvement in Skin Laxity', '47% Reduction in Acne Scars') with no study citation",40% OFF EXION RF Microneedling
686837067027648,Kyss Med Spa,format,problem_solution,lifestyle_aspiration,0.4,confidence 0.4,"CO2 laser treatment for a younger, firmer neck—because great skincare doesn’t stop at your"
686837067027648,Kyss Med Spa,cta_intent,message_us,call_now,0.5,runner-up call_now at 0.4,"CO2 laser treatment for a younger, firmer neck—because great skincare doesn’t stop at your"
1056569136347401,Kyss Med Spa,offer,package_bundle,event_flash_sale,0.4,confidence 0.4; runner-up event_flash_sale at 0.35,"✨ Ready to unlock radiant, youthful skin? ✨

Our CO2 Laser treatment is your secret weapon"
1056569136347401,Kyss Med Spa,awareness_stage,most_aware,solution_aware,0.5,runner-up solution_aware at 0.4,"✨ Ready to unlock radiant, youthful skin? ✨

Our CO2 Laser treatment is your secret weapon"
1056569136347401,Kyss Med Spa,indication,general_glow,fine_lines_wrinkles,0.45,confidence 0.45,"✨ Ready to unlock radiant, youthful skin? ✨

Our CO2 Laser treatment is your secret weapon"
883653214500218,Kyss Med Spa,hook_archetype,curiosity_tease,bold_claim,0.4,confidence 0.4; runner-up bold_claim at 0.35,instagram.com
883653214500218,Kyss Med Spa,offer,no_offer,first_treatment_price,0.4,confidence 0.4; runner-up first_treatment_price at 0.35,instagram.com
883653214500218,Kyss Med Spa,indication,general_glow,unspecified,0.4,confidence 0.4; runner-up unspecified at 0.4,instagram.com
1304371831341833,Kyss Med Spa,format,problem_solution,offer_promo,0.5,runner-up offer_promo at 0.4,"Acne scars, texture, or uneven tone? Our advanced Laser Resurfacing smooths, brightens, an"
1304371831341833,Kyss Med Spa,offer,first_treatment_price,no_offer,0.35,confidence 0.35; runner-up no_offer at 0.3,"Acne scars, texture, or uneven tone? Our advanced Laser Resurfacing smooths, brightens, an"
1304371831341833,Kyss Med Spa,funnel,cold_prospecting,bottom_retargeting,0.5,runner-up bottom_retargeting at 0.4,"Acne scars, texture, or uneven tone? Our advanced Laser Resurfacing smooths, brightens, an"
1304371831341833,Kyss Med Spa,claim_risk,yes,,0.6,regulated category: 'renews your skin in just one session' (single-session acne scar result claim by med spa); 'confidence starts with clear skin',"Acne scars, texture, or uneven tone? Our advanced Laser Resurfacing smooths, brightens, an"
2520452831758183,Hodag HydrO2 - Rhinelander,hook_archetype,problem_callout,bold_claim,0.5,runner-up bold_claim at 0.4,💪Transform Your Face & Body with Our Rejuvenation Treatments
2520452831758183,Hodag HydrO2 - Rhinelander,offer,free_consult,dollar_off,0.45,confidence 0.45; runner-up dollar_off at 0.4,💪Transform Your Face & Body with Our Rejuvenation Treatments
2520452831758183,Hodag HydrO2 - Rhinelander,driver,transformation,price_value,0.45,confidence 0.45,💪Transform Your Face & Body with Our Rejuvenation Treatments
2520452831758183,Hodag HydrO2 - Rhinelander,funnel,cold_prospecting,bottom_retargeting,0.5,runner-up bottom_retargeting at 0.4,💪Transform Your Face & Body with Our Rejuvenation Treatments
2520452831758183,Hodag HydrO2 - Rhinelander,claim_risk,yes,,0.75,"regulated category: 'Say goodbye to saggy skin'; 'lift, tighten... all while being safe and non-invasive' (safety + lift claims by med spa)",💪Transform Your Face & Body with Our Rejuvenation Treatments
869031305819097,NM Stem Cell & Wellness,hook_archetype,curiosity_tease,bold_claim,0.45,confidence 0.45; runner-up bold_claim at 0.4,{{product.name}}
869031305819097,NM Stem Cell & Wellness,cta_intent,free_consult,lead_capture,0.6,runner-up lead_capture at 0.5,{{product.name}}
869031305819097,NM Stem Cell & Wellness,driver,transformation,fear_loss,0.5,runner-up fear_loss at 0.45,{{product.name}}
869031305819097,NM Stem Cell & Wellness,claim_risk,yes,,0.8,regulated category: reverse sagging skin and deep wrinkles; visible results in 1-3 treatments with no results-may-vary disclaimer; FDA-cleared secret to younger skin,{{product.name}}
1639891650417979,NM Stem Cell & Wellness,cta_intent,free_consult,lead_capture,0.6,runner-up lead_capture at 0.5,The FDA-Cleared Secret to Younger Skin
1639891650417979,NM Stem Cell & Wellness,driver,transformation,fear_loss,0.5,runner-up fear_loss at 0.45,The FDA-Cleared Secret to Younger Skin
1639891650417979,NM Stem Cell & Wellness,claim_risk,yes,,0.8,regulated category: reverse sagging skin and deep wrinkles; visible results in 1-3 treatments with no results-may-vary disclaimer; FDA-cleared secret to younger skin,The FDA-Cleared Secret to Younger Skin
1017986091205396,NM Stem Cell & Wellness,cta_intent,free_consult,lead_capture,0.6,runner-up lead_capture at 0.5,The FDA-Cleared Secret to Younger Skin
1017986091205396,NM Stem Cell & Wellness,driver,transformation,fear_loss,0.5,runner-up fear_loss at 0.45,The FDA-Cleared Secret to Younger Skin
1017986091205396,NM Stem Cell & Wellness,claim_risk,yes,,0.8,regulated category: reverse sagging skin and deep wrinkles; visible results in 1-3 treatments with no results-may-vary disclaimer; FDA-cleared secret to younger skin,The FDA-Cleared Secret to Younger Skin
1038211768783076,PURE Medical Spa Idaho,hook_archetype,bold_claim,flat_spec,0.5,runner-up flat_spec at 0.4,CoolPeel Laser Resurfacing in Idaho
1038211768783076,PURE Medical Spa Idaho,format,problem_solution,offer_promo,0.5,runner-up offer_promo at 0.45,CoolPeel Laser Resurfacing in Idaho
1038211768783076,PURE Medical Spa Idaho,driver,transformation,downtime_avoidance,0.5,runner-up downtime_avoidance at 0.45,CoolPeel Laser Resurfacing in Idaho
1055982090222856,PURE Medical Spa Idaho,hook_archetype,bold_claim,flat_spec,0.5,runner-up flat_spec at 0.4,CoolPeel Laser Resurfacing in Idaho
1055982090222856,PURE Medical Spa Idaho,format,problem_solution,offer_promo,0.5,runner-up offer_promo at 0.45,CoolPeel Laser Resurfacing in Idaho
1055982090222856,PURE Medical Spa Idaho,driver,transformation,downtime_avoidance,0.5,runner-up downtime_avoidance at 0.45,CoolPeel Laser Resurfacing in Idaho
1679304576642925,Dr. Chopra Plastic Surgery,funnel,mid_consideration,bottom_retargeting,0.5,runner-up bottom_retargeting at 0.4,"53 with a natural refresh and timeless elegance.

Deep Plane Facelift, neck lift, upper & "
1679304576642925,Dr. Chopra Plastic Surgery,claim_risk,yes,,0.6,regulated category: patient result presented ('53 with a natural refresh') with no results-may-vary disclaimer,"53 with a natural refresh and timeless elegance.

Deep Plane Facelift, neck lift, upper & "
1003544652130862,Dr. Chopra Plastic Surgery,claim_risk,unclear,yes,0.5,runner-up yes at 0.4,"“I just wanted to look like me — refreshed, not different. And that’s exactly what I got.”"
1003544652130862,Dr. Chopra Plastic Surgery,claim_risk,unclear,,0.5,regulated category: patient testimonial / results language ('loving how naturally everything healed') with no disclaimer,"“I just wanted to look like me — refreshed, not different. And that’s exactly what I got.”"
2043819459679181,Dr. Chopra Plastic Surgery,indication,laxity_tightening,fine_lines_wrinkles,0.5,runner-up fine_lines_wrinkles at 0.4,We’re just under four weeks out from this patient’s full facial rejuvenation including a d
1806240764154937,Timeless Skin & Wellness,funnel,bottom_retargeting,mid_consideration,0.5,runner-up mid_consideration at 0.45,"3 RF Microneedling + 3 Ultra Laser | $1,899"
1093011973631435,Timeless Skin & Wellness,offer,event_flash_sale,package_bundle,0.55,runner-up package_bundle at 0.5,20th Anniversary: 3 Ultra Laser Treatments $799
1093011973631435,Timeless Skin & Wellness,awareness_stage,most_aware,product_aware,0.6,runner-up product_aware at 0.5,20th Anniversary: 3 Ultra Laser Treatments $799
1093011973631435,Timeless Skin & Wellness,funnel,bottom_retargeting,mid_consideration,0.5,runner-up mid_consideration at 0.45,20th Anniversary: 3 Ultra Laser Treatments $799
1093011973631435,Timeless Skin & Wellness,indication,pigmentation_sun_damage,texture_pores,0.45,confidence 0.45; runner-up texture_pores at 0.4,20th Anniversary: 3 Ultra Laser Treatments $799
1041335998791400,Timeless Skin & Wellness,offer,package_bundle,event_flash_sale,0.55,runner-up event_flash_sale at 0.5,"3 Microneedling + Ultra Combos | $1,100"
1041335998791400,Timeless Skin & Wellness,funnel,bottom_retargeting,mid_consideration,0.5,runner-up mid_consideration at 0.45,"3 Microneedling + Ultra Combos | $1,100"
28119652764350754,Timeless Skin & Wellness,funnel,bottom_retargeting,mid_consideration,0.5,runner-up mid_consideration at 0.45,"The Ultimate Skin Year | Save $1,772"
28119652764350754,Timeless Skin & Wellness,indication,general_glow,unspecified,0.45,confidence 0.45; runner-up unspecified at 0.4,"The Ultimate Skin Year | Save $1,772"
1904080990214482,Sofwave,format,educational_howto,provider_authority,0.55,runner-up provider_authority at 0.5,"🌊 Dr. Jenny Doyle, UK-based Oculoplastic Surgeon, explains how Sofwave™ helps improve skin"
1904080990214482,Sofwave,cta_intent,lead_capture,learn_educate,0.45,confidence 0.45; runner-up learn_educate at 0.45,"🌊 Dr. Jenny Doyle, UK-based Oculoplastic Surgeon, explains how Sofwave™ helps improve skin"
965755216321911,Sofwave,cta_intent,lead_capture,learn_educate,0.45,confidence 0.45; runner-up learn_educate at 0.45,"🏆 This is what real patient says about Sofwave. “It made me feel like myself again.”
Not j"
965755216321911,Sofwave,claim_risk,unclear,yes,0.5,runner-up yes at 0.4,"🏆 This is what real patient says about Sofwave. “It made me feel like myself again.”
Not j"
965755216321911,Sofwave,claim_risk,unclear,,0.5,regulated category: patient testimonial citing 'visible results' with no results-may-vary disclaimer,"🏆 This is what real patient says about Sofwave. “It made me feel like myself again.”
Not j"
1669575441153480,Sofwave,format,lifestyle_aspiration,provider_authority,0.45,confidence 0.45; runner-up provider_authority at 0.4,"Confidence looks good on everyone. 
🌊 Sofwave™ is trusted by experts worldwide to lift and"
1669575441153480,Sofwave,cta_intent,lead_capture,learn_educate,0.45,confidence 0.45; runner-up learn_educate at 0.45,"Confidence looks good on everyone. 
🌊 Sofwave™ is trusted by experts worldwide to lift and"
1669575441153480,Sofwave,driver,trust_safety,social_proof,0.5,runner-up social_proof at 0.45,"Confidence looks good on everyone. 
🌊 Sofwave™ is trusted by experts worldwide to lift and"
1669575441153480,Sofwave,indication,laxity_tightening,general_glow,0.5,runner-up general_glow at 0.45,"Confidence looks good on everyone. 
🌊 Sofwave™ is trusted by experts worldwide to lift and"
1669575441153480,Sofwave,claim_risk,unclear,,0.55,"regulated category: 'consistent, proven results' (near-guarantee language)","Confidence looks good on everyone. 
🌊 Sofwave™ is trusted by experts worldwide to lift and"
1347957490120770,Sofwave,format,provider_authority,catalog_generic,0.4,confidence 0.4; runner-up catalog_generic at 0.35,{{product.name}}
1347957490120770,Sofwave,indication,laxity_tightening,fine_lines_wrinkles,0.5,runner-up fine_lines_wrinkles at 0.45,{{product.name}}
1347957490120770,Sofwave,claim_risk,yes,,0.8,regulated category: Safe for all skin types; Smooths fine lines and wrinkles; B&A referenced without disclaimer,{{product.name}}
28443013378656976,Sofwave,hook_archetype,social_proof,flat_spec,0.4,confidence 0.4; runner-up flat_spec at 0.35,"From fittings to the runway, Sofwave made waves at Miami Swim Week. 🌊

As the first-ever a"
28443013378656976,Sofwave,cta_intent,lead_capture,learn_educate,0.45,confidence 0.45; runner-up learn_educate at 0.45,"From fittings to the runway, Sofwave made waves at Miami Swim Week. 🌊

As the first-ever a"
28443013378656976,Sofwave,indication,laxity_tightening,unspecified,0.5,runner-up unspecified at 0.45,"From fittings to the runway, Sofwave made waves at Miami Swim Week. 🌊

As the first-ever a"
3734044593400293,Sofwave,hook_archetype,bold_claim,curiosity_tease,0.4,confidence 0.4; runner-up curiosity_tease at 0.35,Experience Sofwave
3734044593400293,Sofwave,awareness_stage,product_aware,unaware,0.5,runner-up unaware at 0.45,Experience Sofwave
3734044593400293,Sofwave,driver,lifestyle_aspiration,social_proof,0.45,confidence 0.45; runner-up social_proof at 0.4,Experience Sofwave
2832067893816982,Sofwave,hook_archetype,curiosity_tease,social_proof,0.5,runner-up social_proof at 0.45,Sofwave
2832067893816982,Sofwave,format,testimonial_ugc,lifestyle_aspiration,0.4,confidence 0.4; runner-up lifestyle_aspiration at 0.35,Sofwave
2832067893816982,Sofwave,proof_asset,patient_testimonial,none,0.5,runner-up none at 0.4,Sofwave
1611687977072231,Sofwave,format,provider_authority,educational_howto,0.4,confidence 0.4; runner-up educational_howto at 0.35,"1,000,000+ Sofwave treatments - and one incredible global community. 🌊
This milestone belo"
1611687977072231,Sofwave,cta_intent,lead_capture,learn_educate,0.45,confidence 0.45; runner-up learn_educate at 0.45,"1,000,000+ Sofwave treatments - and one incredible global community. 🌊
This milestone belo"
1389325626744242,Sofwave,hook_archetype,flat_spec,curiosity_tease,0.45,confidence 0.45,Sofwave
1389325626744242,Sofwave,funnel,mid_consideration,cold_prospecting,0.5,runner-up cold_prospecting at 0.45,Sofwave
2256331958468151,Sofwave,format,testimonial_ugc,lifestyle_aspiration,0.4,confidence 0.4; runner-up lifestyle_aspiration at 0.4,Sofwave
2256331958468151,Sofwave,proof_asset,patient_testimonial,none,0.5,runner-up none at 0.4,Sofwave
1334986342075556,Sofwave,hook_archetype,bold_claim,curiosity_tease,0.4,confidence 0.4; runner-up curiosity_tease at 0.35,Experience Sofwave
1334986342075556,Sofwave,driver,lifestyle_aspiration,social_proof,0.45,confidence 0.45; runner-up social_proof at 0.4,Experience Sofwave
1334986342075556,Sofwave,claim_risk,unclear,yes,0.5,runner-up yes at 0.4,Experience Sofwave
1334986342075556,Sofwave,claim_risk,unclear,,0.5,regulated category: 'See B&A on the website' — before/after referenced with no results-may-vary disclaimer,Experience Sofwave
1246131843748999,Sofwave,format,testimonial_ugc,educational_howto,0.4,confidence 0.4; runner-up educational_howto at 0.35,Sofwave
1246131843748999,Sofwave,driver,status_identity,social_proof,0.5,runner-up social_proof at 0.45,Sofwave
1246131843748999,Sofwave,proof_asset,patient_testimonial,none,0.45,confidence 0.45; runner-up none at 0.4,Sofwave
1354638479951293,Sofwave,format,provider_authority,product_announcement,0.4,confidence 0.4; runner-up product_announcement at 0.35,Sofwave
1354638479951293,Sofwave,indication,laxity_tightening,fine_lines_wrinkles,0.5,runner-up fine_lines_wrinkles at 0.45,Sofwave
1354638479951293,Sofwave,claim_risk,yes,,0.8,regulated category: Safe for all skin types; Smooths fine lines and wrinkles (definitive outcome),Sofwave
1762255118097818,Sofwave,format,product_announcement,before_after_showcase,0.4,confidence 0.4,Sofwave™ Cellulite Procedure
1762255118097818,Sofwave,driver,transformation,trust_safety,0.5,runner-up trust_safety at 0.4,Sofwave™ Cellulite Procedure
1762255118097818,Sofwave,proof_asset,stat_or_study,before_after_photo,0.6,runner-up before_after_photo at 0.5,Sofwave™ Cellulite Procedure
1762255118097818,Sofwave,claim_risk,yes,,0.7,regulated category: clinically proven procedure with noticeable results in a short period of time; B&A referenced with no disclaimer,Sofwave™ Cellulite Procedure
1058691586751845,Sofwave,hook_archetype,social_proof,flat_spec,0.4,confidence 0.4; runner-up flat_spec at 0.35,"From fittings to the runway, Sofwave made waves at Miami Swim Week. 🌊

As the first-ever a"
1058691586751845,Sofwave,cta_intent,lead_capture,learn_educate,0.4,confidence 0.4; runner-up learn_educate at 0.4,"From fittings to the runway, Sofwave made waves at Miami Swim Week. 🌊

As the first-ever a"
1058691586751845,Sofwave,indication,laxity_tightening,unspecified,0.5,runner-up unspecified at 0.45,"From fittings to the runway, Sofwave made waves at Miami Swim Week. 🌊

As the first-ever a"
2215290609007340,Sofwave,format,educational_howto,provider_authority,0.45,confidence 0.45,Find Your Sofwave™ Provider
2215290609007340,Sofwave,driver,transformation,trust_safety,0.5,runner-up trust_safety at 0.45,Find Your Sofwave™ Provider
2215290609007340,Sofwave,claim_risk,yes,,0.75,"regulated category: clinically proven to remodel collagen, elastin, and HA; visible lifted results; 'For Amazing Results!'; without downtime",Find Your Sofwave™ Provider
1604373707445270,Sofwave,format,testimonial_ugc,catalog_generic,0.4,confidence 0.4; runner-up catalog_generic at 0.35,{{product.name}}
1604373707445270,Sofwave,driver,status_identity,social_proof,0.5,runner-up social_proof at 0.45,{{product.name}}
1604373707445270,Sofwave,proof_asset,patient_testimonial,none,0.45,confidence 0.45; runner-up none at 0.4,{{product.name}}
1464922055011346,Sofwave,format,testimonial_ugc,catalog_generic,0.4,confidence 0.4; runner-up catalog_generic at 0.35,{{product.name}}
1464922055011346,Sofwave,driver,status_identity,social_proof,0.5,runner-up social_proof at 0.45,{{product.name}}
1464922055011346,Sofwave,proof_asset,patient_testimonial,none,0.45,confidence 0.45; runner-up none at 0.4,{{product.name}}
1465344868243798,Dr. Johnny Franco,hook_archetype,curiosity_tease,bold_claim,0.45,confidence 0.45,Go Beyond Surface Level
1465344868243798,Dr. Johnny Franco,cta_intent,lead_capture,book_appointment,0.55,runner-up book_appointment at 0.5,Go Beyond Surface Level
1465344868243798,Dr. Johnny Franco,driver,transformation,trust_safety,0.45,confidence 0.45,Go Beyond Surface Level
1465344868243798,Dr. Johnny Franco,funnel,mid_consideration,cold_prospecting,0.5,runner-up cold_prospecting at 0.45,Go Beyond Surface Level
773462059121571,Dr. Johnny Franco,format,educational_howto,provider_authority,0.5,runner-up provider_authority at 0.45,Meet Our Team
1712450723109356,Evolve Aesthetics and Wellness 30A,format,offer_promo,problem_solution,0.6,runner-up problem_solution at 0.5,Skin Rejuvenation Experience ✨ Just $397
1712450723109356,Evolve Aesthetics and Wellness 30A,offer,event_flash_sale,first_treatment_price,0.45,confidence 0.45; runner-up first_treatment_price at 0.4,Skin Rejuvenation Experience ✨ Just $397
1712450723109356,Evolve Aesthetics and Wellness 30A,indication,pigmentation_sun_damage,texture_pores,0.45,confidence 0.45; runner-up texture_pores at 0.45,Skin Rejuvenation Experience ✨ Just $397
1478799024060713,Evolve Aesthetics and Wellness 30A,hook_archetype,question,direct_offer,0.5,runner-up direct_offer at 0.45,Non-Surgical Facelift ✨ Only $699
1478799024060713,Evolve Aesthetics and Wellness 30A,offer,event_flash_sale,first_treatment_price,0.45,confidence 0.45,Non-Surgical Facelift ✨ Only $699
1478799024060713,Evolve Aesthetics and Wellness 30A,driver,price_value,transformation,0.5,runner-up transformation at 0.45,Non-Surgical Facelift ✨ Only $699
1478799024060713,Evolve Aesthetics and Wellness 30A,claim_risk,yes,,0.75,regulated category: Non-Surgical Facelift; 'will: Tighten and firm the face' (definitive outcome claims by med spa),Non-Surgical Facelift ✨ Only $699
1333663208978378,"Boutique Wellness NC, llc.",cta_intent,learn_educate,lead_capture,0.5,runner-up lead_capture at 0.4,{{product.name}}
1333663208978378,"Boutique Wellness NC, llc.",funnel,bottom_retargeting,cold_prospecting,0.5,runner-up cold_prospecting at 0.45,{{product.name}}
1333663208978378,"Boutique Wellness NC, llc.",indication,pigmentation_sun_damage,fine_lines_wrinkles,0.45,confidence 0.45,{{product.name}}
1333663208978378,"Boutique Wellness NC, llc.",downtime_handling,not_mentioned,downtime_minimized,0.5,runner-up downtime_minimized at 0.45,{{product.name}}
1333663208978378,"Boutique Wellness NC, llc.",claim_risk,yes,,0.65,regulated category: Target YEARS of skin damage; med spa listing redness & rosacea as treatable,{{product.name}}
1788907285614892,"Boutique Wellness NC, llc.",cta_intent,learn_educate,lead_capture,0.5,runner-up lead_capture at 0.4,Target YEARS Of Skin Damage ✨ 40% OFF Laser Facial
1788907285614892,"Boutique Wellness NC, llc.",funnel,bottom_retargeting,cold_prospecting,0.5,runner-up cold_prospecting at 0.45,Target YEARS Of Skin Damage ✨ 40% OFF Laser Facial
1788907285614892,"Boutique Wellness NC, llc.",indication,pigmentation_sun_damage,fine_lines_wrinkles,0.45,confidence 0.45,Target YEARS Of Skin Damage ✨ 40% OFF Laser Facial
1788907285614892,"Boutique Wellness NC, llc.",claim_risk,yes,,0.65,regulated category: Target YEARS of skin damage; med spa listing redness & rosacea as treatable,Target YEARS Of Skin Damage ✨ 40% OFF Laser Facial
1060851976913160,Lunabella Aesthetics,hook_archetype,flat_spec,problem_callout,0.45,confidence 0.45; runner-up problem_callout at 0.4,"CO₂ LASER: WHEN YOUR SKIN NEEDS MORE THAN A FACIAL ✨

Deep wrinkles. Acne scars. Sun damag"
1060851976913160,Lunabella Aesthetics,format,educational_howto,problem_solution,0.5,runner-up problem_solution at 0.45,"CO₂ LASER: WHEN YOUR SKIN NEEDS MORE THAN A FACIAL ✨

Deep wrinkles. Acne scars. Sun damag"
2220046521858200,BHRC DFW,driver,transformation,lifestyle_aspiration,0.5,runner-up lifestyle_aspiration at 0.45,Book Now. Glow Later.
1268478254645566,BHRC DFW,driver,transformation,lifestyle_aspiration,0.5,runner-up lifestyle_aspiration at 0.45,Book Now. Glow Later.
1670170851005996,BHRC DFW,driver,transformation,lifestyle_aspiration,0.5,runner-up lifestyle_aspiration at 0.45,Book Now. Glow Later.
794503373705933,BHRC DFW,format,comparison_switch,offer_promo,0.45,confidence 0.45; runner-up offer_promo at 0.4,A Reset for Your Skin
794503373705933,BHRC DFW,offer,dollar_off,first_treatment_price,0.6,runner-up first_treatment_price at 0.5,A Reset for Your Skin
794503373705933,BHRC DFW,indication,texture_pores,fine_lines_wrinkles,0.4,confidence 0.4; runner-up fine_lines_wrinkles at 0.35,A Reset for Your Skin
1039137485814210,NWME Aesthetics,hook_archetype,flat_spec,curiosity_tease,0.4,confidence 0.4; runner-up curiosity_tease at 0.35,"Some skin needs resurfacing.
Some skin needs repair.
Some skin just needs the right nudge "
1039137485814210,NWME Aesthetics,indication,texture_pores,pigmentation_sun_damage,0.4,confidence 0.4; runner-up pigmentation_sun_damage at 0.35,"Some skin needs resurfacing.
Some skin needs repair.
Some skin just needs the right nudge "
1358649986168801,Aesthetics Medical Spa Lansing,format,offer_promo,problem_solution,0.6,runner-up problem_solution at 0.5,$297 Under-Eye Laser!
1358649986168801,Aesthetics Medical Spa Lansing,driver,price_value,transformation,0.5,runner-up transformation at 0.45,$297 Under-Eye Laser!
806235865727237,Kryptonite Laser Professionals,cta_intent,call_now,learn_educate,0.5,runner-up learn_educate at 0.45,Tattoo Removal and Laser Aesthetics by Kryptonite Laser Professionals
806235865727237,Kryptonite Laser Professionals,claim_risk,unclear,no,0.5,runner-up no at 0.4,Tattoo Removal and Laser Aesthetics by Kryptonite Laser Professionals
806235865727237,Kryptonite Laser Professionals,claim_risk,unclear,,0.5,regulated category: 'safe and effective' (unqualified safety claim),Tattoo Removal and Laser Aesthetics by Kryptonite Laser Professionals
1556673788903858,Kryptonite Laser Professionals,hook_archetype,curiosity_tease,direct_offer,0.4,confidence 0.4; runner-up direct_offer at 0.35,Tattoo Removal and Laser Aesthetics by Kryptonite Laser Professionals
1556673788903858,Kryptonite Laser Professionals,cta_intent,call_now,free_consult,0.5,runner-up free_consult at 0.45,Tattoo Removal and Laser Aesthetics by Kryptonite Laser Professionals
1556673788903858,Kryptonite Laser Professionals,driver,trust_safety,transformation,0.4,confidence 0.4; runner-up transformation at 0.35,Tattoo Removal and Laser Aesthetics by Kryptonite Laser Professionals
1737786694614062,The Radiance MD,hook_archetype,question,direct_offer,0.5,runner-up direct_offer at 0.45,CO2 Resurfacing Laser ✨Just $399
1737786694614062,The Radiance MD,offer,event_flash_sale,first_treatment_price,0.45,confidence 0.45,CO2 Resurfacing Laser ✨Just $399
1737786694614062,The Radiance MD,driver,price_value,transformation,0.5,runner-up transformation at 0.45,CO2 Resurfacing Laser ✨Just $399
1737786694614062,The Radiance MD,indication,fine_lines_wrinkles,texture_pores,0.4,confidence 0.4; runner-up texture_pores at 0.35,CO2 Resurfacing Laser ✨Just $399
1579142766885351,USA Aesthetics,cta_intent,learn_educate,lead_capture,0.5,runner-up lead_capture at 0.45,{{product.name}}
1579142766885351,USA Aesthetics,driver,transformation,price_value,0.5,runner-up price_value at 0.45,{{product.name}}
1579142766885351,USA Aesthetics,funnel,cold_prospecting,bottom_retargeting,0.5,runner-up bottom_retargeting at 0.45,{{product.name}}
1579142766885351,USA Aesthetics,indication,pigmentation_sun_damage,fine_lines_wrinkles,0.4,confidence 0.4; runner-up fine_lines_wrinkles at 0.35,{{product.name}}
1579142766885351,USA Aesthetics,claim_risk,yes,,0.85,"regulated category: Turn back YEARS of skin damage; Dramatic Results With 1 Treatment; removes damaged skin, tightens laxity (definitive outcome claims, no disclaimer)",{{product.name}}
1391054132948098,USA Aesthetics,hook_archetype,bold_claim,direct_offer,0.5,runner-up direct_offer at 0.5,Turn Back YEARS of Skin Damage 🔥✨ 40% OFF CO2 LASER
1391054132948098,USA Aesthetics,cta_intent,learn_educate,lead_capture,0.5,runner-up lead_capture at 0.45,Turn Back YEARS of Skin Damage 🔥✨ 40% OFF CO2 LASER
1391054132948098,USA Aesthetics,driver,transformation,price_value,0.5,runner-up price_value at 0.45,Turn Back YEARS of Skin Damage 🔥✨ 40% OFF CO2 LASER
1391054132948098,USA Aesthetics,funnel,cold_prospecting,bottom_retargeting,0.5,runner-up bottom_retargeting at 0.45,Turn Back YEARS of Skin Damage 🔥✨ 40% OFF CO2 LASER
1391054132948098,USA Aesthetics,indication,pigmentation_sun_damage,fine_lines_wrinkles,0.4,confidence 0.4; runner-up fine_lines_wrinkles at 0.35,Turn Back YEARS of Skin Damage 🔥✨ 40% OFF CO2 LASER
1391054132948098,USA Aesthetics,claim_risk,yes,,0.85,"regulated category: Turn back YEARS of skin damage; Dramatic Results With 1 Treatment; removes damaged skin, tightens laxity (definitive outcome claims, no disclaimer)",Turn Back YEARS of Skin Damage 🔥✨ 40% OFF CO2 LASER
1171892551773120,Cartessa Aesthetics,driver,social_proof,trust_safety,0.45,confidence 0.45,Tetra PRO CO2 & CoolPeel®
1171892551773120,Cartessa Aesthetics,claim_risk,unclear,no,0.45,confidence 0.45; runner-up no at 0.45,Tetra PRO CO2 & CoolPeel®
1171892551773120,Cartessa Aesthetics,claim_risk,unclear,,0.45,regulated category: '#1 CO2 Device' / 'revolutionizing' (unsupported superiority claim),Tetra PRO CO2 & CoolPeel®
27860816780179794,Cartessa Aesthetics,hook_archetype,flat_spec,bold_claim,0.45,confidence 0.45; runner-up bold_claim at 0.4,{{product.name}}
27860816780179794,Cartessa Aesthetics,claim_risk,unclear,no,0.5,runner-up no at 0.45,{{product.name}}
27860816780179794,Cartessa Aesthetics,claim_risk,unclear,,0.5,regulated category: 'delivers results in as little as 15 [minutes]'; 'Designed For Speed & Safety',{{product.name}}
1033872396066987,Cartessa Aesthetics,hook_archetype,bold_claim,flat_spec,0.5,runner-up flat_spec at 0.45,HELIX Laser Resurfacing Platform
1033872396066987,Cartessa Aesthetics,driver,status_identity,trust_safety,0.4,confidence 0.4,HELIX Laser Resurfacing Platform
1595650912291710,Alyne Aesthetics & Med Spa,hook_archetype,direct_offer,curiosity_tease,0.45,confidence 0.45; runner-up curiosity_tease at 0.4,Fall For Your Skin
1595650912291710,Alyne Aesthetics & Med Spa,format,offer_promo,catalog_generic,0.6,runner-up catalog_generic at 0.5,Fall For Your Skin
1595650912291710,Alyne Aesthetics & Med Spa,funnel,bottom_retargeting,cold_prospecting,0.5,runner-up cold_prospecting at 0.4,Fall For Your Skin
1557021796132280,Ageless Affairs,cta_intent,learn_educate,lead_capture,0.5,runner-up lead_capture at 0.45,Reverse Years of Visible Skin Damage ✨ 30% OFF CO2
1557021796132280,Ageless Affairs,driver,transformation,price_value,0.5,runner-up price_value at 0.45,Reverse Years of Visible Skin Damage ✨ 30% OFF CO2
1557021796132280,Ageless Affairs,funnel,cold_prospecting,bottom_retargeting,0.5,runner-up bottom_retargeting at 0.45,Reverse Years of Visible Skin Damage ✨ 30% OFF CO2
1557021796132280,Ageless Affairs,indication,pigmentation_sun_damage,fine_lines_wrinkles,0.4,confidence 0.4; runner-up fine_lines_wrinkles at 0.4,Reverse Years of Visible Skin Damage ✨ 30% OFF CO2
1557021796132280,Ageless Affairs,claim_risk,yes,,0.85,regulated category: Reverse Years of Visible Skin Damage; Dramatically smooth wrinkles; Tighten & firm aging skin; results continue to improve (no disclaimer),Reverse Years of Visible Skin Damage ✨ 30% OFF CO2
1671869764098425,Injec Denver,format,comparison_switch,problem_solution,0.5,runner-up problem_solution at 0.45,"Still trying to fix your skin with creams and facials… but nothing really changes? 😶‍🌫️

C"
1671869764098425,Injec Denver,indication,fine_lines_wrinkles,texture_pores,0.4,confidence 0.4; runner-up texture_pores at 0.35,"Still trying to fix your skin with creams and facials… but nothing really changes? 😶‍🌫️

C"
1671869764098425,Injec Denver,claim_risk,yes,,0.8,"regulated category: 'This is not a temporary effect — it's real skin transformation'; 'One treatment can change how your skin looks'; removes damaged skin layers; Smooths/Reduces/Evens (definitive outcomes, no disclaimer)","Still trying to fix your skin with creams and facials… but nothing really changes? 😶‍🌫️

C"
2062397734645749,Ageless Living,format,problem_solution,offer_promo,0.5,runner-up offer_promo at 0.45,Skin Resurfacing 40% off
2062397734645749,Ageless Living,cta_intent,free_consult,book_appointment,0.55,runner-up book_appointment at 0.5,Skin Resurfacing 40% off
2062397734645749,Ageless Living,driver,transformation,trust_safety,0.45,confidence 0.45,Skin Resurfacing 40% off
2062397734645749,Ageless Living,funnel,cold_prospecting,mid_consideration,0.45,confidence 0.45; runner-up mid_consideration at 0.4,Skin Resurfacing 40% off
2062397734645749,Ageless Living,indication,fine_lines_wrinkles,pigmentation_sun_damage,0.45,confidence 0.45,Skin Resurfacing 40% off
2062397734645749,Ageless Living,claim_risk,unclear,yes,0.5,runner-up yes at 0.45,Skin Resurfacing 40% off
2062397734645749,Ageless Living,claim_risk,unclear,,0.5,"regulated category: wrinkles, scars and sun spots 'could fade in a single visit'; 'gold standard for turning back the clock' (no results-may-vary disclaimer)",Skin Resurfacing 40% off
1055954277176351,Ageless Living,format,problem_solution,offer_promo,0.5,runner-up offer_promo at 0.45,Skin Resurfacing 40% off
1055954277176351,Ageless Living,cta_intent,free_consult,book_appointment,0.55,runner-up book_appointment at 0.5,Skin Resurfacing 40% off
1055954277176351,Ageless Living,driver,transformation,trust_safety,0.45,confidence 0.45,Skin Resurfacing 40% off
1055954277176351,Ageless Living,funnel,cold_prospecting,mid_consideration,0.45,confidence 0.45; runner-up mid_consideration at 0.4,Skin Resurfacing 40% off
1055954277176351,Ageless Living,indication,fine_lines_wrinkles,pigmentation_sun_damage,0.45,confidence 0.45,Skin Resurfacing 40% off
1055954277176351,Ageless Living,claim_risk,unclear,yes,0.5,runner-up yes at 0.45,Skin Resurfacing 40% off
1055954277176351,Ageless Living,claim_risk,unclear,,0.5,"regulated category: wrinkles, scars and sun spots 'could fade in a single visit'; 'gold standard for turning back the clock' (no results-may-vary disclaimer)",Skin Resurfacing 40% off
1776085543586888,Radiant Beauty & Health,format,comparison_switch,educational_howto,0.5,runner-up educational_howto at 0.45,Advanced Skin Resurfacing for Sun Exposure and Skin Texture Concerns
1776085543586888,Radiant Beauty & Health,indication,texture_pores,pigmentation_sun_damage,0.5,runner-up pigmentation_sun_damage at 0.45,Advanced Skin Resurfacing for Sun Exposure and Skin Texture Concerns
1064140673263849,Radiant Beauty & Health,format,comparison_switch,educational_howto,0.5,runner-up educational_howto at 0.45,Advanced Skin Resurfacing for Sun Exposure and Skin Texture Concerns
1064140673263849,Radiant Beauty & Health,indication,texture_pores,pigmentation_sun_damage,0.5,runner-up pigmentation_sun_damage at 0.45,Advanced Skin Resurfacing for Sun Exposure and Skin Texture Concerns
1080826571311010,Radiant Beauty & Health,format,comparison_switch,educational_howto,0.5,runner-up educational_howto at 0.45,Advanced Skin Resurfacing for Sun Exposure and Skin Texture Concerns
1080826571311010,Radiant Beauty & Health,cta_intent,learn_educate,lead_capture,0.5,runner-up lead_capture at 0.45,Advanced Skin Resurfacing for Sun Exposure and Skin Texture Concerns
1080826571311010,Radiant Beauty & Health,indication,texture_pores,pigmentation_sun_damage,0.5,runner-up pigmentation_sun_damage at 0.45,Advanced Skin Resurfacing for Sun Exposure and Skin Texture Concerns
1072926612328748,Radiant Beauty & Health,hook_archetype,bold_claim,flat_spec,0.4,confidence 0.4; runner-up flat_spec at 0.35,Support Collagen Production From Within With RF Microneedling
1072926612328748,Radiant Beauty & Health,funnel,mid_consideration,cold_prospecting,0.5,runner-up cold_prospecting at 0.45,Support Collagen Production From Within With RF Microneedling
1072926612328748,Radiant Beauty & Health,indication,texture_pores,laxity_tightening,0.5,runner-up laxity_tightening at 0.4,Support Collagen Production From Within With RF Microneedling
1072926612328748,Radiant Beauty & Health,claim_risk,unclear,yes,0.5,runner-up yes at 0.4,Support Collagen Production From Within With RF Microneedling
1072926612328748,Radiant Beauty & Health,claim_risk,unclear,,0.5,"regulated category: 'The result is tighter, smoother and more radiant skin that continues to improve for up to 90 days' (definitive outcome, no disclaimer)",Support Collagen Production From Within With RF Microneedling
2404192646736216,Philadelphia Medical Group,cta_intent,learn_educate,book_appointment,0.5,runner-up book_appointment at 0.45,CoolPeel Skin Resurfacing — $550
2404192646736216,Philadelphia Medical Group,funnel,bottom_retargeting,mid_consideration,0.5,runner-up mid_consideration at 0.4,CoolPeel Skin Resurfacing — $550
2404192646736216,Philadelphia Medical Group,indication,fine_lines_wrinkles,pigmentation_sun_damage,0.4,confidence 0.4; runner-up pigmentation_sun_damage at 0.35,CoolPeel Skin Resurfacing — $550
1757506775563745,Philadelphia Medical Group,hook_archetype,bold_claim,flat_spec,0.45,confidence 0.45,"Reduce Acne Scars, Melasma, Pigmentation"
1757506775563745,Philadelphia Medical Group,format,offer_promo,educational_howto,0.45,confidence 0.45; runner-up educational_howto at 0.4,"Reduce Acne Scars, Melasma, Pigmentation"
1757506775563745,Philadelphia Medical Group,driver,price_value,transformation,0.45,confidence 0.45; runner-up transformation at 0.4,"Reduce Acne Scars, Melasma, Pigmentation"
1757506775563745,Philadelphia Medical Group,funnel,bottom_retargeting,mid_consideration,0.45,confidence 0.45; runner-up mid_consideration at 0.45,"Reduce Acne Scars, Melasma, Pigmentation"
1757506775563745,Philadelphia Medical Group,indication,pigmentation_sun_damage,acne_scarring,0.4,confidence 0.4; runner-up acne_scarring at 0.35,"Reduce Acne Scars, Melasma, Pigmentation"
1360776098854936,Eterna Beauty & Wellness,hook_archetype,problem_callout,flat_spec,0.5,runner-up flat_spec at 0.4,"Ultherapy, XERF, Thermage, threads, Morpheus8. If you've been researching non-surgical lif"
1360776098854936,Eterna Beauty & Wellness,claim_risk,unclear,no,0.5,runner-up no at 0.4,"Ultherapy, XERF, Thermage, threads, Morpheus8. If you've been researching non-surgical lif"
1360776098854936,Eterna Beauty & Wellness,claim_risk,unclear,,0.5,"regulated category: comparative claims vs Ultherapy/XERF ('surface devices aren't built for', 'most patients don't sit through a full-energy session')","Ultherapy, XERF, Thermage, threads, Morpheus8. If you've been researching non-surgical lif"
1931329864493950,Eterna Beauty & Wellness,format,problem_solution,offer_promo,0.5,runner-up offer_promo at 0.4,Still Considering Morpheus8™? Your Full Face Treatment Is $800 ✨
1931329864493950,Eterna Beauty & Wellness,claim_risk,yes,,0.6,regulated category: 'Nothing else short of surgery reaches the same depth'; 'most clinics never leave the shallow settings',Still Considering Morpheus8™? Your Full Face Treatment Is $800 ✨
1468229094787974,Doctor Sakarya,funnel,mid_consideration,cold_prospecting,0.5,runner-up cold_prospecting at 0.4,Doctor Sakarya
1468229094787974,Doctor Sakarya,claim_risk,yes,,0.75,regulated category: 'Transformation | 3-Month Result' results language with no results-may-vary disclaimer,Doctor Sakarya
1947140969306027,Doctor Sakarya,funnel,mid_consideration,cold_prospecting,0.5,runner-up cold_prospecting at 0.4,Doctor Sakarya
1947140969306027,Doctor Sakarya,claim_risk,yes,,0.75,regulated category: 'Transformation | 3-Month Result' results language with no results-may-vary disclaimer,Doctor Sakarya
2091871554773455,Dr. Paul Jarrod Frank,indication,general_glow,texture_pores,0.45,confidence 0.45,"Why Laser Resurfacing Is the Key to Better Skin Quality

While Botox can soften wrinkles a"
2111202476140645,Dr. Paul Jarrod Frank,claim_risk,yes,,0.85,regulated category: 'Fountain of Youth Treatment That Changes Your DNA'; 'positive epigenetic changes' unsupported claim,"Laser Resurfacing: The Fountain of Youth Treatment That Changes Your DNA

Laser resurfacin"
28288256030828257,Dr. Paul Jarrod Frank,indication,general_glow,texture_pores,0.45,confidence 0.45,"Why Laser Resurfacing Is the Key to Better Skin Quality

While Botox can soften wrinkles a"
4517763415108307,Mineral Medspa,driver,lifestyle_aspiration,transformation,0.45,confidence 0.45,Book your Co2 trip
1380639063693156,Mineral Medspa,offer,event_flash_sale,percent_off,0.5,runner-up percent_off at 0.4,Spots Are filling Up So fast 🚀
1380639063693156,Mineral Medspa,awareness_stage,most_aware,product_aware,0.5,runner-up product_aware at 0.45,Spots Are filling Up So fast 🚀
1380639063693156,Mineral Medspa,indication,acne_scarring,texture_pores,0.4,confidence 0.4; runner-up texture_pores at 0.35,Spots Are filling Up So fast 🚀
1380639063693156,Mineral Medspa,proof_asset,before_after_photo,none,0.5,runner-up none at 0.45,Spots Are filling Up So fast 🚀
1380639063693156,Mineral Medspa,claim_risk,yes,,0.95,"regulated category: 'Erase scars, pores & redness'; 'Erase deep wrinkles & fine lines'",Spots Are filling Up So fast 🚀
1517385493412039,ReGenesis Wellness & Medspa,hook_archetype,question,direct_offer,0.5,runner-up direct_offer at 0.4,{{product.name}}
1517385493412039,ReGenesis Wellness & Medspa,driver,trust_safety,fear_loss,0.45,confidence 0.45,{{product.name}}
1517385493412039,ReGenesis Wellness & Medspa,funnel,bottom_retargeting,mid_consideration,0.5,runner-up mid_consideration at 0.4,{{product.name}}
1517385493412039,ReGenesis Wellness & Medspa,claim_risk,unclear,no,0.5,runner-up no at 0.4,{{product.name}}
1517385493412039,ReGenesis Wellness & Medspa,claim_risk,unclear,,0.5,regulated category: 'Tampa's leading oculoplastic surgeon' superlative; templated DCO fields ({{product.name}}),{{product.name}}
1289086646546609,Infinity Medspa of Glastonbury,funnel,bottom_retargeting,mid_consideration,0.5,runner-up mid_consideration at 0.4,Up to 50% Off Morpheus8 ✨
1289086646546609,Infinity Medspa of Glastonbury,indication,laxity_tightening,fine_lines_wrinkles,0.5,runner-up fine_lines_wrinkles at 0.45,Up to 50% Off Morpheus8 ✨
1599001445258299,Infinity Medspa of Glastonbury,driver,price_value,transformation,0.5,runner-up transformation at 0.45,Up to 50% Off CO2 Laser
1599001445258299,Infinity Medspa of Glastonbury,funnel,mid_consideration,bottom_retargeting,0.5,runner-up bottom_retargeting at 0.45,Up to 50% Off CO2 Laser
27363720039929895,Renove Medical Spa,funnel,bottom_retargeting,cold_prospecting,0.45,confidence 0.45; runner-up cold_prospecting at 0.4,Get Up To $300 Off HELIX® Laser Skin Resurfacing
27363720039929895,Renove Medical Spa,claim_risk,unclear,,0.5,"regulated category: 'turn back the clock on aging'; comparative claim vs Morpheus8 ('less downtime, less discomfort, fewer treatments')",Get Up To $300 Off HELIX® Laser Skin Resurfacing
993403313446428,Renove Medical Spa,funnel,bottom_retargeting,cold_prospecting,0.45,confidence 0.45; runner-up cold_prospecting at 0.4,Get Up To $300 Off HELIX® Laser Skin Resurfacing
993403313446428,Renove Medical Spa,claim_risk,unclear,,0.5,"regulated category: 'turn back the clock on aging'; comparative claim vs Morpheus8 ('less downtime, less discomfort, fewer treatments')",Get Up To $300 Off HELIX® Laser Skin Resurfacing
984317784702593,Clevens Face and Body Specialists,claim_risk,unclear,,0.5,regulated category: 'Turn back the clock'; 'Get visible and natural results' without disclaimer,"Get $750 Off Your Surgery, Plus a $250 Med Spa Gift Card!* 🎉"
1636204531544412,Chandler Med Spa PLLC,driver,price_value,transformation,0.5,runner-up transformation at 0.4,✨ Reg. $800 — Now $279 | CoolPeel Special
1636204531544412,Chandler Med Spa PLLC,funnel,cold_prospecting,bottom_retargeting,0.5,runner-up bottom_retargeting at 0.4,✨ Reg. $800 — Now $279 | CoolPeel Special
1778313673321693,Chandler Med Spa PLLC,driver,price_value,fear_loss,0.4,confidence 0.4; runner-up fear_loss at 0.35,✨ Fine Lines & Texture? Reset for $279
1778313673321693,Chandler Med Spa PLLC,funnel,cold_prospecting,bottom_retargeting,0.45,confidence 0.45; runner-up bottom_retargeting at 0.4,✨ Fine Lines & Texture? Reset for $279
1268242741912151,Opal Aesthetics,claim_risk,unclear,no,0.5,runner-up no at 0.45,{{product.name}}
1268242741912151,Opal Aesthetics,claim_risk,unclear,,0.5,regulated category: templated DCO fields ({{product.name}}); thin copy,{{product.name}}
1078434048183156,Opal Aesthetics,format,problem_solution,catalog_generic,0.45,confidence 0.45,Laser Treatments at Opal Aesthetics
1078434048183156,Opal Aesthetics,indication,pigmentation_sun_damage,general_glow,0.5,runner-up general_glow at 0.4,Laser Treatments at Opal Aesthetics
1621434629507988,FACE Skincare~Medical~Wellness,driver,social_proof,status_identity,0.5,runner-up status_identity at 0.4,⚡️ NEW UltraClear SPECIAL
1621434629507988,FACE Skincare~Medical~Wellness,indication,general_glow,laxity_tightening,0.5,runner-up laxity_tightening at 0.4,⚡️ NEW UltraClear SPECIAL
1621434629507988,FACE Skincare~Medical~Wellness,claim_risk,unclear,,0.55,regulated category: 'world's FIRST & ONLY cold fiber ablative laser'; 'Michigan's Leading Integrative Beauty Clinic' unsupported superlatives,⚡️ NEW UltraClear SPECIAL
1103130399037499,FACE Skincare~Medical~Wellness,format,product_announcement,offer_promo,0.5,runner-up offer_promo at 0.4,Sylfirm X™ 15% OFF End of Summer Special
1103130399037499,FACE Skincare~Medical~Wellness,driver,trust_safety,downtime_avoidance,0.4,confidence 0.4,Sylfirm X™ 15% OFF End of Summer Special
1103130399037499,FACE Skincare~Medical~Wellness,funnel,mid_consideration,bottom_retargeting,0.5,runner-up bottom_retargeting at 0.4,Sylfirm X™ 15% OFF End of Summer Special
1103130399037499,FACE Skincare~Medical~Wellness,indication,pigmentation_sun_damage,texture_pores,0.4,confidence 0.4; runner-up texture_pores at 0.35,Sylfirm X™ 15% OFF End of Summer Special
1103130399037499,FACE Skincare~Medical~Wellness,claim_risk,yes,,0.85,regulated category: 'world's FIRST dual-wave RF microneedling'; 'Safe for even tanned skin'; 'Little to no pain'; 'No downtime'; med spa claiming to address melasma,Sylfirm X™ 15% OFF End of Summer Special
1698078314594314,FACE Skincare~Medical~Wellness,driver,social_proof,status_identity,0.5,runner-up status_identity at 0.4,NEW UltraClear Laser + MicroCoring Laser⚡️
1698078314594314,FACE Skincare~Medical~Wellness,indication,general_glow,laxity_tightening,0.5,runner-up laxity_tightening at 0.4,NEW UltraClear Laser + MicroCoring Laser⚡️
1698078314594314,FACE Skincare~Medical~Wellness,claim_risk,unclear,,0.55,regulated category: 'world's FIRST & ONLY cold fiber ablative laser'; 'Michigan's Leading Integrative Beauty Clinic' unsupported superlatives,NEW UltraClear Laser + MicroCoring Laser⚡️
1408271037881857,Wellness Spa,cta_intent,learn_educate,book_appointment,0.5,runner-up book_appointment at 0.4,"🎒✨ 2-WEEK BACK-TO-SCHOOL SALE! ✨🎒
Wellness Marketplace Spa

Back to school means it’s time"
1408271037881857,Wellness Spa,funnel,bottom_retargeting,cold_prospecting,0.5,runner-up cold_prospecting at 0.4,"🎒✨ 2-WEEK BACK-TO-SCHOOL SALE! ✨🎒
Wellness Marketplace Spa

Back to school means it’s time"
1465857292033959,Wellness Spa,awareness_stage,solution_aware,product_aware,0.45,confidence 0.45, 
1465857292033959,Wellness Spa,downtime_handling,not_mentioned,downtime_disclosed,0.5,runner-up downtime_disclosed at 0.4, 
2133381004086847,Ruaa Medical Spa ,hook_archetype,bold_claim,direct_offer,0.5,runner-up direct_offer at 0.4,¡Elimina las manchas oscuras rápidamente!
2133381004086847,Ruaa Medical Spa ,driver,transformation,price_value,0.45,confidence 0.45; runner-up price_value at 0.4,¡Elimina las manchas oscuras rápidamente!
2133381004086847,Ruaa Medical Spa ,claim_risk,yes,,0.95,"regulated category: 'Elimina las manchas oscuras' (eliminate); 'rápido, seguro y efectivo' (safe/effective)",¡Elimina las manchas oscuras rápidamente!
2277518923011003,Ruaa Medical Spa ,format,offer_promo,problem_solution,0.5,runner-up problem_solution at 0.45,🔥 40% OFF CO2 Laser
2277518923011003,Ruaa Medical Spa ,offer,percent_off,event_flash_sale,0.5,runner-up event_flash_sale at 0.45,🔥 40% OFF CO2 Laser
2277518923011003,Ruaa Medical Spa ,awareness_stage,solution_aware,product_aware,0.5,runner-up product_aware at 0.4,🔥 40% OFF CO2 Laser
2277518923011003,Ruaa Medical Spa ,driver,price_value,transformation,0.5,runner-up transformation at 0.4,🔥 40% OFF CO2 Laser
2277518923011003,Ruaa Medical Spa ,funnel,bottom_retargeting,cold_prospecting,0.5,runner-up cold_prospecting at 0.4,🔥 40% OFF CO2 Laser
2080192879549457,EPIK IV Therapy,funnel,cold_prospecting,bottom_retargeting,0.5,runner-up bottom_retargeting at 0.4,Up to 50% Off Morpheus8 ✨
2080192879549457,EPIK IV Therapy,indication,texture_pores,fine_lines_wrinkles,0.35,confidence 0.35; runner-up fine_lines_wrinkles at 0.3,Up to 50% Off Morpheus8 ✨
1813660636737313,EPIK IV Therapy,awareness_stage,solution_aware,product_aware,0.5,runner-up product_aware at 0.4,Up to 50% Off CO2 Laser ✨
1813660636737313,EPIK IV Therapy,funnel,cold_prospecting,bottom_retargeting,0.5,runner-up bottom_retargeting at 0.4,Up to 50% Off CO2 Laser ✨
1813660636737313,EPIK IV Therapy,indication,fine_lines_wrinkles,pigmentation_sun_damage,0.4,confidence 0.4,Up to 50% Off CO2 Laser ✨
1324472182455746,Luna Dermatology,format,offer_promo,lifestyle_aspiration,0.5,runner-up lifestyle_aspiration at 0.4,Anti-aging Laser Facial From $249!
1324472182455746,Luna Dermatology,offer,first_treatment_price,no_offer,0.45,confidence 0.45; runner-up no_offer at 0.4,Anti-aging Laser Facial From $249!
1324472182455746,Luna Dermatology,cta_intent,book_appointment,learn_educate,0.5,runner-up learn_educate at 0.45,Anti-aging Laser Facial From $249!
1324472182455746,Luna Dermatology,awareness_stage,most_aware,unaware,0.45,confidence 0.45,Anti-aging Laser Facial From $249!
1324472182455746,Luna Dermatology,driver,price_value,social_proof,0.4,confidence 0.4,Anti-aging Laser Facial From $249!
1324472182455746,Luna Dermatology,claim_risk,yes,,0.9,regulated category: 'Erase Years in a Single Session!',Anti-aging Laser Facial From $249!
1317580117031646,Luna Dermatology,format,offer_promo,lifestyle_aspiration,0.5,runner-up lifestyle_aspiration at 0.4,Laser Facial Starting From $249!
1317580117031646,Luna Dermatology,offer,first_treatment_price,no_offer,0.45,confidence 0.45; runner-up no_offer at 0.4,Laser Facial Starting From $249!
1317580117031646,Luna Dermatology,cta_intent,book_appointment,learn_educate,0.5,runner-up learn_educate at 0.45,Laser Facial Starting From $249!
1317580117031646,Luna Dermatology,awareness_stage,most_aware,unaware,0.45,confidence 0.45,Laser Facial Starting From $249!
1317580117031646,Luna Dermatology,driver,price_value,social_proof,0.4,confidence 0.4,Laser Facial Starting From $249!
1317580117031646,Luna Dermatology,claim_risk,yes,,0.9,regulated category: 'Erase Years in a Single Session!',Laser Facial Starting From $249!
1957529214802115,Luna Dermatology,format,offer_promo,lifestyle_aspiration,0.5,runner-up lifestyle_aspiration at 0.4,Luna Dermatology
1957529214802115,Luna Dermatology,offer,first_treatment_price,no_offer,0.45,confidence 0.45; runner-up no_offer at 0.4,Luna Dermatology
1957529214802115,Luna Dermatology,awareness_stage,most_aware,unaware,0.45,confidence 0.45,Luna Dermatology
1957529214802115,Luna Dermatology,driver,price_value,social_proof,0.4,confidence 0.4,Luna Dermatology
1957529214802115,Luna Dermatology,claim_risk,yes,,0.9,regulated category: 'Erase Years in a Single Session!',Luna Dermatology
1823894742355150,The Longevity Center Greenville,format,provider_authority,problem_solution,0.5,runner-up problem_solution at 0.4,"Physician-led CO2 resurfacing. Transparent pricing, no surprises."
1823894742355150,The Longevity Center Greenville,indication,fine_lines_wrinkles,texture_pores,0.4,confidence 0.4; runner-up texture_pores at 0.4,"Physician-led CO2 resurfacing. Transparent pricing, no surprises."
840088009124899,SKINnovative Medical Aesthetics,offer,no_offer,first_treatment_price,0.45,confidence 0.45,Claim Offer 👉
840088009124899,SKINnovative Medical Aesthetics,indication,general_glow,fine_lines_wrinkles,0.4,confidence 0.4,Claim Offer 👉
840088009124899,SKINnovative Medical Aesthetics,claim_risk,yes,,0.95,"regulated category: 'No Pain, No Downtime!'; '95% of patients notice smoother skin after one session'; 'Safe for 90% of skin types'; 'results in just 3-7 days'",Claim Offer 👉
1784658939402050,Skin Care Institute,indication,general_glow,unspecified,0.5,runner-up unspecified at 0.45,Fraxel: 20% Off in Sept
3603683779769359,South Coast MedSpa,format,before_after_showcase,testimonial_ugc,0.5,runner-up testimonial_ugc at 0.4,South Coast MedSpa
3603683779769359,South Coast MedSpa,proof_asset,patient_testimonial,before_after_photo,0.5,runner-up before_after_photo at 0.45,South Coast MedSpa
3603683779769359,South Coast MedSpa,claim_risk,unclear,yes,0.5,runner-up yes at 0.4,South Coast MedSpa
3603683779769359,South Coast MedSpa,claim_risk,unclear,,0.5,regulated category: 'approximately 30% improvement in scar depth' results claim without results-may-vary disclaimer (hedged),South Coast MedSpa
4522224891380328,South Coast MedSpa,claim_risk,yes,,0.65,regulated category: 'These results show approximately 40% improvement'; 'significantly improve acne scar depth' with no results-may-vary disclaimer,South Coast MedSpa
1627954761996176,South Coast MedSpa,hook_archetype,bold_claim,problem_callout,0.5,runner-up problem_callout at 0.4,40-50% Off Laser Coring Event
1627954761996176,South Coast MedSpa,driver,transformation,price_value,0.45,confidence 0.45; runner-up price_value at 0.4,40-50% Off Laser Coring Event
1627954761996176,South Coast MedSpa,claim_risk,unclear,,0.5,regulated category: 'results comparable to CO2 resurfacing with faster healing and less discomfort' comparative claim; 'Say Goodbye to Deeper Lines',40-50% Off Laser Coring Event
1864650134913787,South Coast MedSpa,format,problem_solution,offer_promo,0.5,runner-up offer_promo at 0.45,"Fall Into Firmer, Smoother Skin"
1864650134913787,South Coast MedSpa,driver,transformation,price_value,0.45,confidence 0.45; runner-up price_value at 0.4,"Fall Into Firmer, Smoother Skin"
1864650134913787,South Coast MedSpa,funnel,bottom_retargeting,cold_prospecting,0.5,runner-up cold_prospecting at 0.4,"Fall Into Firmer, Smoother Skin"
1864650134913787,South Coast MedSpa,claim_risk,unclear,,0.5,regulated category: 'results comparable to CO2 resurfacing with faster healing and less discomfort' comparative claim,"Fall Into Firmer, Smoother Skin"
1538814157936927,Freya's Laser & Body Sculpting,funnel,bottom_retargeting,mid_consideration,0.5,runner-up mid_consideration at 0.4,Collagen-Boosting Skin Resurfacing ✨50% OFF PlaDuo Pro
1624057176090314,Freya's Laser & Body Sculpting,format,offer_promo,catalog_generic,0.5,runner-up catalog_generic at 0.45,Transform your skin without surgery ✨ FREE $250 Anti-Aging Voucher
1624057176090314,Freya's Laser & Body Sculpting,awareness_stage,product_aware,solution_aware,0.45,confidence 0.45; runner-up solution_aware at 0.4,Transform your skin without surgery ✨ FREE $250 Anti-Aging Voucher
1624057176090314,Freya's Laser & Body Sculpting,driver,price_value,transformation,0.5,runner-up transformation at 0.4,Transform your skin without surgery ✨ FREE $250 Anti-Aging Voucher
1624057176090314,Freya's Laser & Body Sculpting,indication,laxity_tightening,fine_lines_wrinkles,0.45,confidence 0.45; runner-up fine_lines_wrinkles at 0.4,Transform your skin without surgery ✨ FREE $250 Anti-Aging Voucher
1624057176090314,Freya's Laser & Body Sculpting,claim_risk,unclear,,0.5,regulated category: 'Turn back time and transform your skin without surgery',Transform your skin without surgery ✨ FREE $250 Anti-Aging Voucher
28611362148496222,Embrace Beauty Med Spa,offer,no_offer,first_treatment_price,0.45,confidence 0.45,Stop Covering It. Start Treating It. ✨
28611362148496222,Embrace Beauty Med Spa,indication,pigmentation_sun_damage,acne_scarring,0.4,confidence 0.4; runner-up acne_scarring at 0.35,Stop Covering It. Start Treating It. ✨
1389279533183718,Embrace Beauty Med Spa,hook_archetype,curiosity_tease,bold_claim,0.45,confidence 0.45; runner-up bold_claim at 0.4,FACELIFT- Without the Surgery!
1389279533183718,Embrace Beauty Med Spa,format,product_announcement,offer_promo,0.5,runner-up offer_promo at 0.4,FACELIFT- Without the Surgery!
1389279533183718,Embrace Beauty Med Spa,driver,transformation,downtime_avoidance,0.45,confidence 0.45,FACELIFT- Without the Surgery!
1389279533183718,Embrace Beauty Med Spa,funnel,cold_prospecting,mid_consideration,0.45,confidence 0.45; runner-up mid_consideration at 0.4,FACELIFT- Without the Surgery!
1389279533183718,Embrace Beauty Med Spa,claim_risk,yes,,0.9,regulated category: 'FACELIFT- Without the Surgery!'; 'No downtime'; 'results can last a year or longer',FACELIFT- Without the Surgery!
2480614679090144,Dr. Mehmet Cömert,funnel,mid_consideration,cold_prospecting,0.5,runner-up cold_prospecting at 0.4,"16 Months Later — And Still Glowing ✨

Some patients become part of the journey beyond a s"
2480614679090144,Dr. Mehmet Cömert,proof_asset,before_after_photo,provider_on_camera,0.45,confidence 0.45; runner-up provider_on_camera at 0.4,"16 Months Later — And Still Glowing ✨

Some patients become part of the journey beyond a s"
2480614679090144,Dr. Mehmet Cömert,claim_risk,unclear,yes,0.5,runner-up yes at 0.4,"16 Months Later — And Still Glowing ✨

Some patients become part of the journey beyond a s"
2480614679090144,Dr. Mehmet Cömert,claim_risk,unclear,,0.5,regulated category: '16 Months Later — And Still Glowing' results language with no disclaimer,"16 Months Later — And Still Glowing ✨

Some patients become part of the journey beyond a s"
1772639286960821,Dream Med Spa & Laser Center,cta_intent,learn_educate,free_consult,0.45,confidence 0.45; runner-up free_consult at 0.4,Dream Med Spa & Laser Center
942724968883655,Dream Med Spa & Laser Center,funnel,cold_prospecting,bottom_retargeting,0.5,runner-up bottom_retargeting at 0.4,3 Skin Resurfacing Treatments for $699
942724968883655,Dream Med Spa & Laser Center,indication,pigmentation_sun_damage,general_glow,0.45,confidence 0.45; runner-up general_glow at 0.4,3 Skin Resurfacing Treatments for $699
4116115745272703,Skin Spot Laser Club,hook_archetype,direct_offer,problem_callout,0.5,runner-up problem_callout at 0.45,{{product.name}}
4116115745272703,Skin Spot Laser Club,format,offer_promo,problem_solution,0.5,runner-up problem_solution at 0.4,{{product.name}}
4116115745272703,Skin Spot Laser Club,driver,transformation,price_value,0.4,confidence 0.4; runner-up price_value at 0.35,{{product.name}}
4116115745272703,Skin Spot Laser Club,funnel,bottom_retargeting,cold_prospecting,0.45,confidence 0.45; runner-up cold_prospecting at 0.4,{{product.name}}
4116115745272703,Skin Spot Laser Club,indication,laxity_tightening,fine_lines_wrinkles,0.45,confidence 0.45; runner-up fine_lines_wrinkles at 0.4,{{product.name}}
4116115745272703,Skin Spot Laser Club,claim_risk,yes,,0.9,regulated category: 'rewind time'; 'Reverse years of sun damage & dullness'; 'Smooth away crow's feet'; templated DCO fields,{{product.name}}
1417110160235973,xTool,hook_archetype,curiosity_tease,flat_spec,0.4,confidence 0.4; runner-up flat_spec at 0.35,"New laser, who dis? 😅✨ The xTool P3 just landed in my craft room 🪵🔥 and I genuinely could "
1417110160235973,xTool,driver,lifestyle_aspiration,convenience_time,0.4,confidence 0.4,"New laser, who dis? 😅✨ The xTool P3 just landed in my craft room 🪵🔥 and I genuinely could "
1417110160235973,xTool,proof_asset,patient_testimonial,none,0.5,runner-up none at 0.4,"New laser, who dis? 😅✨ The xTool P3 just landed in my craft room 🪵🔥 and I genuinely could "
952161381243913,xTool,proof_asset,stat_or_study,none,0.5,runner-up none at 0.4,✨✨xTool P3 - The First AI-Powered 80W CO2 Laser
2125234138032275,xTool,hook_archetype,curiosity_tease,flat_spec,0.4,confidence 0.4,"I still can’t believe there’s an xTool P3 in my shop 😍🥹🤯

This is the biggest and most pow"
2125234138032275,xTool,driver,lifestyle_aspiration,convenience_time,0.4,confidence 0.4,"I still can’t believe there’s an xTool P3 in my shop 😍🥹🤯

This is the biggest and most pow"
2125234138032275,xTool,proof_asset,patient_testimonial,none,0.5,runner-up none at 0.4,"I still can’t believe there’s an xTool P3 in my shop 😍🥹🤯

This is the biggest and most pow"
2294689930943838,Laser in Denver,format,offer_promo,problem_solution,0.4,confidence 0.4; runner-up problem_solution at 0.35,instagram.com
2294689930943838,Laser in Denver,offer,first_treatment_price,dollar_off,0.5,runner-up dollar_off at 0.45,instagram.com
2294689930943838,Laser in Denver,driver,price_value,transformation,0.4,confidence 0.4; runner-up transformation at 0.35,instagram.com
2294689930943838,Laser in Denver,indication,general_glow,texture_pores,0.35,confidence 0.35; runner-up texture_pores at 0.3,instagram.com
2294689930943838,Laser in Denver,claim_risk,yes,,0.7,"regulated category: 'Helps to get rid of ... wrinkles, scars & acne scars' removal language",instagram.com
1175957121354726,Laser in Denver,format,offer_promo,problem_solution,0.4,confidence 0.4; runner-up problem_solution at 0.35,Instagram
1175957121354726,Laser in Denver,offer,first_treatment_price,dollar_off,0.5,runner-up dollar_off at 0.45,Instagram
1175957121354726,Laser in Denver,driver,price_value,transformation,0.4,confidence 0.4; runner-up transformation at 0.35,Instagram
1175957121354726,Laser in Denver,indication,general_glow,texture_pores,0.35,confidence 0.35; runner-up texture_pores at 0.3,Instagram
1175957121354726,Laser in Denver,claim_risk,yes,,0.7,"regulated category: 'Helps to get rid of ... wrinkles, scars & acne scars' removal language",Instagram
2766584060377979,Dermagenesis Skin and Body Care,driver,transformation,status_identity,0.45,confidence 0.45; runner-up status_identity at 0.4,Morpheus8
2766584060377979,Dermagenesis Skin and Body Care,indication,acne_scarring,pigmentation_sun_damage,0.45,confidence 0.45,Morpheus8
2766584060377979,Dermagenesis Skin and Body Care,claim_risk,yes,,0.7,regulated category: 'Resultados visibles desde la primera sesion!' results claim without disclaimer; 'revolucionando a todo Hollywood',Morpheus8
2033730230500405,Dermagenesis Skin and Body Care,claim_risk,yes,,0.85,regulated category: 'DILE ADIÓS A LAS CICATRICES DE ACNÉ'; 'Resultados visibles desde la primera sesión'; 'reconstruyendo tejido dañado',Cicatrices de Acne Adios
1704338340727842,Reston Aesthetics,offer,dollar_off,event_flash_sale,0.4,confidence 0.4; runner-up event_flash_sale at 0.35,15 Spots Left - $297
1704338340727842,Reston Aesthetics,claim_risk,unclear,no,0.5,runner-up no at 0.45,15 Spots Left - $297
1704338340727842,Reston Aesthetics,claim_risk,unclear,,0.5,"regulated category: 'Bye Bye Baggy Eyes' implies elimination of under-eye bags (hedged elsewhere: 'designed to support', 'may be ideal')",15 Spots Left - $297
1250344617196097,Pler,format,problem_solution,lifestyle_aspiration,0.45,confidence 0.45,Renueva tu piel con Laser CO2
1250344617196097,Pler,offer,no_offer,financing_monthly,0.5,runner-up financing_monthly at 0.4,Renueva tu piel con Laser CO2
1250344617196097,Pler,indication,pigmentation_sun_damage,fine_lines_wrinkles,0.3,confidence 0.3; runner-up fine_lines_wrinkles at 0.3,Renueva tu piel con Laser CO2
1250344617196097,Pler,claim_risk,unclear,no,0.5,runner-up no at 0.4,Renueva tu piel con Laser CO2
1250344617196097,Pler,claim_risk,unclear,,0.5,regulated category: 'El secreto detrás de la piel de muchas celebridades' unsupported celebrity claim; 'renueva la piel desde adentro',Renueva tu piel con Laser CO2
34644487298527854,Pler,indication,acne_scarring,unspecified,0.4,confidence 0.4; runner-up unspecified at 0.4,Muchas pacientes creen que después de una cirugía la cicatriz es algo que simplemente tien
34644487298527854,Pler,claim_risk,unclear,no,0.5,runner-up no at 0.4,Muchas pacientes creen que después de una cirugía la cicatriz es algo que simplemente tien
34644487298527854,Pler,claim_risk,unclear,,0.5,regulated category: 'mejorar notablemente su apariencia' (hedged 'pueden'); exosome regeneration claim unsupported,Muchas pacientes creen que después de una cirugía la cicatriz es algo que simplemente tien
1511946277176857,Oasis Laser Medical Spa,format,problem_solution,offer_promo,0.5,runner-up offer_promo at 0.45,{{product.name}}
1511946277176857,Oasis Laser Medical Spa,awareness_stage,solution_aware,product_aware,0.5,runner-up product_aware at 0.4,{{product.name}}
1511946277176857,Oasis Laser Medical Spa,driver,transformation,price_value,0.45,confidence 0.45; runner-up price_value at 0.4,{{product.name}}
1511946277176857,Oasis Laser Medical Spa,funnel,bottom_retargeting,cold_prospecting,0.5,runner-up cold_prospecting at 0.4,{{product.name}}
1511946277176857,Oasis Laser Medical Spa,claim_risk,yes,,0.95,regulated category: '¡Es hora de eliminarlas de una vez!'; 'borrando cicatrices'; 'Elimina cicatrices y manchas',{{product.name}}
949262791257253,Oasis Laser Medical Spa,format,problem_solution,offer_promo,0.5,runner-up offer_promo at 0.45,{{product.name}}
949262791257253,Oasis Laser Medical Spa,awareness_stage,solution_aware,product_aware,0.5,runner-up product_aware at 0.4,{{product.name}}
949262791257253,Oasis Laser Medical Spa,driver,transformation,price_value,0.45,confidence 0.45; runner-up price_value at 0.4,{{product.name}}
949262791257253,Oasis Laser Medical Spa,funnel,bottom_retargeting,cold_prospecting,0.5,runner-up cold_prospecting at 0.4,{{product.name}}
949262791257253,Oasis Laser Medical Spa,claim_risk,yes,,0.7,regulated category: 'It's time to finally fix them!' cure language; 'fading scars' results language without disclaimer; templated DCO fields,{{product.name}}
2072255153504577,Proctologo En Reynosa,funnel,mid_consideration,cold_prospecting,0.5,runner-up cold_prospecting at 0.4,{{product.name}}
2072255153504577,Proctologo En Reynosa,claim_risk,unclear,no,0.5,runner-up no at 0.45,{{product.name}}
2072255153504577,Proctologo En Reynosa,claim_risk,unclear,,0.5,"regulated category: templated DCO fields ({{product.name}}); non-skin (hemorrhoid) CO2 laser use, hedged ('valorar si ... es una opción adecuada')",{{product.name}}
876126781591131,Proctologo En Reynosa,funnel,mid_consideration,cold_prospecting,0.5,runner-up cold_prospecting at 0.4,📲 Envíanos un mensaje para recibir información y agendar tu consulta.
1036729909300047,Aesthetic Artistry,funnel,cold_prospecting,bottom_retargeting,0.5,runner-up bottom_retargeting at 0.4,Baggy Eye Rescue CO2 + Cool Peel Laser 👉NOW $295!
1036729909300047,Aesthetic Artistry,claim_risk,yes,,0.8,regulated category: 'noticeable results without surgery or downtime' and 'non-invasive' for a CO2 laser; no results disclaimer,Baggy Eye Rescue CO2 + Cool Peel Laser 👉NOW $295!
27986265257700742,Norse Organics,downtime_handling,downtime_disclosed,not_mentioned,0.5,runner-up not_mentioned at 0.45,{{product.name}}
27986265257700742,Norse Organics,claim_risk,yes,,0.7,"regulated category: Unsupported disparagement of lasers: 'BURNING OFF the top layers', 'Excruciating pain, weeks of red, oozing downtime', '$25 billion of PROFIT from keeping your skin damaged'; templated product fields",{{product.name}}
1015264117922407,Norse Organics,downtime_handling,downtime_disclosed,not_mentioned,0.5,runner-up not_mentioned at 0.45,{{product.name}}
1015264117922407,Norse Organics,claim_risk,yes,,0.75,"regulated category: 'has faded 500,000+ scars' (unsubstantiated result claim); unsupported disparagement of lasers ('BURNING OFF', 'Excruciating pain, weeks of red, oozing downtime')",{{product.name}}
1579366067221443,Norse Organics,downtime_handling,downtime_disclosed,not_mentioned,0.5,runner-up not_mentioned at 0.45,Why Scar Treatment Fails
1579366067221443,Norse Organics,claim_risk,yes,,0.7,"regulated category: Unsupported disparagement of lasers and microneedling: 'BURNING OFF the top layers', 'Excruciating pain, weeks of red, oozing downtime', 'keeping your skin damaged'",Why Scar Treatment Fails
1452417820028950,Love Yourself Medspa,funnel,cold_prospecting,bottom_retargeting,0.5,runner-up bottom_retargeting at 0.4,Baggy Eye Rescue CO2 For Only $499! ✨
1452417820028950,Love Yourself Medspa,claim_risk,unclear,,0.55,"regulated category: 'SAY GOODBYE TO TIRED-LOOKING EYES' (elimination-adjacent) and 'Regularly $2,000' price anchor; body copy otherwise hedged ('helping to improve', 'soften')",Baggy Eye Rescue CO2 For Only $499! ✨
1440415218108729,Gweike laser,driver,price_value,convenience_time,0.5,runner-up convenience_time at 0.4,Dross-Free Cutting — Experience True Fiber Laser Precision!
1858052685631546,Gweike laser,driver,price_value,convenience_time,0.5,runner-up convenience_time at 0.4,Dross-Free Cutting — Experience True Fiber Laser Precision!
1442528493854637,Paloma Clinic Spa,proof_asset,before_after_photo,none,0.5,runner-up none at 0.45,"CO2 fraccional sin filtros en Paloma Clinic Spa en Houston
Si buscas mejorar cicatrices de"
1442528493854637,Paloma Clinic Spa,claim_risk,unclear,,0.6,regulated category: 'CO2 fraccional sin filtros' implies unfiltered results footage with no results-may-vary disclaimer; body copy hedged ('te ayuda a renovar'),"CO2 fraccional sin filtros en Paloma Clinic Spa en Houston
Si buscas mejorar cicatrices de"
1053335703834921,Paloma Clinic Spa,offer,free_consult,no_offer,0.5,runner-up no_offer at 0.45,"✨ Elige tu láser ideal según tu tiempo de recuperación

LÁSER CO₂ =LÁSER ERBIUM
 sí tienes"
1053335703834921,Paloma Clinic Spa,proof_asset,before_after_photo,none,0.5,runner-up none at 0.45,"✨ Elige tu láser ideal según tu tiempo de recuperación

LÁSER CO₂ =LÁSER ERBIUM
 sí tienes"
1053335703834921,Paloma Clinic Spa,claim_risk,unclear,,0.55,regulated category: 'te verás increíble y con piel renovada'; #AntesYDespues (before/after) with only 'Aplican términos y condiciones' as caveat,"✨ Elige tu láser ideal según tu tiempo de recuperación

LÁSER CO₂ =LÁSER ERBIUM
 sí tienes"
1304236668179168,Paloma Clinic Spa,indication,acne_scarring,texture_pores,0.5,runner-up texture_pores at 0.4,Las cicatrices en el rostro pueden quedarse mucho tiempo… pero eso no significa que tu pie
1963262357719468,Paloma Clinic Spa,awareness_stage,solution_aware,product_aware,0.5,runner-up product_aware at 0.4,"¿Te cansas de que tu edad se refleje en tu piel?
¡No permitas que los efectos del tiempo e"
1963262357719468,Paloma Clinic Spa,claim_risk,unclear,,0.55,regulated category: 'la solución perfecta para lucir espectacular'; IPL claimed to reduce 'manchas... de nacimiento' by a spa; partially offset by 'Aplica condiciones... varía en cada persona',"¿Te cansas de que tu edad se refleje en tu piel?
¡No permitas que los efectos del tiempo e"
1017863360887644,Park Ave Cosmetic Center,funnel,cold_prospecting,bottom_retargeting,0.5,runner-up bottom_retargeting at 0.4,"Get Our ""Bye Bye Baggy Eyes"" - JUST $347!🔥"
784368538100003,Park Ave Cosmetic Center,funnel,cold_prospecting,bottom_retargeting,0.5,runner-up bottom_retargeting at 0.4,"Get Our ""Bye Bye Baggy Eyes"" - JUST $347!🔥"
888800180584659,"713 Wellness , Aesthetics and Medical Center",indication,fine_lines_wrinkles,acne_scarring,0.4,confidence 0.4; runner-up acne_scarring at 0.35,⚡ Agenda tu sesión de Láser CO2.
888800180584659,"713 Wellness , Aesthetics and Medical Center",claim_risk,yes,,0.75,"regulated category: 'desde la primera sesión notarás cómo tu piel recupera la luminosidad, firmeza y suavidad' (guaranteed first-session result); 'seguro y efectivo'",⚡ Agenda tu sesión de Láser CO2.
1643029797350680,"713 Wellness , Aesthetics and Medical Center",indication,fine_lines_wrinkles,acne_scarring,0.4,confidence 0.4; runner-up acne_scarring at 0.35,⚡ Agenda tu sesión de Láser CO2.
1643029797350680,"713 Wellness , Aesthetics and Medical Center",claim_risk,yes,,0.75,"regulated category: 'desde la primera sesión notarás cómo tu piel recupera la luminosidad, firmeza y suavidad' (guaranteed first-session result); 'seguro y efectivo'",⚡ Agenda tu sesión de Láser CO2.
1093519419805953,Praga Wellness Center,cta_intent,message_us,book_appointment,0.5,runner-up book_appointment at 0.4,Agenda tu cita
1093519419805953,Praga Wellness Center,claim_risk,unclear,,0.55,"regulated category: 'renovar tu piel a nivel celular' / 'Renovación celular profunda', results 'en pocas sesiones' with no disclaimer",Agenda tu cita
2755192244882947,Praga Wellness Center,offer,first_treatment_price,no_offer,0.45,confidence 0.45; runner-up no_offer at 0.4,Agenda tu valoración
2755192244882947,Praga Wellness Center,cta_intent,message_us,book_appointment,0.5,runner-up book_appointment at 0.4,Agenda tu valoración
2755192244882947,Praga Wellness Center,funnel,mid_consideration,cold_prospecting,0.5,runner-up cold_prospecting at 0.4,Agenda tu valoración
1549540640156915,Coastal Aesthetics,hook_archetype,direct_offer,bold_claim,0.5,runner-up bold_claim at 0.4,"Reveal Healthier, Younger-Looking Skin ✨"
1549540640156915,Coastal Aesthetics,funnel,cold_prospecting,bottom_retargeting,0.5,runner-up bottom_retargeting at 0.4,"Reveal Healthier, Younger-Looking Skin ✨"
1549540640156915,Coastal Aesthetics,indication,fine_lines_wrinkles,texture_pores,0.45,confidence 0.45; runner-up texture_pores at 0.4,"Reveal Healthier, Younger-Looking Skin ✨"
1549540640156915,Coastal Aesthetics,claim_risk,yes,,0.8,"regulated category: 'Little to no downtime' for CO2 laser; 'Say bye-bye to wrinkles & fine lines, scarring' (elimination); 'dramatic results', 'Long-lasting results' with no results-may-vary disclaimer","Reveal Healthier, Younger-Looking Skin ✨"
1019759244089677,Coastal Aesthetics,indication,fine_lines_wrinkles,general_glow,0.4,confidence 0.4,{{product.name}}
1019759244089677,Coastal Aesthetics,claim_risk,unclear,,0.5,regulated category: 'Turn back time and transform your skin without surgery' (reverse-aging adjacent); templated product fields,{{product.name}}
2121820088369058,Coastal Aesthetics,indication,fine_lines_wrinkles,texture_pores,0.4,confidence 0.4; runner-up texture_pores at 0.35,FREE $250 Rejuvenation Credit Towards Top-Rated Treatments ✨
2121820088369058,Coastal Aesthetics,downtime_handling,downtime_denied,not_mentioned,0.5,runner-up not_mentioned at 0.4,FREE $250 Rejuvenation Credit Towards Top-Rated Treatments ✨
2121820088369058,Coastal Aesthetics,claim_risk,yes,,0.65,"regulated category: 'All without the pain, cost, or downtime of surgery' (painless / no-downtime framing for CO2 and Erbium); 'Turn back time and transform your skin'; no results disclaimer",FREE $250 Rejuvenation Credit Towards Top-Rated Treatments ✨
879004958483453,Coastal Aesthetics,indication,fine_lines_wrinkles,texture_pores,0.4,confidence 0.4; runner-up texture_pores at 0.35,FREE $250 Rejuvenation Credit Towards Top-Rated Treatments ✨
879004958483453,Coastal Aesthetics,downtime_handling,downtime_denied,not_mentioned,0.5,runner-up not_mentioned at 0.4,FREE $250 Rejuvenation Credit Towards Top-Rated Treatments ✨
879004958483453,Coastal Aesthetics,claim_risk,yes,,0.65,"regulated category: 'All without the pain, cost, or downtime of surgery' (painless / no-downtime framing for CO2 and Erbium); 'Turn back time and transform your skin'; no results disclaimer",FREE $250 Rejuvenation Credit Towards Top-Rated Treatments ✨
1510650869971045,Innova Beauty Clinic,format,problem_solution,educational_howto,0.45,confidence 0.45,"✨ ¡Rejuvenece tu piel con Morpheus 8! ✨

Morpheus 8 trabaja en las capas profundas de tu p"
1510650869971045,Innova Beauty Clinic,funnel,cold_prospecting,mid_consideration,0.5,runner-up mid_consideration at 0.4,"✨ ¡Rejuvenece tu piel con Morpheus 8! ✨

Morpheus 8 trabaja en las capas profundas de tu p"
925106819935037,Innova Beauty Clinic,hook_archetype,bold_claim,flat_spec,0.45,confidence 0.45; runner-up flat_spec at 0.4,"Rejuvenece tu piel desde lo más profundo.
Morpheus8 combina radiofrecuencia + microagujas "
925106819935037,Innova Beauty Clinic,format,educational_howto,problem_solution,0.5,runner-up problem_solution at 0.4,"Rejuvenece tu piel desde lo más profundo.
Morpheus8 combina radiofrecuencia + microagujas "
925106819935037,Innova Beauty Clinic,funnel,mid_consideration,cold_prospecting,0.5,runner-up cold_prospecting at 0.45,"Rejuvenece tu piel desde lo más profundo.
Morpheus8 combina radiofrecuencia + microagujas "
925106819935037,Innova Beauty Clinic,claim_risk,unclear,no,0.5,runner-up no at 0.45,"Rejuvenece tu piel desde lo más profundo.
Morpheus8 combina radiofrecuencia + microagujas "
925106819935037,Innova Beauty Clinic,claim_risk,unclear,,0.5,"regulated category: 'Resultados visibles, progresivos y naturales' results language with no disclaimer; otherwise hedged","Rejuvenece tu piel desde lo más profundo.
Morpheus8 combina radiofrecuencia + microagujas "
1042871991429053,IBeauty Med Spa Sylvania,hook_archetype,direct_offer,bold_claim,0.5,runner-up bold_claim at 0.45,Get Dramatic Results With Our CoolPeel™ Co2 Laser ✨
1042871991429053,IBeauty Med Spa Sylvania,funnel,cold_prospecting,bottom_retargeting,0.5,runner-up bottom_retargeting at 0.4,Get Dramatic Results With Our CoolPeel™ Co2 Laser ✨
1042871991429053,IBeauty Med Spa Sylvania,indication,fine_lines_wrinkles,texture_pores,0.45,confidence 0.45; runner-up texture_pores at 0.4,Get Dramatic Results With Our CoolPeel™ Co2 Laser ✨
1042871991429053,IBeauty Med Spa Sylvania,claim_risk,yes,,0.85,"regulated category: 'no real downtime' / 'Little to no downtime' for a CO2 laser; 'dramatic results', 'Long-lasting results' with no results-may-vary disclaimer",Get Dramatic Results With Our CoolPeel™ Co2 Laser ✨
1426447346166537,The G Spa San Francisco,offer,dollar_off,first_treatment_price,0.5,runner-up first_treatment_price at 0.4,{{product.name}}
1426447346166537,The G Spa San Francisco,funnel,bottom_retargeting,cold_prospecting,0.5,runner-up cold_prospecting at 0.45,{{product.name}}
2270391413494530,The G Spa San Francisco,offer,dollar_off,first_treatment_price,0.5,runner-up first_treatment_price at 0.4,Unlock Radiant Skin : Just $199
2270391413494530,The G Spa San Francisco,funnel,bottom_retargeting,cold_prospecting,0.5,runner-up cold_prospecting at 0.45,Unlock Radiant Skin : Just $199
1038844542198599,GlowNar Aesthetics,driver,transformation,trust_safety,0.4,confidence 0.4,{{product.name}}
1038844542198599,GlowNar Aesthetics,funnel,cold_prospecting,mid_consideration,0.5,runner-up mid_consideration at 0.4,{{product.name}}
1038844542198599,GlowNar Aesthetics,indication,general_glow,acne_scarring,0.4,confidence 0.4,{{product.name}}
1038844542198599,GlowNar Aesthetics,claim_risk,yes,,0.7,regulated category: 'pigmentation removal' and 'gynecological rejuvenation' claimed for a CO2 device (unsupported / off-label vaginal rejuvenation claim); templated product fields,{{product.name}}
1084419761188816,GlowNar Aesthetics,claim_risk,yes,,0.75,"regulated category: 'FDA-cleared and approved device' (conflates cleared with approved); 'non-invasive rejuvenation, scar repair, acne treatment, and hair restoration'; '90% Oxygen' hyperbaric claims",GlowNar Aesthetics
1006337722403664,Milas Aesthetic Spa Houston,funnel,bottom_retargeting,cold_prospecting,0.5,runner-up cold_prospecting at 0.45,MOST popular facial treatments
1006337722403664,Milas Aesthetic Spa Houston,indication,laxity_tightening,fine_lines_wrinkles,0.4,confidence 0.4; runner-up fine_lines_wrinkles at 0.35,MOST popular facial treatments
1006337722403664,Milas Aesthetic Spa Houston,claim_risk,unclear,yes,0.5,runner-up yes at 0.45,MOST popular facial treatments
1006337722403664,Milas Aesthetic Spa Houston,claim_risk,unclear,,0.5,"regulated category: 'Fades acne scars & pigmentation', 'Instant glow + firming' by a non-physician spa; '(Value $550)' price anchor",MOST popular facial treatments
1069835729306735,Milas Aesthetic Spa Houston,funnel,bottom_retargeting,cold_prospecting,0.5,runner-up cold_prospecting at 0.45,💎 $249 CO2 Laser Special (Value $799)
1069835729306735,Milas Aesthetic Spa Houston,indication,laxity_tightening,fine_lines_wrinkles,0.5,runner-up fine_lines_wrinkles at 0.4,💎 $249 CO2 Laser Special (Value $799)
1069835729306735,Milas Aesthetic Spa Houston,claim_risk,yes,,0.55,"regulated category: 'Bye Bye Under-Eye Bags!' (elimination language), 'Brighter, Younger-Looking Eyes' with no disclaimer; CO2 under-eye treatment by a non-physician spa; '(Value $799)' anchor",💎 $249 CO2 Laser Special (Value $799)
1422745169602572,"Cyra Beauty, Health and Laser Clinic",hook_archetype,flat_spec,bold_claim,0.4,confidence 0.4; runner-up bold_claim at 0.35,"Technology meets skin transformation.

RF Microneedling works beneath the surface to stimu"
1422745169602572,"Cyra Beauty, Health and Laser Clinic",funnel,cold_prospecting,mid_consideration,0.5,runner-up mid_consideration at 0.4,"Technology meets skin transformation.

RF Microneedling works beneath the surface to stimu"
1422745169602572,"Cyra Beauty, Health and Laser Clinic",indication,laxity_tightening,texture_pores,0.4,confidence 0.4; runner-up texture_pores at 0.4,"Technology meets skin transformation.

RF Microneedling works beneath the surface to stimu"
2184599668979132,"Cyra Beauty, Health and Laser Clinic",funnel,mid_consideration,cold_prospecting,0.5,runner-up cold_prospecting at 0.4,instagram.com
2184599668979132,"Cyra Beauty, Health and Laser Clinic",indication,general_glow,unspecified,0.5,runner-up unspecified at 0.4,instagram.com
992673506648840,Lakewood Ranch Med Spa,hook_archetype,direct_offer,bold_claim,0.5,runner-up bold_claim at 0.45,See Dramatic Results With Our Co2 Laser ✨
992673506648840,Lakewood Ranch Med Spa,funnel,cold_prospecting,bottom_retargeting,0.5,runner-up bottom_retargeting at 0.4,See Dramatic Results With Our Co2 Laser ✨
992673506648840,Lakewood Ranch Med Spa,indication,fine_lines_wrinkles,texture_pores,0.45,confidence 0.45; runner-up texture_pores at 0.4,See Dramatic Results With Our Co2 Laser ✨
992673506648840,Lakewood Ranch Med Spa,claim_risk,yes,,0.85,"regulated category: 'no real downtime' / 'Little to no downtime' for a CO2 laser; 'dramatic results', 'Long-lasting results' with no results-may-vary disclaimer",See Dramatic Results With Our Co2 Laser ✨
1711657766927241,Lakewood Ranch Med Spa,hook_archetype,direct_offer,bold_claim,0.5,runner-up bold_claim at 0.45,See Dramatic Results With Our Co2 Laser ✨
1711657766927241,Lakewood Ranch Med Spa,funnel,cold_prospecting,bottom_retargeting,0.5,runner-up bottom_retargeting at 0.4,See Dramatic Results With Our Co2 Laser ✨
1711657766927241,Lakewood Ranch Med Spa,indication,fine_lines_wrinkles,texture_pores,0.45,confidence 0.45; runner-up texture_pores at 0.4,See Dramatic Results With Our Co2 Laser ✨
1711657766927241,Lakewood Ranch Med Spa,claim_risk,yes,,0.85,"regulated category: 'no real downtime' / 'Little to no downtime' for a CO2 laser; 'dramatic results', 'Long-lasting results' with no results-may-vary disclaimer",See Dramatic Results With Our Co2 Laser ✨
1363464869329005,Bella Viságe Medical & Aesthetic Rejuvenation Lakeland,format,offer_promo,problem_solution,0.5,runner-up problem_solution at 0.45,Bye Bye Baggy Eyes for ONLY $399!🔥
1363464869329005,Bella Viságe Medical & Aesthetic Rejuvenation Lakeland,offer,dollar_off,event_flash_sale,0.45,confidence 0.45,Bye Bye Baggy Eyes for ONLY $399!🔥
1363464869329005,Bella Viságe Medical & Aesthetic Rejuvenation Lakeland,driver,transformation,price_value,0.5,runner-up price_value at 0.4,Bye Bye Baggy Eyes for ONLY $399!🔥
1363464869329005,Bella Viságe Medical & Aesthetic Rejuvenation Lakeland,indication,fine_lines_wrinkles,laxity_tightening,0.5,runner-up laxity_tightening at 0.45,Bye Bye Baggy Eyes for ONLY $399!🔥
1363464869329005,Bella Viságe Medical & Aesthetic Rejuvenation Lakeland,claim_risk,unclear,no,0.5,runner-up no at 0.4,Bye Bye Baggy Eyes for ONLY $399!🔥
1363464869329005,Bella Viságe Medical & Aesthetic Rejuvenation Lakeland,claim_risk,unclear,,0.5,"regulated category: 'Bye Bye Baggy Eyes' treatment name (elimination-adjacent); body copy hedged ('helps stimulate', 'youthful-looking', 'minimal downtime')",Bye Bye Baggy Eyes for ONLY $399!🔥
1332035815731640,OneLife Health & Performance,hook_archetype,direct_offer,bold_claim,0.5,runner-up bold_claim at 0.45,Get Dramatic Results With Our CoolPeel™ Co2 Laser ✨
1332035815731640,OneLife Health & Performance,funnel,cold_prospecting,bottom_retargeting,0.5,runner-up bottom_retargeting at 0.4,Get Dramatic Results With Our CoolPeel™ Co2 Laser ✨
1332035815731640,OneLife Health & Performance,indication,fine_lines_wrinkles,texture_pores,0.45,confidence 0.45; runner-up texture_pores at 0.4,Get Dramatic Results With Our CoolPeel™ Co2 Laser ✨
1332035815731640,OneLife Health & Performance,claim_risk,yes,,0.85,"regulated category: 'no real downtime' / 'Little to no downtime' for a CO2 laser; 'dramatic results', 'Long-lasting results' with no results-may-vary disclaimer",Get Dramatic Results With Our CoolPeel™ Co2 Laser ✨
1568203577537702,Naya Well,format,problem_solution,offer_promo,0.5,runner-up offer_promo at 0.45,$179 CO2 Skin Rejuvenation Assessment & Treatment
1568203577537702,Naya Well,offer,first_treatment_price,event_flash_sale,0.45,confidence 0.45; runner-up event_flash_sale at 0.4,$179 CO2 Skin Rejuvenation Assessment & Treatment
1568203577537702,Naya Well,driver,transformation,price_value,0.45,confidence 0.45; runner-up price_value at 0.4,$179 CO2 Skin Rejuvenation Assessment & Treatment
1568203577537702,Naya Well,claim_risk,yes,,0.6,"regulated category: 'smooth wrinkles, fade scars, and restore youthful, glowing skin - naturally'; 'Many believe their only options are... invasive surgery - but that's simply not true' (comparative); wellness spa with a 'Professional Laser Skin Expert', not a physician",$179 CO2 Skin Rejuvenation Assessment & Treatment
1753706319313979,Clear + Brilliant,hook_archetype,flat_spec,curiosity_tease,0.4,confidence 0.4,"Paid partnership with Clear + Brilliant® Touch. 

I started with a consultation to see how"
1702165114410555,Clear + Brilliant,hook_archetype,curiosity_tease,before_after_reveal,0.45,confidence 0.45; runner-up before_after_reveal at 0.4,I’m back to share an update on my @clearandbrilliantlaser Touch treatment journey after co
1655927595474381,Clear + Brilliant,hook_archetype,curiosity_tease,social_proof,0.45,confidence 0.45,I am so excited to share my full experience with Clear + Brilliant® Touch. I started with 
1045996054587292,Fraxel,funnel,mid_consideration,cold_prospecting,0.5,runner-up cold_prospecting at 0.45,"Trying something new for my skin journey ✨

I’ve been wanting to address uneven skin tone,"
1734874347585944,Fraxel,indication,pigmentation_sun_damage,texture_pores,0.5,runner-up texture_pores at 0.4,"Loved my experience with #FraxelFTX. We chatted through my skin goals and concerns, includ"
1682738063015582,Sculpt Aesthetics Med Spa,claim_risk,yes,,0.85,"regulated category: 'Non-Surgical Blepharoplasty' / 'Non-Surgical Eye Lift' (surgical-outcome equivalence claim for a CO2 laser); 'Lift droopy lids, reduce bags... all without surgery' by a med spa, no disclaimer",$299 Non-Surgical Blepharoplasty Special!🔥
1075225821532305,Forest Wellness M.D.,driver,price_value,trust_safety,0.45,confidence 0.45; runner-up trust_safety at 0.4,🔥 Claim $250 OFF !
1075225821532305,Forest Wellness M.D.,funnel,cold_prospecting,mid_consideration,0.5,runner-up mid_consideration at 0.4,🔥 Claim $250 OFF !
1075225821532305,Forest Wellness M.D.,indication,pigmentation_sun_damage,fine_lines_wrinkles,0.45,confidence 0.45; runner-up fine_lines_wrinkles at 0.4,🔥 Claim $250 OFF !
934225159108112,Forest Wellness M.D.,format,offer_promo,problem_solution,0.5,runner-up problem_solution at 0.4,🔥 Claim $250 OFF !
934225159108112,Forest Wellness M.D.,driver,price_value,trust_safety,0.45,confidence 0.45; runner-up trust_safety at 0.4,🔥 Claim $250 OFF !
934225159108112,Forest Wellness M.D.,funnel,cold_prospecting,mid_consideration,0.5,runner-up mid_consideration at 0.4,🔥 Claim $250 OFF !
934225159108112,Forest Wellness M.D.,indication,pigmentation_sun_damage,fine_lines_wrinkles,0.45,confidence 0.45; runner-up fine_lines_wrinkles at 0.4,🔥 Claim $250 OFF !
1971305893570082,Euphoria Skin & Hair,offer,dollar_off,event_flash_sale,0.5,runner-up event_flash_sale at 0.45,"""Non-Surgical Facelift"" - Save $300! 🥳"
1971305893570082,Euphoria Skin & Hair,funnel,cold_prospecting,bottom_retargeting,0.5,runner-up bottom_retargeting at 0.45,"""Non-Surgical Facelift"" - Save $300! 🥳"
1971305893570082,Euphoria Skin & Hair,indication,laxity_tightening,fine_lines_wrinkles,0.5,runner-up fine_lines_wrinkles at 0.45,"""Non-Surgical Facelift"" - Save $300! 🥳"
1971305893570082,Euphoria Skin & Hair,claim_risk,yes,,0.95,"regulated category: 'Non-Surgical Facelift'; 'remove wrinkles'; 'Finally Reverse Their Sun Damage'; 'Turn Back The Clock On Your Face' - permanence/reversal claims by a non-physician skin & hair clinic, no disclaimer","""Non-Surgical Facelift"" - Save $300! 🥳"
1608301200649621,Solé Medical Spa,hook_archetype,direct_offer,question,0.5,runner-up question at 0.4,{{product.name}}
1608301200649621,Solé Medical Spa,format,provider_authority,offer_promo,0.5,runner-up offer_promo at 0.4,{{product.name}}
1608301200649621,Solé Medical Spa,funnel,mid_consideration,cold_prospecting,0.5,runner-up cold_prospecting at 0.4,{{product.name}}
3971268766342735,Solé Medical Spa,hook_archetype,direct_offer,question,0.5,runner-up question at 0.4,{{product.name}}
3971268766342735,Solé Medical Spa,format,provider_authority,offer_promo,0.5,runner-up offer_promo at 0.4,{{product.name}}
3971268766342735,Solé Medical Spa,funnel,mid_consideration,cold_prospecting,0.5,runner-up cold_prospecting at 0.4,{{product.name}}
1040062901702476,InMode,hook_archetype,flat_spec,bold_claim,0.5,runner-up bold_claim at 0.4,{{product.name}}
1040062901702476,InMode,format,comparison_switch,educational_howto,0.5,runner-up educational_howto at 0.4,{{product.name}}
1040062901702476,InMode,claim_risk,unclear,yes,0.5,runner-up yes at 0.4,{{product.name}}
1040062901702476,InMode,claim_risk,unclear,,0.5,"regulated category: 'lower relapse rates and better scar outcomes than isotretinoin and ablative laser' and 'strong safety profile across all Fitzpatrick skin types' - comparative superiority claims, cited to peer-reviewed research, HCP-only audience",{{product.name}}
1291209316365599,InMode,format,offer_promo,educational_howto,0.4,confidence 0.4; runner-up educational_howto at 0.35,{{product.name}}
1530221548519146,InMode,proof_asset,patient_testimonial,before_after_photo,0.45,confidence 0.45,InMode
1530221548519146,InMode,claim_risk,unclear,,0.5,regulated category: 'changing what's possible without surgery'; 'delivers results real patients are raving about' with no results-may-vary disclaimer,InMode
1318943913414961,NewBeauty,hook_archetype,direct_offer,social_proof,0.5,runner-up social_proof at 0.4,{{product.name}}
1318943913414961,NewBeauty,format,product_announcement,offer_promo,0.5,runner-up offer_promo at 0.45,{{product.name}}
1318943913414961,NewBeauty,offer,dollar_off,package_bundle,0.5,runner-up package_bundle at 0.45,{{product.name}}
1318943913414961,NewBeauty,driver,price_value,social_proof,0.45,confidence 0.45; runner-up social_proof at 0.4,{{product.name}}
1318943913414961,NewBeauty,funnel,mid_consideration,bottom_retargeting,0.45,confidence 0.45; runner-up bottom_retargeting at 0.4,{{product.name}}
1318943913414961,NewBeauty,claim_risk,yes,,0.65,"regulated category: 'the most convenient, safe, and versatile option' (safety superlative); 'no downtime'; templated product fields",{{product.name}}
1382363823835279,NewBeauty,funnel,mid_consideration,cold_prospecting,0.5,runner-up cold_prospecting at 0.4,{{product.name}}
828298440328385,Live Vibrant Medspa,indication,acne_scarring,fine_lines_wrinkles,0.5,runner-up fine_lines_wrinkles at 0.4,"Improve Acne Scars, Fine Lines & Tone"
2042843953013182,Live Vibrant Medspa,indication,acne_scarring,fine_lines_wrinkles,0.5,runner-up fine_lines_wrinkles at 0.4,Live Vibrant Medspa
2042843953013182,Live Vibrant Medspa,downtime_handling,downtime_disclosed,downtime_minimized,0.45,confidence 0.45,Live Vibrant Medspa
1939507033396941,LaVie Skinthetics Medspa,awareness_stage,most_aware,product_aware,0.5,runner-up product_aware at 0.45,"🔥 Federal Way: CO2 Turkey Neck Laser, Only $349 ($1,299 Value)"
1939507033396941,LaVie Skinthetics Medspa,driver,price_value,transformation,0.5,runner-up transformation at 0.4,"🔥 Federal Way: CO2 Turkey Neck Laser, Only $349 ($1,299 Value)"
1939507033396941,LaVie Skinthetics Medspa,funnel,cold_prospecting,bottom_retargeting,0.5,runner-up bottom_retargeting at 0.45,"🔥 Federal Way: CO2 Turkey Neck Laser, Only $349 ($1,299 Value)"
1939507033396941,LaVie Skinthetics Medspa,claim_risk,unclear,yes,0.5,runner-up yes at 0.4,"🔥 Federal Way: CO2 Turkey Neck Laser, Only $349 ($1,299 Value)"
1939507033396941,LaVie Skinthetics Medspa,claim_risk,unclear,,0.5,"regulated category: 'one of the strongest non-surgical options for neck tightening', 'doesn't respond to creams', stacked value anchors '($1,299 Value)'; body otherwise hedged","🔥 Federal Way: CO2 Turkey Neck Laser, Only $349 ($1,299 Value)"
1939382253706207,LaVie Skinthetics Medspa,awareness_stage,most_aware,product_aware,0.5,runner-up product_aware at 0.45,"🔥 Federal Way: CO2 Turkey Neck Laser, Only $349 ($1,299 Value)"
1939382253706207,LaVie Skinthetics Medspa,driver,price_value,transformation,0.5,runner-up transformation at 0.4,"🔥 Federal Way: CO2 Turkey Neck Laser, Only $349 ($1,299 Value)"
1939382253706207,LaVie Skinthetics Medspa,funnel,cold_prospecting,bottom_retargeting,0.5,runner-up bottom_retargeting at 0.45,"🔥 Federal Way: CO2 Turkey Neck Laser, Only $349 ($1,299 Value)"
1939382253706207,LaVie Skinthetics Medspa,claim_risk,unclear,yes,0.5,runner-up yes at 0.4,"🔥 Federal Way: CO2 Turkey Neck Laser, Only $349 ($1,299 Value)"
1939382253706207,LaVie Skinthetics Medspa,claim_risk,unclear,,0.5,"regulated category: 'one of the strongest non-surgical options for neck tightening', 'doesn't respond to creams', stacked value anchors '($1,299 Value)'; body otherwise hedged","🔥 Federal Way: CO2 Turkey Neck Laser, Only $349 ($1,299 Value)"
881304258248713,Ultimate You Medspa,hook_archetype,flat_spec,direct_offer,0.4,confidence 0.4; runner-up direct_offer at 0.35,Ultimate You Medspa
881304258248713,Ultimate You Medspa,driver,price_value,fear_loss,0.4,confidence 0.4; runner-up fear_loss at 0.35,Ultimate You Medspa
881304258248713,Ultimate You Medspa,funnel,mid_consideration,cold_prospecting,0.5,runner-up cold_prospecting at 0.4,Ultimate You Medspa
1070400498903129,Ultimate You Medspa,driver,price_value,transformation,0.5,runner-up transformation at 0.45,"$999 Ultimate Fall Reset (Normally $1,999)"
1070400498903129,Ultimate You Medspa,funnel,cold_prospecting,bottom_retargeting,0.5,runner-up bottom_retargeting at 0.45,"$999 Ultimate Fall Reset (Normally $1,999)"
1070400498903129,Ultimate You Medspa,indication,laxity_tightening,pigmentation_sun_damage,0.4,confidence 0.4,"$999 Ultimate Fall Reset (Normally $1,999)"
1070400498903129,Ultimate You Medspa,claim_risk,yes,,0.65,"regulated category: 'No scars'; 'your skin looks better six months from now than it does today' (guaranteed result); '(normally $1,999)' anchor","$999 Ultimate Fall Reset (Normally $1,999)"
2418089695596737,Alibaba.com,driver,price_value,convenience_time,0.4,confidence 0.4,{{product.name}}
2418089695596737,Alibaba.com,claim_risk,yes,,0.7,"regulated category: 'RF Vaginal Tightening Machine', 'Acne Scar Removal', 'Skin Virgin Tightening' - unsupported device claims in a B2B equipment catalog; templated product fields",{{product.name}}
1092476393259314,Alibaba.com,driver,price_value,,0.45,confidence 0.45,{{product.name}}
1092476393259314,Alibaba.com,claim_risk,yes,,0.7,"regulated category: 'Facelift Device', 'Varicose Veins Surgery', 'Liposuction Fat Removal Laser', 'Spot Scar Removal' - unsupported medical device claims in a B2B equipment catalog; templated product fields",{{product.name}}
26812657305069410,Pink Mountain Wellness,driver,fear_loss,transformation,0.45,confidence 0.45; runner-up transformation at 0.4,"If you’ve noticed new lines on your neck, it’s likely from constantly looking down at your"
1021208953835877,Pink Mountain Wellness,funnel,mid_consideration,cold_prospecting,0.5,runner-up cold_prospecting at 0.45,Medical Spa Albuquerque NM | Pink Mountain Wellness
1488873672509670,Dr. Juan Carlos Herrera,hook_archetype,bold_claim,flat_spec,0.5,runner-up flat_spec at 0.4,Chat with us
1488873672509670,Dr. Juan Carlos Herrera,driver,price_value,transformation,0.5,runner-up transformation at 0.4,Chat with us
1488873672509670,Dr. Juan Carlos Herrera,funnel,mid_consideration,cold_prospecting,0.45,confidence 0.45; runner-up cold_prospecting at 0.4,Chat with us
1488873672509670,Dr. Juan Carlos Herrera,indication,laxity_tightening,fine_lines_wrinkles,0.45,confidence 0.45; runner-up fine_lines_wrinkles at 0.4,Chat with us
1488873672509670,Dr. Juan Carlos Herrera,claim_risk,unclear,yes,0.5,runner-up yes at 0.4,Chat with us
1488873672509670,Dr. Juan Carlos Herrera,claim_risk,unclear,,0.5,"regulated category: 'medical-grade results at a fraction of U.S. prices'; 'Visible lifting effect' for a CO2 laser; 'Reveal smoother, firmer, younger-looking skin' with no results-may-vary disclaimer (physician advertiser)",Chat with us
1677125453559699,Dr. Juan Carlos Herrera,hook_archetype,bold_claim,curiosity_tease,0.45,confidence 0.45,Chat with us
1677125453559699,Dr. Juan Carlos Herrera,driver,price_value,convenience_time,0.5,runner-up convenience_time at 0.4,Chat with us
1677125453559699,Dr. Juan Carlos Herrera,claim_risk,yes,,0.7,"regulated category: 'Reveal smoother, tighter, naturally sculpted features with no downtime!' (no-downtime claim for laser endolifting, no disclaimer)",Chat with us
1616871889835428,"Princeton Rejuvenation Institute, LLC",driver,transformation,fear_loss,0.5,runner-up fear_loss at 0.4,FREE Facelift Consultation!
1616871889835428,"Princeton Rejuvenation Institute, LLC",claim_risk,unclear,,0.5,"regulated category: Med spa domain (primedspa.net) advertising surgical Facelifts; 'restore youthful contours, tighten sagging skin' and 'that's simply not true' framing with no disclaimer",FREE Facelift Consultation!
1354367256772575,Facelift TJ,hook_archetype,bold_claim,flat_spec,0.4,confidence 0.4,Chat with us
1354367256772575,Facelift TJ,format,provider_authority,offer_promo,0.45,confidence 0.45,Chat with us
1354367256772575,Facelift TJ,proof_asset,before_after_photo,none,0.5,runner-up none at 0.4,Chat with us
1354367256772575,Facelift TJ,claim_risk,yes,,0.6,"regulated category: 'Morpheus Fractional CO2 Laser' (Morpheus8 is RF microneedling, not CO2 - device misdescription); 'world-class', 'The results speak for themselves' with no disclaimer",Chat with us
2198283054250194,Venus Aesthetics Miami,format,before_after_showcase,testimonial_ugc,0.45,confidence 0.45,"At Venus Aesthetics, we don’t just treat skin, we transform it. ✨

This client received ou"
2198283054250194,Venus Aesthetics Miami,funnel,mid_consideration,cold_prospecting,0.5,runner-up cold_prospecting at 0.4,"At Venus Aesthetics, we don’t just treat skin, we transform it. ✨

This client received ou"
2198283054250194,Venus Aesthetics Miami,claim_risk,unclear,,0.5,"regulated category: 'we don't just treat skin, we transform it'; 'a reset for your skin, inside and out'; client results shown with no results-may-vary disclaimer","At Venus Aesthetics, we don’t just treat skin, we transform it. ✨

This client received ou"
1779341073471777,Venus Aesthetics Miami,format,educational_howto,problem_solution,0.5,runner-up problem_solution at 0.4, 
1779341073471777,Venus Aesthetics Miami,awareness_stage,solution_aware,product_aware,0.5,runner-up product_aware at 0.45, 
1779341073471777,Venus Aesthetics Miami,driver,fear_loss,transformation,0.45,confidence 0.45; runner-up transformation at 0.4, 
1779341073471777,Venus Aesthetics Miami,indication,pigmentation_sun_damage,laxity_tightening,0.4,confidence 0.4, 
1779341073471777,Venus Aesthetics Miami,claim_risk,unclear,,0.5,regulated category: 'corrects what's visible and rebuilds what's underneath'; '#WrinkleFree' hashtag, 
977352941899643,Venus Aesthetics Miami,format,problem_solution,educational_howto,0.35,confidence 0.35; runner-up educational_howto at 0.3,api.whatsapp.com
977352941899643,Venus Aesthetics Miami,funnel,bottom_retargeting,cold_prospecting,0.4,confidence 0.4; runner-up cold_prospecting at 0.4,api.whatsapp.com
977352941899643,Venus Aesthetics Miami,claim_risk,unclear,no,0.45,confidence 0.45; runner-up no at 0.4,api.whatsapp.com
977352941899643,Venus Aesthetics Miami,claim_risk,unclear,,0.45,"regulated category: '#WrinkleFree' hashtag; 'smoother, lifted' neckline from toxin with no disclaimer",api.whatsapp.com
2493122501142170,Venus Aesthetics Miami,format,before_after_showcase,lifestyle_aspiration,0.45,confidence 0.45,Venus Aesthetics Miami
2493122501142170,Venus Aesthetics Miami,driver,transformation,status_identity,0.4,confidence 0.4; runner-up status_identity at 0.35,Venus Aesthetics Miami
2493122501142170,Venus Aesthetics Miami,funnel,bottom_retargeting,cold_prospecting,0.4,confidence 0.4; runner-up cold_prospecting at 0.4,Venus Aesthetics Miami
2493122501142170,Venus Aesthetics Miami,proof_asset,before_after_photo,none,0.45,confidence 0.45; runner-up none at 0.45,Venus Aesthetics Miami
2493122501142170,Venus Aesthetics Miami,claim_risk,unclear,no,0.45,confidence 0.45; runner-up no at 0.45,Venus Aesthetics Miami
2493122501142170,Venus Aesthetics Miami,claim_risk,unclear,,0.45,regulated category: '#WrinkleFree' hashtag; lip result shown with no disclaimer,Venus Aesthetics Miami
1100236379622557,B&W Plastic Surgery,claim_risk,yes,,0.6,regulated category: 'Morpheus8 Fractional CO2 Laser Session' mislabels an RF microneedling device as CO2; 'Real results' with no disclaimer,Chat with us
1823928042111545,B&W Plastic Surgery,claim_risk,yes,,0.65,regulated category: 'the gold standard' superiority claim; 'Morpheus8 Fractional CO2 Laser Session' mislabels device; 'Real results' with no disclaimer,Chat with us
1801279250883246,Skinfuzion,offer,first_treatment_price,percent_off,0.6,runner-up percent_off at 0.55,"Been eyeing Morpheus8 but haven’t pulled the trigger? This is your sign. 💫 Tighter, firmer"
1801279250883246,Skinfuzion,awareness_stage,most_aware,product_aware,0.6,runner-up product_aware at 0.5,"Been eyeing Morpheus8 but haven’t pulled the trigger? This is your sign. 💫 Tighter, firmer"
2139221446668485,Skinfuzion,claim_risk,yes,,0.55,"regulated category: Day-by-day results narrative ('Day 3: smooth, calm, glowing / Day 5: hi, cheekbones') with no results-may-vary disclaimer","“Downtime” is doing a lot of heavy lifting here.

Day 1: full glow-up mode (aka “I look li"
1125923773443565,Just Wellness,format,comparison_switch,educational_howto,0.6,runner-up educational_howto at 0.5,Beyond the Glow: What Makes MOXI Different
1125923773443565,Just Wellness,indication,texture_pores,general_glow,0.5,runner-up general_glow at 0.45,Beyond the Glow: What Makes MOXI Different
916781717782051,Just Wellness,funnel,cold_prospecting,bottom_retargeting,0.5,runner-up bottom_retargeting at 0.5,BEST Laser Season Sales!
1419281296221664,Maya Med Spa,awareness_stage,product_aware,most_aware,0.6,runner-up most_aware at 0.5,Laser Facial in Little Falls - Only $299
1419281296221664,Maya Med Spa,driver,price_value,transformation,0.55,runner-up transformation at 0.5,Laser Facial in Little Falls - Only $299
1419281296221664,Maya Med Spa,indication,general_glow,texture_pores,0.5,runner-up texture_pores at 0.45,Laser Facial in Little Falls - Only $299
1419281296221664,Maya Med Spa,claim_risk,yes,,0.65,regulated category: 'Results that last 1-3 years with proper care'; 'most clients see visible improvement within days' - results claims with no disclaimer,Laser Facial in Little Falls - Only $299
2187984508765679,Maya Med Spa,awareness_stage,product_aware,most_aware,0.6,runner-up most_aware at 0.5,Laser Facial ONLY $299! 🚨
2187984508765679,Maya Med Spa,driver,price_value,transformation,0.55,runner-up transformation at 0.5,Laser Facial ONLY $299! 🚨
2187984508765679,Maya Med Spa,indication,general_glow,pigmentation_sun_damage,0.5,runner-up pigmentation_sun_damage at 0.4,Laser Facial ONLY $299! 🚨
2187984508765679,Maya Med Spa,claim_risk,yes,,0.65,regulated category: 'Results that last 1-3 years with proper care'; 'most clients see visible improvement within days' - results claims with no disclaimer,Laser Facial ONLY $299! 🚨
1131933803344472,Skin Plus Beauty,hook_archetype,flat_spec,direct_offer,0.45,confidence 0.45; runner-up direct_offer at 0.45,{{product.name}}
1131933803344472,Skin Plus Beauty,driver,transformation,price_value,0.55,runner-up price_value at 0.5,{{product.name}}
1131933803344472,Skin Plus Beauty,funnel,bottom_retargeting,mid_consideration,0.5,runner-up mid_consideration at 0.45,{{product.name}}
28454716860851918,Skin Plus Beauty,format,offer_promo,before_after_showcase,0.5,runner-up before_after_showcase at 0.45,The award-winning skin reset.
28454716860851918,Skin Plus Beauty,offer,event_flash_sale,dollar_off,0.6,runner-up dollar_off at 0.5,The award-winning skin reset.
28454716860851918,Skin Plus Beauty,funnel,bottom_retargeting,mid_consideration,0.5,runner-up mid_consideration at 0.45,The award-winning skin reset.
28454716860851918,Skin Plus Beauty,claim_risk,yes,,0.8,"regulated category: 'Together, they fix everything topicals can't'; 'Texture + sun damage - fixed'; 'That after photo? Six days later' with no disclaimer; 'smoothing acne scars' by med spa",The award-winning skin reset.
1581811420046679,Skin Plus Beauty,format,lifestyle_aspiration,catalog_generic,0.4,confidence 0.4; runner-up catalog_generic at 0.35,{{product.name}}
1581811420046679,Skin Plus Beauty,driver,downtime_avoidance,convenience_time,0.45,confidence 0.45; runner-up convenience_time at 0.4,{{product.name}}
1581811420046679,Skin Plus Beauty,funnel,mid_consideration,bottom_retargeting,0.5,runner-up bottom_retargeting at 0.4,{{product.name}}
1771734774013777,US Evergreen Medspa,driver,price_value,trust_safety,0.6,runner-up trust_safety at 0.5,秋季抗衰特价日 · 每周三天
1771734774013777,US Evergreen Medspa,funnel,mid_consideration,bottom_retargeting,0.5,runner-up bottom_retargeting at 0.45,秋季抗衰特价日 · 每周三天
1771734774013777,US Evergreen Medspa,claim_risk,yes,unclear,0.5,runner-up unclear at 0.45,秋季抗衰特价日 · 每周三天
1771734774013777,US Evergreen Medspa,claim_risk,yes,,0.5,regulated category: 'FDA 认证正品仪器' (FDA-certified devices) for cleared devices; '安全高效' (safe and effective) blanket safety claim,秋季抗衰特价日 · 每周三天
3139717436219017,US Evergreen Medspa,hook_archetype,curiosity_tease,problem_callout,0.5,runner-up problem_callout at 0.45,{{product.name}}
3139717436219017,US Evergreen Medspa,claim_risk,yes,,0.6,"regulated category: '找回紧致青春' (regain firm youth), '重塑嘭弹少女感', '精雕绝美下颌线' - rejuvenation/results claims with no disclaimer; '早做早年轻' urgency",{{product.name}}
1708811026911546,Evolve Aesthetics Vancouver,format,problem_solution,lifestyle_aspiration,0.4,confidence 0.4; runner-up lifestyle_aspiration at 0.4,Book Your Moxi™ Laser Treatment
1708811026911546,Evolve Aesthetics Vancouver,driver,convenience_time,downtime_avoidance,0.5,runner-up downtime_avoidance at 0.45,Book Your Moxi™ Laser Treatment
1708811026911546,Evolve Aesthetics Vancouver,funnel,bottom_retargeting,mid_consideration,0.5,runner-up mid_consideration at 0.45,Book Your Moxi™ Laser Treatment
1708811026911546,Evolve Aesthetics Vancouver,indication,pigmentation_sun_damage,general_glow,0.5,runner-up general_glow at 0.5,Book Your Moxi™ Laser Treatment
1708811026911546,Evolve Aesthetics Vancouver,downtime_handling,downtime_denied,downtime_minimized,0.6,runner-up downtime_minimized at 0.5,Book Your Moxi™ Laser Treatment
1708811026911546,Evolve Aesthetics Vancouver,claim_risk,yes,,0.6,regulated category: 'good for all skin types' (safe-for-everyone type claim); 'Say goodbye to uneven pigmentation' results language with no disclaimer,Book Your Moxi™ Laser Treatment
2588298138253644,Evolve Aesthetics Vancouver,format,lifestyle_aspiration,catalog_generic,0.4,confidence 0.4; runner-up catalog_generic at 0.35,{{product.name}}
2588298138253644,Evolve Aesthetics Vancouver,funnel,bottom_retargeting,mid_consideration,0.5,runner-up mid_consideration at 0.45,{{product.name}}
2588298138253644,Evolve Aesthetics Vancouver,indication,pigmentation_sun_damage,general_glow,0.5,runner-up general_glow at 0.5,{{product.name}}
2588298138253644,Evolve Aesthetics Vancouver,claim_risk,yes,,0.55,regulated category: 'Moxi Laser can do it all'; 'Say goodbye to uneven pigmentation' - overbroad/results claims with no disclaimer,{{product.name}}
1528481975218372,Glowtox Aesthetics,offer,dollar_off,package_bundle,0.45,confidence 0.45; runner-up package_bundle at 0.4,{{product.name}}
1528481975218372,Glowtox Aesthetics,funnel,mid_consideration,bottom_retargeting,0.5,runner-up bottom_retargeting at 0.45,{{product.name}}
1708942060362858,Glowtox Aesthetics,offer,dollar_off,package_bundle,0.45,confidence 0.45; runner-up package_bundle at 0.4,{{product.name}}
1708942060362858,Glowtox Aesthetics,funnel,mid_consideration,bottom_retargeting,0.5,runner-up bottom_retargeting at 0.45,{{product.name}}
1594429398929397,Derma,format,problem_solution,provider_authority,0.4,confidence 0.4; runner-up provider_authority at 0.4,{{product.name}}
1594429398929397,Derma,driver,downtime_avoidance,trust_safety,0.5,runner-up trust_safety at 0.45,{{product.name}}
1774150210513197,Derma,funnel,bottom_retargeting,cold_prospecting,0.45,confidence 0.45; runner-up cold_prospecting at 0.4,Derma
1081664840942941,Livinz MedSpa,format,catalog_generic,educational_howto,0.4,confidence 0.4,MOXI is a gentle fractionated laser designed to effectively treat the visible signs of agi
1081664840942941,Livinz MedSpa,driver,convenience_time,transformation,0.45,confidence 0.45; runner-up transformation at 0.45,MOXI is a gentle fractionated laser designed to effectively treat the visible signs of agi
1081664840942941,Livinz MedSpa,funnel,cold_prospecting,mid_consideration,0.5,runner-up mid_consideration at 0.4,MOXI is a gentle fractionated laser designed to effectively treat the visible signs of agi
1081664840942941,Livinz MedSpa,claim_risk,yes,unclear,0.5,runner-up unclear at 0.45,MOXI is a gentle fractionated laser designed to effectively treat the visible signs of agi
1081664840942941,Livinz MedSpa,claim_risk,yes,,0.5,"regulated category: 'effectively treat the visible signs of aging and produce evenly toned, radiant skin in as little as a single treatment' - results claim with no disclaimer, med spa advertiser",MOXI is a gentle fractionated laser designed to effectively treat the visible signs of agi
3658145597667730,Livinz MedSpa,hook_archetype,bold_claim,flat_spec,0.5,runner-up flat_spec at 0.45,"Laser technology designed for real skin transformation.

At Livinz, we work with advanced "
3658145597667730,Livinz MedSpa,indication,pigmentation_sun_damage,texture_pores,0.4,confidence 0.4; runner-up texture_pores at 0.4,"Laser technology designed for real skin transformation.

At Livinz, we work with advanced "
2230873941083415,Refresh Medspa,hook_archetype,problem_callout,social_proof,0.55,runner-up social_proof at 0.5,{{product.name}}
2230873941083415,Refresh Medspa,format,problem_solution,provider_authority,0.5,runner-up provider_authority at 0.45,{{product.name}}
2230873941083415,Refresh Medspa,driver,trust_safety,downtime_avoidance,0.45,confidence 0.45; runner-up downtime_avoidance at 0.4,{{product.name}}
1263246375884606,Refresh Medspa,hook_archetype,problem_callout,social_proof,0.55,runner-up social_proof at 0.5,{{product.name}}
1263246375884606,Refresh Medspa,format,problem_solution,provider_authority,0.5,runner-up provider_authority at 0.45,{{product.name}}
1263246375884606,Refresh Medspa,driver,trust_safety,downtime_avoidance,0.45,confidence 0.45; runner-up downtime_avoidance at 0.4,{{product.name}}
2195469214266070,HAUS Salon,hook_archetype,curiosity_tease,question,0.5,runner-up question at 0.4,"New Skin, Who This? ✨
Say hello to brighter, smoother, clearer skin. Our latest skin treat"
2195469214266070,HAUS Salon,driver,transformation,lifestyle_aspiration,0.5,runner-up lifestyle_aspiration at 0.4,"New Skin, Who This? ✨
Say hello to brighter, smoother, clearer skin. Our latest skin treat"
2195469214266070,HAUS Salon,indication,pigmentation_sun_damage,general_glow,0.4,confidence 0.4; runner-up general_glow at 0.4,"New Skin, Who This? ✨
Say hello to brighter, smoother, clearer skin. Our latest skin treat"
2195469214266070,HAUS Salon,claim_risk,unclear,no,0.5,runner-up no at 0.45,"New Skin, Who This? ✨
Say hello to brighter, smoother, clearer skin. Our latest skin treat"
2195469214266070,HAUS Salon,claim_risk,unclear,,0.5,regulated category: Salon (non-physician) advertiser offering laser for sun damage and 'signs of aging'; 'clearer skin' - borderline medical outcome claim,"New Skin, Who This? ✨
Say hello to brighter, smoother, clearer skin. Our latest skin treat"
1460579364984850,HAUS Salon,hook_archetype,flat_spec,curiosity_tease,0.5,runner-up curiosity_tease at 0.45,BBL & Moxi Now at HAUS ✨ Book Today
1460579364984850,HAUS Salon,driver,transformation,lifestyle_aspiration,0.5,runner-up lifestyle_aspiration at 0.4,BBL & Moxi Now at HAUS ✨ Book Today
1460579364984850,HAUS Salon,indication,pigmentation_sun_damage,general_glow,0.4,confidence 0.4; runner-up general_glow at 0.4,BBL & Moxi Now at HAUS ✨ Book Today
1460579364984850,HAUS Salon,claim_risk,unclear,no,0.5,runner-up no at 0.45,BBL & Moxi Now at HAUS ✨ Book Today
1460579364984850,HAUS Salon,claim_risk,unclear,,0.5,regulated category: Salon (non-physician) advertiser offering laser for sun damage and 'signs of aging'; 'clearer skin' - borderline medical outcome claim,BBL & Moxi Now at HAUS ✨ Book Today
2917023731976650,Contoura Facial Plastic Surgery,driver,trust_safety,transformation,0.5,runner-up transformation at 0.4,"Think laser treatments aren’t an option for deeper skin tones? Think again. 

Moxi helps b"
2917023731976650,Contoura Facial Plastic Surgery,claim_risk,unclear,no,0.5,runner-up no at 0.45,"Think laser treatments aren’t an option for deeper skin tones? Think again. 

Moxi helps b"
2917023731976650,Contoura Facial Plastic Surgery,claim_risk,unclear,,0.5,regulated category: 'Think laser treatments aren't an option for deeper skin tones? Think again' / 'Glowing skin is for everyone' - implied safe-for-all-skin-tones claim,"Think laser treatments aren’t an option for deeper skin tones? Think again. 

Moxi helps b"
1608188054335988,Contoura Facial Plastic Surgery,offer,event_flash_sale,package_bundle,0.55,runner-up package_bundle at 0.5,September Special at Contoura Facial Plastic Surgery ✨
1608188054335988,Contoura Facial Plastic Surgery,driver,lifestyle_aspiration,transformation,0.5,runner-up transformation at 0.45,September Special at Contoura Facial Plastic Surgery ✨
1608188054335988,Contoura Facial Plastic Surgery,funnel,mid_consideration,bottom_retargeting,0.5,runner-up bottom_retargeting at 0.4,September Special at Contoura Facial Plastic Surgery ✨
2530819437354826,Marcos Medical Care & Wellness,format,problem_solution,provider_authority,0.45,confidence 0.45; runner-up provider_authority at 0.4,Refresh Your Skin with Moxi
2530819437354826,Marcos Medical Care & Wellness,driver,downtime_avoidance,trust_safety,0.5,runner-up trust_safety at 0.45,Refresh Your Skin with Moxi
2530819437354826,Marcos Medical Care & Wellness,indication,pigmentation_sun_damage,general_glow,0.5,runner-up general_glow at 0.5,Refresh Your Skin with Moxi
1314498307436751,Marcos Medical Care & Wellness,hook_archetype,flat_spec,bold_claim,0.45,confidence 0.45,Refresh Your Skin with Moxi
1314498307436751,Marcos Medical Care & Wellness,format,lifestyle_aspiration,provider_authority,0.4,confidence 0.4; runner-up provider_authority at 0.4,Refresh Your Skin with Moxi
1314498307436751,Marcos Medical Care & Wellness,driver,social_proof,downtime_avoidance,0.45,confidence 0.45; runner-up downtime_avoidance at 0.4,Refresh Your Skin with Moxi
1314498307436751,Marcos Medical Care & Wellness,indication,general_glow,pigmentation_sun_damage,0.5,runner-up pigmentation_sun_damage at 0.4,Refresh Your Skin with Moxi
1314498307436751,Marcos Medical Care & Wellness,proof_asset,patient_testimonial,none,0.5,runner-up none at 0.45,Refresh Your Skin with Moxi
1025099523372099,Marcos Medical Care & Wellness,format,problem_solution,provider_authority,0.45,confidence 0.45; runner-up provider_authority at 0.4,Refresh Your Skin with Moxi
1025099523372099,Marcos Medical Care & Wellness,driver,downtime_avoidance,trust_safety,0.5,runner-up trust_safety at 0.45,Refresh Your Skin with Moxi
1025099523372099,Marcos Medical Care & Wellness,indication,pigmentation_sun_damage,general_glow,0.5,runner-up general_glow at 0.5,Refresh Your Skin with Moxi
1026614623404024,Marcos Medical Care & Wellness,hook_archetype,flat_spec,bold_claim,0.45,confidence 0.45,{{product.name}}
1026614623404024,Marcos Medical Care & Wellness,format,lifestyle_aspiration,provider_authority,0.4,confidence 0.4; runner-up provider_authority at 0.4,{{product.name}}
1026614623404024,Marcos Medical Care & Wellness,driver,social_proof,downtime_avoidance,0.45,confidence 0.45; runner-up downtime_avoidance at 0.4,{{product.name}}
1026614623404024,Marcos Medical Care & Wellness,indication,general_glow,pigmentation_sun_damage,0.5,runner-up pigmentation_sun_damage at 0.4,{{product.name}}
1026614623404024,Marcos Medical Care & Wellness,proof_asset,patient_testimonial,none,0.5,runner-up none at 0.45,{{product.name}}
1557293379126133,Serenity Aesthetics & Wellness,awareness_stage,most_aware,product_aware,0.55,runner-up product_aware at 0.5,{{product.name}}
1557293379126133,Serenity Aesthetics & Wellness,indication,general_glow,fine_lines_wrinkles,0.45,confidence 0.45; runner-up fine_lines_wrinkles at 0.4,{{product.name}}
2100317300836874,Serenity Aesthetics & Wellness,awareness_stage,most_aware,product_aware,0.55,runner-up product_aware at 0.5,$150 Off Laser & Skin Rejuvenation Packages 😎
2100317300836874,Serenity Aesthetics & Wellness,indication,general_glow,fine_lines_wrinkles,0.45,confidence 0.45; runner-up fine_lines_wrinkles at 0.4,$150 Off Laser & Skin Rejuvenation Packages 😎
1057560953463078,Serenity Aesthetics & Wellness,awareness_stage,most_aware,product_aware,0.55,runner-up product_aware at 0.5,{{product.name}}
1057560953463078,Serenity Aesthetics & Wellness,indication,general_glow,fine_lines_wrinkles,0.45,confidence 0.45; runner-up fine_lines_wrinkles at 0.4,{{product.name}}
25438498062428750,Lauréate Aesthetics,claim_risk,yes,,0.75,"regulated category: 'one of the most effective solutions for wrinkles, sagging, acne scars'; 'transformation you can achieve after just one session'; 'no surgery required' - results claims with no disclaimer","Morpheus8 — Technology That Rejuvenates Your Skin From Within

Radiofrequency microneedlin"
874573095521732,Lauréate Aesthetics,claim_risk,yes,,0.75,"regulated category: 'one of the most effective solutions for wrinkles, sagging, acne scars'; 'transformation you can achieve after just one session'; 'no surgery required' - results claims with no disclaimer","Morpheus8 — Technology That Rejuvenates Your Skin From Within

Radiofrequency microneedlin"
1591753772460951,Lauréate Aesthetics,format,lifestyle_aspiration,educational_howto,0.4,confidence 0.4; runner-up educational_howto at 0.35,The Skin Reset Everyone’s Talking About
1591753772460951,Lauréate Aesthetics,funnel,mid_consideration,cold_prospecting,0.5,runner-up cold_prospecting at 0.4,The Skin Reset Everyone’s Talking About
1591753772460951,Lauréate Aesthetics,claim_risk,yes,,0.9,"regulated category: 'Erases sun damage, dark spots & redness for a flawless tone'; 'years younger'; 'Gentle enough for all skin types'; 'they transform it' - permanence/safe-for-all/results claims with no disclaimer",The Skin Reset Everyone’s Talking About
2114190276163085,615 Aesthetics,cta_intent,message_us,lead_capture,0.6,runner-up lead_capture at 0.5,{{product.name}}
2114190276163085,615 Aesthetics,driver,downtime_avoidance,transformation,0.45,confidence 0.45; runner-up transformation at 0.4,{{product.name}}
2114190276163085,615 Aesthetics,downtime_handling,downtime_denied,downtime_minimized,0.5,runner-up downtime_minimized at 0.5,{{product.name}}
1013739358079757,Stella Capri Wellness,offer,percent_off,dollar_off,0.55,runner-up dollar_off at 0.5,Erase the Look of Fatigue — 52% less
1013739358079757,Stella Capri Wellness,awareness_stage,most_aware,product_aware,0.6,runner-up product_aware at 0.5,Erase the Look of Fatigue — 52% less
1013739358079757,Stella Capri Wellness,indication,fine_lines_wrinkles,general_glow,0.45,confidence 0.45; runner-up general_glow at 0.45,Erase the Look of Fatigue — 52% less
1013739358079757,Stella Capri Wellness,claim_risk,yes,,0.85,regulated category: 'Erase the Look of Fatigue'; 'gold standard in skin renewal' superiority claim; 'Smooths fine lines' with no disclaimer,Erase the Look of Fatigue — 52% less
1348847329910633,Stella Capri Wellness,offer,percent_off,dollar_off,0.55,runner-up dollar_off at 0.5,{{product.name}}
1348847329910633,Stella Capri Wellness,awareness_stage,most_aware,product_aware,0.6,runner-up product_aware at 0.5,{{product.name}}
1348847329910633,Stella Capri Wellness,indication,fine_lines_wrinkles,general_glow,0.45,confidence 0.45; runner-up general_glow at 0.45,{{product.name}}
1348847329910633,Stella Capri Wellness,claim_risk,yes,,0.85,regulated category: 'Erase the Look of Fatigue'; 'gold standard in skin renewal' superiority claim; 'Smooths fine lines' with no disclaimer,{{product.name}}
2112086213061545,Kalon Aesthetics & Surgery,format,offer_promo,catalog_generic,0.45,confidence 0.45; runner-up catalog_generic at 0.4,Look Refreshed. Feel Confident.
2112086213061545,Kalon Aesthetics & Surgery,awareness_stage,problem_aware,solution_aware,0.45,confidence 0.45; runner-up solution_aware at 0.4,Look Refreshed. Feel Confident.
2112086213061545,Kalon Aesthetics & Surgery,driver,lifestyle_aspiration,price_value,0.4,confidence 0.4; runner-up price_value at 0.4,Look Refreshed. Feel Confident.
2112086213061545,Kalon Aesthetics & Surgery,indication,laxity_tightening,general_glow,0.4,confidence 0.4; runner-up general_glow at 0.35,Look Refreshed. Feel Confident.
2604717649986010,Kalon Aesthetics & Surgery,format,offer_promo,catalog_generic,0.45,confidence 0.45,Discover What’s Possible
2604717649986010,Kalon Aesthetics & Surgery,awareness_stage,unaware,solution_aware,0.4,confidence 0.4; runner-up solution_aware at 0.35,Discover What’s Possible
2604717649986010,Kalon Aesthetics & Surgery,driver,lifestyle_aspiration,price_value,0.45,confidence 0.45; runner-up price_value at 0.4,Discover What’s Possible
4552362751673473,Kalon Aesthetics & Surgery,format,catalog_generic,offer_promo,0.45,confidence 0.45; runner-up offer_promo at 0.4,Mini skin & eyelid consultations and education
4552362751673473,Kalon Aesthetics & Surgery,awareness_stage,unaware,solution_aware,0.4,confidence 0.4; runner-up solution_aware at 0.35,Mini skin & eyelid consultations and education
4552362751673473,Kalon Aesthetics & Surgery,driver,lifestyle_aspiration,price_value,0.4,confidence 0.4; runner-up price_value at 0.4,Mini skin & eyelid consultations and education
3120637941464852,Kalon Aesthetics & Surgery,format,offer_promo,catalog_generic,0.45,confidence 0.45; runner-up catalog_generic at 0.4,Look Refreshed. Feel Confident.
3120637941464852,Kalon Aesthetics & Surgery,awareness_stage,problem_aware,unaware,0.4,confidence 0.4; runner-up unaware at 0.35,Look Refreshed. Feel Confident.
3120637941464852,Kalon Aesthetics & Surgery,driver,lifestyle_aspiration,price_value,0.4,confidence 0.4; runner-up price_value at 0.4,Look Refreshed. Feel Confident.
3120637941464852,Kalon Aesthetics & Surgery,indication,laxity_tightening,unspecified,0.4,confidence 0.4; runner-up unspecified at 0.35,Look Refreshed. Feel Confident.
875804938803592,Newman & Company,offer,percent_off,gift_with_treatment,0.5,runner-up gift_with_treatment at 0.45,BBL + MOXI - BOGO FREE!
875804938803592,Newman & Company,awareness_stage,most_aware,product_aware,0.55,runner-up product_aware at 0.5,BBL + MOXI - BOGO FREE!
875804938803592,Newman & Company,claim_risk,yes,,0.85,regulated category: 'erase various types of skin pigmentation like magic'; 'ultimate skin renewal'; 'Superior Collagen Stimulation' - permanence and superiority claims,BBL + MOXI - BOGO FREE!
1073557722304446,Newman & Company,offer,percent_off,gift_with_treatment,0.5,runner-up gift_with_treatment at 0.45,Morpheus8 BOGO FREE
1073557722304446,Newman & Company,awareness_stage,most_aware,product_aware,0.5,runner-up product_aware at 0.5,Morpheus8 BOGO FREE
1073557722304446,Newman & Company,claim_risk,yes,,0.55,"regulated category: 'Tighten and Lift Sagging Skin' / 'Reduce Wrinkles and Fine Lines' / 'Reduce the Appearance of Cellulite' - outcome claims listed as guarantees with no results disclaimer; 'Unlock the secret to radiant, youthful skin'",Morpheus8 BOGO FREE
2324081495001270,Expressions MD Medical Spa and Laser Center,offer,dollar_off,first_treatment_price,0.6,runner-up first_treatment_price at 0.5,$250 OFF Laser Facial! 🚨
2324081495001270,Expressions MD Medical Spa and Laser Center,cta_intent,lead_capture,book_appointment,0.5,runner-up book_appointment at 0.4,$250 OFF Laser Facial! 🚨
2324081495001270,Expressions MD Medical Spa and Laser Center,awareness_stage,product_aware,most_aware,0.6,runner-up most_aware at 0.5,$250 OFF Laser Facial! 🚨
2324081495001270,Expressions MD Medical Spa and Laser Center,funnel,cold_prospecting,bottom_retargeting,0.5,runner-up bottom_retargeting at 0.5,$250 OFF Laser Facial! 🚨
2324081495001270,Expressions MD Medical Spa and Laser Center,indication,pigmentation_sun_damage,fine_lines_wrinkles,0.5,runner-up fine_lines_wrinkles at 0.4,$250 OFF Laser Facial! 🚨
2324081495001270,Expressions MD Medical Spa and Laser Center,downtime_handling,downtime_denied,downtime_minimized,0.55,runner-up downtime_minimized at 0.5,$250 OFF Laser Facial! 🚨
2324081495001270,Expressions MD Medical Spa and Laser Center,claim_risk,yes,,0.7,regulated category: 'Works on all skin types' (safe-for-everyone type claim); 'Visible improvement in a single treatment' results claim with no disclaimer,$250 OFF Laser Facial! 🚨
958565049875214,Peaches + Co,hook_archetype,bold_claim,curiosity_tease,0.45,confidence 0.45,This is my favorite “your skin just looks better” laser. Like a real life filter is follow
958565049875214,Peaches + Co,cta_intent,book_appointment,message_us,0.5,runner-up message_us at 0.45,This is my favorite “your skin just looks better” laser. Like a real life filter is follow
958565049875214,Peaches + Co,driver,transformation,downtime_avoidance,0.5,runner-up downtime_avoidance at 0.4,This is my favorite “your skin just looks better” laser. Like a real life filter is follow
958565049875214,Peaches + Co,proof_asset,provider_on_camera,none,0.45,confidence 0.45; runner-up none at 0.45,This is my favorite “your skin just looks better” laser. Like a real life filter is follow
958565049875214,Peaches + Co,claim_risk,yes,,0.8,regulated category: 'Safe for all skin types and tones!'; 'yields amazing results' with no disclaimer,This is my favorite “your skin just looks better” laser. Like a real life filter is follow
1447178607268912,Peaches + Co,claim_risk,yes,,0.8,"regulated category: Before/after results with no results-may-vary disclaimer; 'Sun Damage, Tone & Texture Fix'",Peaches + Co
2008777886509378,The Luxe Room,format,lifestyle_aspiration,provider_authority,0.4,confidence 0.4; runner-up provider_authority at 0.35,{{product.name}}
2008777886509378,The Luxe Room,driver,fear_loss,social_proof,0.4,confidence 0.4; runner-up social_proof at 0.4,{{product.name}}
2008777886509378,The Luxe Room,funnel,mid_consideration,cold_prospecting,0.5,runner-up cold_prospecting at 0.45,{{product.name}}
2008777886509378,The Luxe Room,indication,fine_lines_wrinkles,texture_pores,0.45,confidence 0.45,{{product.name}}
2008777886509378,The Luxe Room,claim_risk,yes,,0.7,regulated category: 'Safe for all skin tones'; 'Colorado's Best Med Spa' superlative; 'Prevent early signs of aging before they start',{{product.name}}
1542300263868055,The Luxe Room,hook_archetype,curiosity_tease,flat_spec,0.45,confidence 0.45; runner-up flat_spec at 0.4,{{product.name}}
1542300263868055,The Luxe Room,format,lifestyle_aspiration,provider_authority,0.4,confidence 0.4; runner-up provider_authority at 0.35,{{product.name}}
1542300263868055,The Luxe Room,indication,pigmentation_sun_damage,general_glow,0.5,runner-up general_glow at 0.4,{{product.name}}
1542300263868055,The Luxe Room,proof_asset,patient_testimonial,stat_or_study,0.45,confidence 0.45; runner-up stat_or_study at 0.4,{{product.name}}
1542300263868055,The Luxe Room,geo_signal,state_named,city_or_neighborhood_named,0.5,runner-up city_or_neighborhood_named at 0.45,{{product.name}}
1542300263868055,The Luxe Room,claim_risk,yes,,0.75,regulated category: 'reverse damage'; 'Perfect for all skin tones'; 'the ultimate treatment' - permanence/safe-for-all/superiority claims,{{product.name}}
976876121812582,Clark Institute for Aesthetics,hook_archetype,bold_claim,problem_callout,0.5,runner-up problem_callout at 0.45,{{product.name}}
976876121812582,Clark Institute for Aesthetics,cta_intent,free_consult,call_now,0.5,runner-up call_now at 0.45,{{product.name}}
976876121812582,Clark Institute for Aesthetics,proof_asset,patient_testimonial,none,0.45,confidence 0.45; runner-up none at 0.45,{{product.name}}
976876121812582,Clark Institute for Aesthetics,claim_risk,yes,,0.7,regulated category: 'Reverse Summer Sun Damage'; 'Patients consistently report their skin looks refreshed and rejuvenated' - results language with no disclaimer,{{product.name}}
1022714217030284,CULT Aesthetics,format,educational_howto,catalog_generic,0.45,confidence 0.45; runner-up catalog_generic at 0.4,{{product.name}}
1022714217030284,CULT Aesthetics,driver,trust_safety,transformation,0.5,runner-up transformation at 0.45,{{product.name}}
1022714217030284,CULT Aesthetics,claim_risk,unclear,no,0.5,runner-up no at 0.4,{{product.name}}
1022714217030284,CULT Aesthetics,claim_risk,unclear,,0.5,"regulated category: 'New Collagen. Visible Lift.' / 'real results' / 'As little as one to two visits to see the difference' - results claims with no disclaimer, hedged",{{product.name}}
1106056622000493,CULT Aesthetics,driver,trust_safety,transformation,0.5,runner-up transformation at 0.45,"Real Results, No Surgery Required"
1106056622000493,CULT Aesthetics,claim_risk,unclear,yes,0.5,runner-up yes at 0.4,"Real Results, No Surgery Required"
1106056622000493,CULT Aesthetics,claim_risk,unclear,,0.5,"regulated category: 'Real Results, No Surgery Required' with no results disclaimer; 'in as little as one to two treatments'","Real Results, No Surgery Required"
1281564037324345,Tru Glo Medspa,driver,trust_safety,downtime_avoidance,0.45,confidence 0.45; runner-up downtime_avoidance at 0.45,New at Tru Glō: Sofwave
1062722862876081,Tru Glo Medspa,hook_archetype,question,curiosity_tease,0.5,runner-up curiosity_tease at 0.45,"Advanced Laser, Real Radiance"
1062722862876081,Tru Glo Medspa,funnel,mid_consideration,cold_prospecting,0.5,runner-up cold_prospecting at 0.4,"Advanced Laser, Real Radiance"
2093495661256235,KP Aesthetics,hook_archetype,direct_offer,curiosity_tease,0.55,runner-up curiosity_tease at 0.5,Get $200 OFF Tribrid Laser
2093495661256235,KP Aesthetics,format,offer_promo,problem_solution,0.5,runner-up problem_solution at 0.4,Get $200 OFF Tribrid Laser
2093495661256235,KP Aesthetics,offer,dollar_off,first_treatment_price,0.55,runner-up first_treatment_price at 0.5,Get $200 OFF Tribrid Laser
2093495661256235,KP Aesthetics,cta_intent,lead_capture,learn_educate,0.5,runner-up learn_educate at 0.4,Get $200 OFF Tribrid Laser
2093495661256235,KP Aesthetics,driver,transformation,price_value,0.45,confidence 0.45; runner-up price_value at 0.45,Get $200 OFF Tribrid Laser
2093495661256235,KP Aesthetics,funnel,cold_prospecting,bottom_retargeting,0.5,runner-up bottom_retargeting at 0.45,Get $200 OFF Tribrid Laser
2093495661256235,KP Aesthetics,indication,fine_lines_wrinkles,pigmentation_sun_damage,0.4,confidence 0.4; runner-up pigmentation_sun_damage at 0.35,Get $200 OFF Tribrid Laser
2093495661256235,KP Aesthetics,claim_risk,unclear,yes,0.5,runner-up yes at 0.45,Get $200 OFF Tribrid Laser
2093495661256235,KP Aesthetics,claim_risk,unclear,,0.5,"regulated category: 'Results that keep building over time' with no disclaimer; 'What Tribrid treats: deep wrinkles, acne scars' outcome list; 'the secret to that filtered look'",Get $200 OFF Tribrid Laser
1268863712981851,KP Aesthetics,hook_archetype,direct_offer,curiosity_tease,0.55,runner-up curiosity_tease at 0.5,Get $200 OFF Tribrid Laser
1268863712981851,KP Aesthetics,format,offer_promo,problem_solution,0.5,runner-up problem_solution at 0.4,Get $200 OFF Tribrid Laser
1268863712981851,KP Aesthetics,offer,dollar_off,first_treatment_price,0.55,runner-up first_treatment_price at 0.5,Get $200 OFF Tribrid Laser
1268863712981851,KP Aesthetics,cta_intent,lead_capture,learn_educate,0.5,runner-up learn_educate at 0.4,Get $200 OFF Tribrid Laser
1268863712981851,KP Aesthetics,driver,transformation,price_value,0.45,confidence 0.45; runner-up price_value at 0.45,Get $200 OFF Tribrid Laser
1268863712981851,KP Aesthetics,funnel,cold_prospecting,bottom_retargeting,0.5,runner-up bottom_retargeting at 0.45,Get $200 OFF Tribrid Laser
1268863712981851,KP Aesthetics,indication,fine_lines_wrinkles,pigmentation_sun_damage,0.4,confidence 0.4; runner-up pigmentation_sun_damage at 0.35,Get $200 OFF Tribrid Laser
1268863712981851,KP Aesthetics,claim_risk,unclear,yes,0.5,runner-up yes at 0.45,Get $200 OFF Tribrid Laser
1268863712981851,KP Aesthetics,claim_risk,unclear,,0.5,"regulated category: 'Results that keep building over time' with no disclaimer; 'What Tribrid treats: deep wrinkles, acne scars' outcome list; 'the secret to that filtered look'",Get $200 OFF Tribrid Laser
1828758025455761,CosmoPlastic medspa,downtime_handling,downtime_denied,downtime_minimized,0.55,runner-up downtime_minimized at 0.5,A Limited-Time Sofwave™ Exclusive
2676493649433594,SkinLab by Maffi Plastic Surgery,offer,dollar_off,gift_with_treatment,0.55,runner-up gift_with_treatment at 0.5,$300 OFF MOXI
2676493649433594,SkinLab by Maffi Plastic Surgery,awareness_stage,most_aware,product_aware,0.6,runner-up product_aware at 0.5,$300 OFF MOXI
2676493649433594,SkinLab by Maffi Plastic Surgery,indication,pigmentation_sun_damage,general_glow,0.5,runner-up general_glow at 0.45,$300 OFF MOXI
1611083880458404,SkinLab by Maffi Plastic Surgery,offer,dollar_off,gift_with_treatment,0.55,runner-up gift_with_treatment at 0.5,$300 OFF MOXI
1611083880458404,SkinLab by Maffi Plastic Surgery,awareness_stage,most_aware,product_aware,0.6,runner-up product_aware at 0.5,$300 OFF MOXI
1611083880458404,SkinLab by Maffi Plastic Surgery,indication,pigmentation_sun_damage,general_glow,0.5,runner-up general_glow at 0.45,$300 OFF MOXI
1425105673055232,SkinLab by Maffi Plastic Surgery,offer,dollar_off,gift_with_treatment,0.55,runner-up gift_with_treatment at 0.5,$300 OFF MOXI
1425105673055232,SkinLab by Maffi Plastic Surgery,awareness_stage,most_aware,product_aware,0.6,runner-up product_aware at 0.5,$300 OFF MOXI
1425105673055232,SkinLab by Maffi Plastic Surgery,indication,pigmentation_sun_damage,general_glow,0.5,runner-up general_glow at 0.45,$300 OFF MOXI
1413267534092098,Dosha Balanced Hendersonville ,offer,event_flash_sale,dollar_off,0.6,runner-up dollar_off at 0.5,Save Up to $650 on MOXI ✨
1413267534092098,Dosha Balanced Hendersonville ,awareness_stage,most_aware,product_aware,0.55,runner-up product_aware at 0.5,Save Up to $650 on MOXI ✨
1484499313022896,Glo Esthetics Med Spa,driver,transformation,trust_safety,0.45,confidence 0.45,RF Microneedling + Moxi = 🔥
1484499313022896,Glo Esthetics Med Spa,indication,laxity_tightening,texture_pores,0.35,confidence 0.35; runner-up texture_pores at 0.35,RF Microneedling + Moxi = 🔥
1669475287631405,Glo Esthetics Med Spa,driver,transformation,trust_safety,0.45,confidence 0.45,{{product.name}}
1669475287631405,Glo Esthetics Med Spa,indication,laxity_tightening,texture_pores,0.35,confidence 0.35; runner-up texture_pores at 0.35,{{product.name}}
1091985529586737,Skin Deep Medical Spa- Steven Bloch MD,format,lifestyle_aspiration,product_announcement,0.4,confidence 0.4,Reveal Your Best Skin with Fraxel® Laser
1091985529586737,Skin Deep Medical Spa- Steven Bloch MD,funnel,cold_prospecting,mid_consideration,0.5,runner-up mid_consideration at 0.4,Reveal Your Best Skin with Fraxel® Laser
1091985529586737,Skin Deep Medical Spa- Steven Bloch MD,claim_risk,unclear,yes,0.5,runner-up yes at 0.45,Reveal Your Best Skin with Fraxel® Laser
1091985529586737,Skin Deep Medical Spa- Steven Bloch MD,claim_risk,unclear,,0.5,regulated category: 'Transform your skin'; 'reduces imperfections'; 'cutting-edge' - vague results claims with no disclaimer,Reveal Your Best Skin with Fraxel® Laser
1873409953525533,Skin Deep Medical Spa- Steven Bloch MD,hook_archetype,flat_spec,bold_claim,0.5,runner-up bold_claim at 0.4,{{product.name}}
1873409953525533,Skin Deep Medical Spa- Steven Bloch MD,format,lifestyle_aspiration,product_announcement,0.4,confidence 0.4,{{product.name}}
29594396836826777,Skin Deep Medical Spa- Steven Bloch MD,hook_archetype,flat_spec,bold_claim,0.5,runner-up bold_claim at 0.4,"A smarter approach to skin, tone, and contour"
29594396836826777,Skin Deep Medical Spa- Steven Bloch MD,format,provider_authority,catalog_generic,0.6,runner-up catalog_generic at 0.5,"A smarter approach to skin, tone, and contour"
29594396836826777,Skin Deep Medical Spa- Steven Bloch MD,funnel,mid_consideration,cold_prospecting,0.5,runner-up cold_prospecting at 0.45,"A smarter approach to skin, tone, and contour"
29594396836826777,Skin Deep Medical Spa- Steven Bloch MD,indication,laxity_tightening,unspecified,0.4,confidence 0.4; runner-up unspecified at 0.4,"A smarter approach to skin, tone, and contour"
908186824926774,PRIA Clinic,format,educational_howto,provider_authority,0.45,confidence 0.45; runner-up provider_authority at 0.45,"Did you know not all Potenza treatments are the same? ✨

The results depend on the techniq"
1565662955573590,PRIA Clinic,funnel,cold_prospecting,mid_consideration,0.5,runner-up mid_consideration at 0.45,PRIA Clinic
1376069987752757,Studio-MD,format,provider_authority,product_announcement,0.5,runner-up product_announcement at 0.4,Book a Free Consultation Now
1376069987752757,Studio-MD,cta_intent,free_consult,book_appointment,0.7,runner-up book_appointment at 0.6,Book a Free Consultation Now
1376069987752757,Studio-MD,driver,transformation,trust_safety,0.5,runner-up trust_safety at 0.45,Book a Free Consultation Now
1429652852255757,Studio-MD,format,provider_authority,product_announcement,0.5,runner-up product_announcement at 0.4,Book a Free Consultation Now
1429652852255757,Studio-MD,cta_intent,free_consult,book_appointment,0.7,runner-up book_appointment at 0.6,Book a Free Consultation Now
1429652852255757,Studio-MD,driver,transformation,trust_safety,0.5,runner-up trust_safety at 0.45,Book a Free Consultation Now
1480235563431779,Studio-MD,hook_archetype,bold_claim,flat_spec,0.5,runner-up flat_spec at 0.45,{{product.name}}
1480235563431779,Studio-MD,driver,transformation,trust_safety,0.5,runner-up trust_safety at 0.4,{{product.name}}
1480235563431779,Studio-MD,funnel,cold_prospecting,mid_consideration,0.5,runner-up mid_consideration at 0.4,{{product.name}}
1480235563431779,Studio-MD,indication,laxity_tightening,general_glow,0.5,runner-up general_glow at 0.4,{{product.name}}
1480235563431779,Studio-MD,claim_risk,unclear,no,0.5,runner-up no at 0.4,{{product.name}}
1480235563431779,Studio-MD,claim_risk,unclear,,0.5,regulated category: 'Ultimate Modality in Skin Rejuvenation' superiority claim; templated DCO text,{{product.name}}
2509689689483212,Studio-MD,hook_archetype,bold_claim,flat_spec,0.5,runner-up flat_spec at 0.45,{{product.name}}
2509689689483212,Studio-MD,driver,transformation,trust_safety,0.5,runner-up trust_safety at 0.4,{{product.name}}
2509689689483212,Studio-MD,funnel,cold_prospecting,mid_consideration,0.5,runner-up mid_consideration at 0.4,{{product.name}}
2509689689483212,Studio-MD,indication,laxity_tightening,general_glow,0.5,runner-up general_glow at 0.4,{{product.name}}
2509689689483212,Studio-MD,claim_risk,unclear,no,0.5,runner-up no at 0.4,{{product.name}}
2509689689483212,Studio-MD,claim_risk,unclear,,0.5,regulated category: 'Ultimate Modality in Skin Rejuvenation' superiority claim; templated DCO text,{{product.name}}
1502123608236684,John Ross,format,educational_howto,problem_solution,0.35,confidence 0.35; runner-up problem_solution at 0.35,Read this if the Bible feels harder than it should. ☝️
1502123608236684,John Ross,awareness_stage,problem_aware,unaware,0.4,confidence 0.4,Read this if the Bible feels harder than it should. ☝️
1502123608236684,John Ross,driver,lifestyle_aspiration,transformation,0.3,confidence 0.3; runner-up transformation at 0.3,Read this if the Bible feels harder than it should. ☝️
1380247700345970,Qj-2805,format,lifestyle_aspiration,testimonial_ugc,0.3,confidence 0.3; runner-up testimonial_ugc at 0.2,Watch the full episode👉👉
1380247700345970,Qj-2805,driver,status_identity,fear_loss,0.4,confidence 0.4,Watch the full episode👉👉
1380247700345970,Qj-2805,geo_signal,city_or_neighborhood_named,none,0.5,runner-up none at 0.45,Watch the full episode👉👉
2595281784267218,LaserAway,format,catalog_generic,offer_promo,0.5,runner-up offer_promo at 0.5,{{product.name}}
2595281784267218,LaserAway,offer,no_offer,percent_off,0.45,confidence 0.45; runner-up percent_off at 0.45,{{product.name}}
2595281784267218,LaserAway,funnel,bottom_retargeting,mid_consideration,0.5,runner-up mid_consideration at 0.4,{{product.name}}
1694758858284339,LaserAway,offer,percent_off,event_flash_sale,0.55,runner-up event_flash_sale at 0.5,The Laser Season Sale
1350550960577447,LaserAway,format,catalog_generic,offer_promo,0.5,runner-up offer_promo at 0.5,{{product.name}}
1350550960577447,LaserAway,offer,no_offer,percent_off,0.45,confidence 0.45; runner-up percent_off at 0.45,{{product.name}}
1350550960577447,LaserAway,funnel,bottom_retargeting,mid_consideration,0.5,runner-up mid_consideration at 0.4,{{product.name}}
1605297281391666,LaserAway,offer,percent_off,event_flash_sale,0.55,runner-up event_flash_sale at 0.5,The Laser Season Sale
1605297281391666,LaserAway,awareness_stage,most_aware,solution_aware,0.55,runner-up solution_aware at 0.5,The Laser Season Sale
1400698368941163,LaserAway,offer,percent_off,event_flash_sale,0.55,runner-up event_flash_sale at 0.5,The Laser Season Sale
1400698368941163,LaserAway,awareness_stage,most_aware,solution_aware,0.55,runner-up solution_aware at 0.5,The Laser Season Sale
1628445248700407,LaserAway,funnel,bottom_retargeting,cold_prospecting,0.5,runner-up cold_prospecting at 0.4,{{product.name}}
1606650101056565,LaserAway,funnel,bottom_retargeting,cold_prospecting,0.5,runner-up cold_prospecting at 0.4,{{product.name}}
1040798491997294,Mindvalley,format,educational_howto,lifestyle_aspiration,0.4,confidence 0.4; runner-up lifestyle_aspiration at 0.35,Unlock the full potential of your mind with Mindvalley
1040798491997294,Mindvalley,driver,transformation,status_identity,0.4,confidence 0.4,Unlock the full potential of your mind with Mindvalley
1619122622881732,GLO30 Voice of America Cincinnati ,format,product_announcement,catalog_generic,0.6,runner-up catalog_generic at 0.5,{{product.name}}
1619122622881732,GLO30 Voice of America Cincinnati ,awareness_stage,product_aware,unaware,0.5,runner-up unaware at 0.4,{{product.name}}
1619122622881732,GLO30 Voice of America Cincinnati ,driver,lifestyle_aspiration,convenience_time,0.4,confidence 0.4; runner-up convenience_time at 0.35,{{product.name}}
1253635139775397,Greenberg Cosmetic Surgery,hook_archetype,social_proof,bold_claim,0.5,runner-up bold_claim at 0.4,It Takes The Best* to Bring Our Your Best
1253635139775397,Greenberg Cosmetic Surgery,cta_intent,lead_capture,book_appointment,0.5,runner-up book_appointment at 0.5,It Takes The Best* to Bring Our Your Best
1253635139775397,Greenberg Cosmetic Surgery,funnel,mid_consideration,cold_prospecting,0.5,runner-up cold_prospecting at 0.45,It Takes The Best* to Bring Our Your Best
1253635139775397,Greenberg Cosmetic Surgery,indication,laxity_tightening,general_glow,0.5,runner-up general_glow at 0.45,It Takes The Best* to Bring Our Your Best
1493624712456064,Greenberg Cosmetic Surgery,cta_intent,lead_capture,book_appointment,0.5,runner-up book_appointment at 0.5,"Transform Your Look, Transform Your Life"
1493624712456064,Greenberg Cosmetic Surgery,driver,trust_safety,transformation,0.55,runner-up transformation at 0.5,"Transform Your Look, Transform Your Life"
1493624712456064,Greenberg Cosmetic Surgery,funnel,mid_consideration,cold_prospecting,0.5,runner-up cold_prospecting at 0.45,"Transform Your Look, Transform Your Life"
1493624712456064,Greenberg Cosmetic Surgery,indication,laxity_tightening,general_glow,0.5,runner-up general_glow at 0.45,"Transform Your Look, Transform Your Life"
1887595308473517,LifeSculpt - Mokena,funnel,bottom_retargeting,cold_prospecting,0.5,runner-up cold_prospecting at 0.45,Morpheus8 Model Call - 50% Off Treatments
1887595308473517,LifeSculpt - Mokena,proof_asset,before_after_photo,none,0.5,runner-up none at 0.5,Morpheus8 Model Call - 50% Off Treatments
1120511409555972,Dra. Eunice Magaña,funnel,cold_prospecting,mid_consideration,0.5,runner-up mid_consideration at 0.45,"✨ ¡Logra una piel perfecta con HARMONY XL PRO! ✨

🌟 Este innovador tratamiento combina tec"
1120511409555972,Dra. Eunice Magaña,indication,general_glow,pigmentation_sun_damage,0.4,confidence 0.4; runner-up pigmentation_sun_damage at 0.4,"✨ ¡Logra una piel perfecta con HARMONY XL PRO! ✨

🌟 Este innovador tratamiento combina tec"
1120511409555972,Dra. Eunice Magaña,claim_risk,yes,,0.85,regulated category: 'Logra una piel perfecta'; 'Eliminación de manchas y pigmentaciones' elimination language; 'Resultados visibles' with no disclaimer,"✨ ¡Logra una piel perfecta con HARMONY XL PRO! ✨

🌟 Este innovador tratamiento combina tec"
1200608168808444,Dra. Eunice Magaña,claim_risk,unclear,no,0.5,runner-up no at 0.4,"✨ Lifting Morpheus8: tecnología fraccionada para un rejuvenecimiento real ✨

Morpheus8 es "
1200608168808444,Dra. Eunice Magaña,claim_risk,unclear,,0.5,regulated category: 'lifting no quirúrgico' / 'Mejora visible de líneas finas y arrugas' results language without disclaimer,"✨ Lifting Morpheus8: tecnología fraccionada para un rejuvenecimiento real ✨

Morpheus8 es "
1039629715342439,Dra. Eunice Magaña,driver,transformation,downtime_avoidance,0.5,runner-up downtime_avoidance at 0.4,Dra. Eunice Magaña
1039629715342439,Dra. Eunice Magaña,claim_risk,unclear,yes,0.5,runner-up yes at 0.4,Dra. Eunice Magaña
1039629715342439,Dra. Eunice Magaña,claim_risk,unclear,,0.5,regulated category: 'sin tiempos de recuperación' / 'sin dañar la superficie' absolute safety language; 'resultados que evolucionan' without disclaimer,Dra. Eunice Magaña
874444481655321,Dra. Eunice Magaña,format,educational_howto,problem_solution,0.45,confidence 0.45,"¿Lifting sin cirugía? ¡Sí, es posible! ✨

Con Sofwave, la tecnología que revoluciona el re"
874444481655321,Dra. Eunice Magaña,claim_risk,yes,,0.75,regulated category: 'de manera segura' safety-absolute; 'resultados visibles desde la primera sesión' results claim without disclaimer; 'Sin tiempo de recuperación',"¿Lifting sin cirugía? ¡Sí, es posible! ✨

Con Sofwave, la tecnología que revoluciona el re"
998489656011003,South Surrey Glow - Hormones & Aesthetics,offer,no_offer,event_flash_sale,0.45,confidence 0.45,South Surrey Glow - Hormones & Aesthetics
998489656011003,South Surrey Glow - Hormones & Aesthetics,awareness_stage,product_aware,unaware,0.5,runner-up unaware at 0.4,South Surrey Glow - Hormones & Aesthetics
998489656011003,South Surrey Glow - Hormones & Aesthetics,claim_risk,unclear,no,0.45,confidence 0.45; runner-up no at 0.45,South Surrey Glow - Hormones & Aesthetics
998489656011003,South Surrey Glow - Hormones & Aesthetics,claim_risk,unclear,,0.45,regulated category: 'Discover the Secret to Generational Radiance' / 'anti-aging' / 'timeless beauty for all ages' hedged puffery,South Surrey Glow - Hormones & Aesthetics
1479990523666697,South Surrey Glow - Hormones & Aesthetics,format,testimonial_ugc,lifestyle_aspiration,0.45,confidence 0.45,Visit our website to
1479990523666697,South Surrey Glow - Hormones & Aesthetics,funnel,cold_prospecting,mid_consideration,0.5,runner-up mid_consideration at 0.45,Visit our website to
1479990523666697,South Surrey Glow - Hormones & Aesthetics,indication,laxity_tightening,fine_lines_wrinkles,0.45,confidence 0.45; runner-up fine_lines_wrinkles at 0.45,Visit our website to
1479990523666697,South Surrey Glow - Hormones & Aesthetics,proof_asset,patient_testimonial,none,0.5,runner-up none at 0.4,Visit our website to
1479990523666697,South Surrey Glow - Hormones & Aesthetics,claim_risk,yes,,0.85,regulated category: 'Say goodbye to wrinkles'; 'Morpheus 8 magic'; 'revolutionary treatment'; celebrity results with no disclaimer,Visit our website to
2881510612219047,LifeSculpt- Arlington Heights,funnel,bottom_retargeting,cold_prospecting,0.5,runner-up cold_prospecting at 0.45,Morpheus8 Model Call - 50% Off Treatments
2881510612219047,LifeSculpt- Arlington Heights,proof_asset,before_after_photo,none,0.5,runner-up none at 0.5,Morpheus8 Model Call - 50% Off Treatments
988340947383476,Frontier Dermatology,hook_archetype,bold_claim,flat_spec,0.45,confidence 0.45; runner-up flat_spec at 0.4,{{product.name}}
988340947383476,Frontier Dermatology,format,educational_howto,catalog_generic,0.5,runner-up catalog_generic at 0.4,{{product.name}}
988340947383476,Frontier Dermatology,indication,laxity_tightening,texture_pores,0.5,runner-up texture_pores at 0.4,{{product.name}}
2328996107900409,Texas Neuro Eye & Plastic Surgery,format,offer_promo,provider_authority,0.55,runner-up provider_authority at 0.5,Expert Eyelid Surgery Consultation
2328996107900409,Texas Neuro Eye & Plastic Surgery,offer,percent_off,gift_with_treatment,0.5,runner-up gift_with_treatment at 0.5,Expert Eyelid Surgery Consultation
2328996107900409,Texas Neuro Eye & Plastic Surgery,awareness_stage,product_aware,most_aware,0.5,runner-up most_aware at 0.45,Expert Eyelid Surgery Consultation
2328996107900409,Texas Neuro Eye & Plastic Surgery,driver,price_value,trust_safety,0.5,runner-up trust_safety at 0.45,Expert Eyelid Surgery Consultation
2328996107900409,Texas Neuro Eye & Plastic Surgery,funnel,bottom_retargeting,mid_consideration,0.5,runner-up mid_consideration at 0.45,Expert Eyelid Surgery Consultation
2328996107900409,Texas Neuro Eye & Plastic Surgery,claim_risk,unclear,no,0.5,runner-up no at 0.4,Expert Eyelid Surgery Consultation
2328996107900409,Texas Neuro Eye & Plastic Surgery,claim_risk,unclear,,0.5,"regulated category: 'Natural results – look like you, just well-rested' outcome promise; 5-star testimonial with no disclaimer",Expert Eyelid Surgery Consultation
985956694327767,Texas Neuro Eye & Plastic Surgery,format,offer_promo,provider_authority,0.55,runner-up provider_authority at 0.5,Expert Eyelid Surgery Consultation
985956694327767,Texas Neuro Eye & Plastic Surgery,offer,percent_off,gift_with_treatment,0.5,runner-up gift_with_treatment at 0.5,Expert Eyelid Surgery Consultation
985956694327767,Texas Neuro Eye & Plastic Surgery,awareness_stage,product_aware,most_aware,0.5,runner-up most_aware at 0.45,Expert Eyelid Surgery Consultation
985956694327767,Texas Neuro Eye & Plastic Surgery,driver,price_value,trust_safety,0.5,runner-up trust_safety at 0.45,Expert Eyelid Surgery Consultation
985956694327767,Texas Neuro Eye & Plastic Surgery,funnel,bottom_retargeting,mid_consideration,0.5,runner-up mid_consideration at 0.45,Expert Eyelid Surgery Consultation
985956694327767,Texas Neuro Eye & Plastic Surgery,claim_risk,unclear,no,0.5,runner-up no at 0.4,Expert Eyelid Surgery Consultation
985956694327767,Texas Neuro Eye & Plastic Surgery,claim_risk,unclear,,0.5,"regulated category: 'Natural results – look like you, just well-rested' outcome promise; 5-star testimonial with no disclaimer",Expert Eyelid Surgery Consultation
1373922584957135,Texas Neuro Eye & Plastic Surgery,format,offer_promo,provider_authority,0.55,runner-up provider_authority at 0.5,Expert Lower Eyelid Surgery Consultation
1373922584957135,Texas Neuro Eye & Plastic Surgery,offer,percent_off,gift_with_treatment,0.5,runner-up gift_with_treatment at 0.5,Expert Lower Eyelid Surgery Consultation
1373922584957135,Texas Neuro Eye & Plastic Surgery,awareness_stage,product_aware,most_aware,0.5,runner-up most_aware at 0.45,Expert Lower Eyelid Surgery Consultation
1373922584957135,Texas Neuro Eye & Plastic Surgery,driver,price_value,trust_safety,0.5,runner-up trust_safety at 0.45,Expert Lower Eyelid Surgery Consultation
1373922584957135,Texas Neuro Eye & Plastic Surgery,funnel,bottom_retargeting,mid_consideration,0.5,runner-up mid_consideration at 0.45,Expert Lower Eyelid Surgery Consultation
1373922584957135,Texas Neuro Eye & Plastic Surgery,claim_risk,unclear,no,0.5,runner-up no at 0.4,Expert Lower Eyelid Surgery Consultation
1373922584957135,Texas Neuro Eye & Plastic Surgery,claim_risk,unclear,,0.5,"regulated category: 'Natural results – look like you, just well-rested' outcome promise; 5-star testimonial with no disclaimer",Expert Lower Eyelid Surgery Consultation
708174842219486,Clinical Care 365,format,problem_solution,offer_promo,0.6,runner-up offer_promo at 0.5,Claim Your Free Consultation Now!
708174842219486,Clinical Care 365,offer,percent_off,free_consult,0.5,runner-up free_consult at 0.45,Claim Your Free Consultation Now!
708174842219486,Clinical Care 365,driver,price_value,fear_loss,0.5,runner-up fear_loss at 0.45,Claim Your Free Consultation Now!
708174842219486,Clinical Care 365,funnel,cold_prospecting,bottom_retargeting,0.5,runner-up bottom_retargeting at 0.5,Claim Your Free Consultation Now!
708174842219486,Clinical Care 365,indication,fine_lines_wrinkles,laxity_tightening,0.4,confidence 0.4; runner-up laxity_tightening at 0.4,Claim Your Free Consultation Now!
708174842219486,Clinical Care 365,claim_risk,yes,,0.95,"regulated category: 'Wrinkles, scars, skin sagging, discoloration? Consider them gone!'; 'it does it all'; 'Turn Back The Clock' (med spa)",Claim Your Free Consultation Now!
1448291969643941,Clinical Care 365,format,problem_solution,offer_promo,0.6,runner-up offer_promo at 0.5,Claim Your Free Consultation Now!
1448291969643941,Clinical Care 365,offer,percent_off,free_consult,0.5,runner-up free_consult at 0.45,Claim Your Free Consultation Now!
1448291969643941,Clinical Care 365,cta_intent,lead_capture,free_consult,0.55,runner-up free_consult at 0.5,Claim Your Free Consultation Now!
1448291969643941,Clinical Care 365,driver,price_value,fear_loss,0.5,runner-up fear_loss at 0.45,Claim Your Free Consultation Now!
1448291969643941,Clinical Care 365,funnel,cold_prospecting,bottom_retargeting,0.5,runner-up bottom_retargeting at 0.5,Claim Your Free Consultation Now!
1448291969643941,Clinical Care 365,indication,fine_lines_wrinkles,laxity_tightening,0.4,confidence 0.4; runner-up laxity_tightening at 0.4,Claim Your Free Consultation Now!
1448291969643941,Clinical Care 365,claim_risk,yes,,0.95,"regulated category: 'Wrinkles, scars, skin sagging, discoloration? Consider them gone!'; 'it does it all'; 'Turn Back The Clock' (med spa)",Claim Your Free Consultation Now!
1542450017559664,SKYN Weight Loss + Wellness,awareness_stage,product_aware,unaware,0.5,runner-up unaware at 0.4,SKYN Weight Loss + Wellness
1542450017559664,SKYN Weight Loss + Wellness,indication,laxity_tightening,unspecified,0.5,runner-up unspecified at 0.45,SKYN Weight Loss + Wellness
988034024083381,SKYN Weight Loss + Wellness,hook_archetype,bold_claim,flat_spec,0.5,runner-up flat_spec at 0.4,SKYN Weight Loss + Wellness
988034024083381,SKYN Weight Loss + Wellness,awareness_stage,product_aware,unaware,0.5,runner-up unaware at 0.4,SKYN Weight Loss + Wellness
988034024083381,SKYN Weight Loss + Wellness,claim_risk,unclear,no,0.5,runner-up no at 0.45,SKYN Weight Loss + Wellness
988034024083381,SKYN Weight Loss + Wellness,claim_risk,unclear,,0.5,"regulated category: 'real medicine, real results' results language without disclaimer; 'Fat Melting'",SKYN Weight Loss + Wellness
1365939472374225,SKYN Weight Loss + Wellness,awareness_stage,product_aware,unaware,0.45,confidence 0.45; runner-up unaware at 0.45,SKYN Weight Loss + Wellness
3187504428305335,VIO Med Spa Charlotte REA Farms,hook_archetype,bold_claim,problem_callout,0.45,confidence 0.45; runner-up problem_callout at 0.4,Tighten. Smooth. Glow. The Morpheus8 Way.
3187504428305335,VIO Med Spa Charlotte REA Farms,format,offer_promo,problem_solution,0.5,runner-up problem_solution at 0.4,Tighten. Smooth. Glow. The Morpheus8 Way.
3187504428305335,VIO Med Spa Charlotte REA Farms,offer,percent_off,event_flash_sale,0.6,runner-up event_flash_sale at 0.5,Tighten. Smooth. Glow. The Morpheus8 Way.
3187504428305335,VIO Med Spa Charlotte REA Farms,driver,price_value,downtime_avoidance,0.45,confidence 0.45; runner-up downtime_avoidance at 0.4,Tighten. Smooth. Glow. The Morpheus8 Way.
3187504428305335,VIO Med Spa Charlotte REA Farms,funnel,bottom_retargeting,cold_prospecting,0.5,runner-up cold_prospecting at 0.45,Tighten. Smooth. Glow. The Morpheus8 Way.
3187504428305335,VIO Med Spa Charlotte REA Farms,claim_risk,unclear,yes,0.5,runner-up yes at 0.45,Tighten. Smooth. Glow. The Morpheus8 Way.
3187504428305335,VIO Med Spa Charlotte REA Farms,claim_risk,unclear,,0.5,"regulated category: 'no downtime required' absolute; 'reveal smoother, firmer, younger-looking skin' results language without disclaimer (med spa)",Tighten. Smooth. Glow. The Morpheus8 Way.
1302180092014374,Skinney Medspa,hook_archetype,bold_claim,question,0.45,confidence 0.45; runner-up question at 0.45,{{product.name}}
1302180092014374,Skinney Medspa,driver,trust_safety,transformation,0.5,runner-up transformation at 0.4,{{product.name}}
1302180092014374,Skinney Medspa,claim_risk,yes,,0.7,regulated category: 'Lift Without Surgery' surgery comparison; 'Ultherapy horror stories' competitor disparagement; 'Results that build over 2-3 months' without disclaimer (med spa),{{product.name}}
2800197993682851,Skinney Medspa,hook_archetype,bold_claim,direct_offer,0.45,confidence 0.45; runner-up direct_offer at 0.45,{{product.name}}
2800197993682851,Skinney Medspa,cta_intent,book_appointment,learn_educate,0.5,runner-up learn_educate at 0.5,{{product.name}}
2800197993682851,Skinney Medspa,driver,price_value,transformation,0.5,runner-up transformation at 0.45,{{product.name}}
2800197993682851,Skinney Medspa,funnel,bottom_retargeting,mid_consideration,0.5,runner-up mid_consideration at 0.4,{{product.name}}
2800197993682851,Skinney Medspa,claim_risk,yes,,0.9,regulated category: 'safe for all skin types'; 'Turn back the clock' (med spa); 'Tighten and smooth wrinkles' results language without disclaimer,{{product.name}}
2267078254045992,Bay Area Medical Group,offer,package_bundle,dollar_off,0.5,runner-up dollar_off at 0.45,Melt Your Double Chin For ONLY $599
2267078254045992,Bay Area Medical Group,cta_intent,lead_capture,learn_educate,0.5,runner-up learn_educate at 0.45,Melt Your Double Chin For ONLY $599
2267078254045992,Bay Area Medical Group,claim_risk,yes,,0.9,regulated category: 'Melt Your Double Chin' fat-reduction claim for Morpheus8; 'Turkey Neck Rescue'; '3 OUT OF 12 SPOTS LEFT' manufactured scarcity; results language without disclaimer,Melt Your Double Chin For ONLY $599
1025791443559131,Bay Area Medical Group,offer,package_bundle,dollar_off,0.5,runner-up dollar_off at 0.45,Melt Your Double Chin For ONLY $599
1025791443559131,Bay Area Medical Group,cta_intent,lead_capture,learn_educate,0.5,runner-up learn_educate at 0.45,Melt Your Double Chin For ONLY $599
1025791443559131,Bay Area Medical Group,claim_risk,yes,,0.9,regulated category: 'Melt Your Double Chin' fat-reduction claim for Morpheus8; 'Turkey Neck Rescue'; '3 OUT OF 12 SPOTS LEFT' manufactured scarcity; results language without disclaimer,Melt Your Double Chin For ONLY $599
2830474483978477,Clark Medical Cosmetics,offer,package_bundle,dollar_off,0.5,runner-up dollar_off at 0.45,Non-Surgical Facelift - Now Just $597 🔥
2830474483978477,Clark Medical Cosmetics,proof_asset,patient_testimonial,stat_or_study,0.5,runner-up stat_or_study at 0.4,Non-Surgical Facelift - Now Just $597 🔥
2830474483978477,Clark Medical Cosmetics,claim_risk,yes,,0.95,"regulated category: 'Non-Surgical Facelift'; 'reverse Turkey Neck And Double Chin'; 'finally lose their Double Chin'; 'Solution to Fine lines + Wrinkles' (med spa, no disclaimer)",Non-Surgical Facelift - Now Just $597 🔥
1273494811654875,Revitalyze Aesthetics and Wellness ,driver,transformation,fear_loss,0.5,runner-up fear_loss at 0.4,Non-Surgical Facelift
1273494811654875,Revitalyze Aesthetics and Wellness ,funnel,mid_consideration,cold_prospecting,0.5,runner-up cold_prospecting at 0.45,Non-Surgical Facelift
1273494811654875,Revitalyze Aesthetics and Wellness ,claim_risk,yes,,0.85,regulated category: 'Non-Surgical Facelift'; 'Real results' / 'Natural-looking results' with no disclaimer; 'restore',Non-Surgical Facelift
1262142559007266,Revitalyze Aesthetics and Wellness ,driver,transformation,fear_loss,0.5,runner-up fear_loss at 0.4,Non-Surgical Facelift
1262142559007266,Revitalyze Aesthetics and Wellness ,funnel,mid_consideration,cold_prospecting,0.5,runner-up cold_prospecting at 0.45,Non-Surgical Facelift
1262142559007266,Revitalyze Aesthetics and Wellness ,claim_risk,yes,,0.85,regulated category: 'Non-Surgical Facelift'; 'Real results' / 'Natural-looking results' with no disclaimer; 'restore',Non-Surgical Facelift
1175339531177854,Adhara Esthetic,format,educational_howto,lifestyle_aspiration,0.4,confidence 0.4; runner-up lifestyle_aspiration at 0.35,"🔥 ¿Lista para una piel más firme y rejuvenecida sin cirugía?
El tratamiento con tecnología"
1175339531177854,Adhara Esthetic,claim_risk,unclear,no,0.5,runner-up no at 0.4,"🔥 ¿Lista para una piel más firme y rejuvenecida sin cirugía?
El tratamiento con tecnología"
1175339531177854,Adhara Esthetic,claim_risk,unclear,,0.5,regulated category: 'piel más firme y rejuvenecida sin cirugía' surgery comparison by non-physician esthetic spa; 'el cambio que merece',"🔥 ¿Lista para una piel más firme y rejuvenecida sin cirugía?
El tratamiento con tecnología"
1494638145109917,Adhara Esthetic,format,educational_howto,lifestyle_aspiration,0.35,confidence 0.35; runner-up lifestyle_aspiration at 0.35,"💫 Tu piel puede lucir más joven, tersa y firme… y sin pasar por el quirófano.
Con Morpheus"
1494638145109917,Adhara Esthetic,claim_risk,yes,,0.85,regulated category: 'resultados visibles desde la primera sesión' results claim without disclaimer; 'la magia de la tecnología avanzada'; non-physician esthetic spa,"💫 Tu piel puede lucir más joven, tersa y firme… y sin pasar por el quirófano.
Con Morpheus"
1398595315076321,Aesthetics by Alyssa,hook_archetype,direct_offer,problem_callout,0.45,confidence 0.45; runner-up problem_callout at 0.45,{{product.name}}
1398595315076321,Aesthetics by Alyssa,driver,transformation,price_value,0.45,confidence 0.45; runner-up price_value at 0.4,{{product.name}}
1398595315076321,Aesthetics by Alyssa,claim_risk,yes,,0.75,regulated category: 'non-surgical neck lift'; 'No scalpels. No surgery. No lengthy recovery.' surgery comparison; results language without disclaimer (med spa),{{product.name}}
859487887213539,Aesthetics by Alyssa,hook_archetype,social_proof,direct_offer,0.45,confidence 0.45; runner-up direct_offer at 0.45,{{product.name}}
859487887213539,Aesthetics by Alyssa,claim_risk,yes,,0.9,"regulated category: 'Real, lasting results' permanence language; 'No recovery time'; 'Non-Surgical Neck Lift'; 'Doctors Actually Recommend' unsubstantiated",{{product.name}}
1714399212934728,Aesthetics by Alyssa,format,comparison_switch,offer_promo,0.5,runner-up offer_promo at 0.5,{{product.name}}
1714399212934728,Aesthetics by Alyssa,offer,dollar_off,package_bundle,0.45,confidence 0.45,{{product.name}}
1714399212934728,Aesthetics by Alyssa,awareness_stage,most_aware,product_aware,0.55,runner-up product_aware at 0.5,{{product.name}}
1714399212934728,Aesthetics by Alyssa,driver,price_value,transformation,0.5,runner-up transformation at 0.4,{{product.name}}
1714399212934728,Aesthetics by Alyssa,claim_risk,yes,,0.9,"regulated category: 'clinically proven to tighten skin, redefine the jawline'; '#1 provider-trusted'; 'Double Chin Slim' fat claim; surgery disparaged as 'High risk'",{{product.name}}
1359813362275006,Aesthetics by Alyssa,format,comparison_switch,offer_promo,0.5,runner-up offer_promo at 0.5,{{product.name}}
1359813362275006,Aesthetics by Alyssa,offer,dollar_off,package_bundle,0.45,confidence 0.45,{{product.name}}
1359813362275006,Aesthetics by Alyssa,awareness_stage,most_aware,product_aware,0.55,runner-up product_aware at 0.5,{{product.name}}
1359813362275006,Aesthetics by Alyssa,driver,price_value,transformation,0.5,runner-up transformation at 0.4,{{product.name}}
1359813362275006,Aesthetics by Alyssa,claim_risk,yes,,0.9,"regulated category: 'clinically proven to tighten skin, redefine the jawline'; '#1 provider-trusted'; 'Double Chin Slim' fat claim; surgery disparaged as 'High risk'",{{product.name}}
1044126541682635,Ageless Center,hook_archetype,bold_claim,direct_offer,0.55,runner-up direct_offer at 0.5,Facelift Results WITHOUT Surgery ✨30% OFF Non-Surgical Facelift
1044126541682635,Ageless Center,cta_intent,lead_capture,learn_educate,0.5,runner-up learn_educate at 0.45,Facelift Results WITHOUT Surgery ✨30% OFF Non-Surgical Facelift
1044126541682635,Ageless Center,driver,price_value,transformation,0.5,runner-up transformation at 0.45,Facelift Results WITHOUT Surgery ✨30% OFF Non-Surgical Facelift
1044126541682635,Ageless Center,claim_risk,yes,,0.95,regulated category: 'Facelift Results WITHOUT Surgery'; 'Non-Surgical Facelift'; 'Minimal to No Downtime'; '& SO MUCH MORE'; results language without disclaimer,Facelift Results WITHOUT Surgery ✨30% OFF Non-Surgical Facelift
1034077072437813,Ageless Center,hook_archetype,bold_claim,direct_offer,0.55,runner-up direct_offer at 0.5,Facelift Results WITHOUT Surgery ✨30% OFF Non-Surgical Facelift
1034077072437813,Ageless Center,cta_intent,lead_capture,learn_educate,0.5,runner-up learn_educate at 0.45,Facelift Results WITHOUT Surgery ✨30% OFF Non-Surgical Facelift
1034077072437813,Ageless Center,driver,price_value,transformation,0.5,runner-up transformation at 0.45,Facelift Results WITHOUT Surgery ✨30% OFF Non-Surgical Facelift
1034077072437813,Ageless Center,claim_risk,yes,,0.95,regulated category: 'Facelift Results WITHOUT Surgery'; 'Non-Surgical Facelift'; 'Minimal to No Downtime'; '& SO MUCH MORE'; results language without disclaimer,Facelift Results WITHOUT Surgery ✨30% OFF Non-Surgical Facelift
1621396523106967,Ageless Center,hook_archetype,bold_claim,direct_offer,0.55,runner-up direct_offer at 0.5,Facelift Results WITHOUT Surgery ✨30% OFF Non-Surgical Facelift
1621396523106967,Ageless Center,cta_intent,lead_capture,learn_educate,0.5,runner-up learn_educate at 0.45,Facelift Results WITHOUT Surgery ✨30% OFF Non-Surgical Facelift
1621396523106967,Ageless Center,driver,price_value,transformation,0.5,runner-up transformation at 0.45,Facelift Results WITHOUT Surgery ✨30% OFF Non-Surgical Facelift
1621396523106967,Ageless Center,claim_risk,yes,,0.95,regulated category: 'Facelift Results WITHOUT Surgery'; 'Non-Surgical Facelift'; 'Minimal to No Downtime'; '& SO MUCH MORE'; results language without disclaimer,Facelift Results WITHOUT Surgery ✨30% OFF Non-Surgical Facelift
1374764354503904,Skin Tight Medical Spa,claim_risk,yes,,0.8,regulated category: 'Our #1 Skin Tightening Treatment' superiority; 'treatments that actually work'; 'gold standard'; celebrity-skin implication (med spa),{{product.name}}
1086263973975334,Skin Tight Medical Spa,claim_risk,yes,,0.9,"regulated category: 'Our #1 Skin Tightening Treatment' superiority; 'Results can be seen after just one treatment!'; 'treatments that actually work'; 'gold standard' (med spa, no disclaimer)",$750 OFF Our #1 Skin Tightening Treatment!
890889220740500,Luxury Beauty Spaa,claim_risk,yes,,0.55,"regulated category: non-physician beauty spa listing 'Marcas de acné' treatment; 'Consigue una piel más firme, uniforme y rejuvenecida' results language without disclaimer",Chatea con nosotros
1040435745289343,Luxury Beauty Spaa,indication,laxity_tightening,general_glow,0.5,runner-up general_glow at 0.4,"✨ MORPHEUS8 PARA REJUVENECIMIENTO FACIAL ✨

Devuélvele juventud y luminosidad a tu piel co"
1040435745289343,Luxury Beauty Spaa,claim_risk,unclear,yes,0.5,runner-up yes at 0.45,"✨ MORPHEUS8 PARA REJUVENECIMIENTO FACIAL ✨

Devuélvele juventud y luminosidad a tu piel co"
1040435745289343,Luxury Beauty Spaa,claim_risk,unclear,,0.5,"regulated category: 'Devuélvele juventud y luminosidad a tu piel' by non-physician beauty spa; body copy otherwise hedged ('ayuda a', 'suaviza la apariencia')","✨ MORPHEUS8 PARA REJUVENECIMIENTO FACIAL ✨

Devuélvele juventud y luminosidad a tu piel co"
695984029624835,Muse Laser & Spa,hook_archetype,bold_claim,curiosity_tease,0.45,confidence 0.45; runner-up curiosity_tease at 0.4,Напишите в Messenger
695984029624835,Muse Laser & Spa,format,educational_howto,catalog_generic,0.4,confidence 0.4; runner-up catalog_generic at 0.35,Напишите в Messenger
695984029624835,Muse Laser & Spa,funnel,cold_prospecting,mid_consideration,0.5,runner-up mid_consideration at 0.4,Напишите в Messenger
695984029624835,Muse Laser & Spa,indication,laxity_tightening,unspecified,0.5,runner-up unspecified at 0.4,Напишите в Messenger
695984029624835,Muse Laser & Spa,claim_risk,yes,,0.9,"regulated category: 'Helps reverse the aging process'; 'reduces fat in multiple areas'; 'Yields results in as little as 2 days' (med spa, no disclaimer)",Напишите в Messenger
1721840922257665,Muse Laser & Spa,format,comparison_switch,problem_solution,0.45,confidence 0.45; runner-up problem_solution at 0.4,Transform Your Skin with Morpheus8
1721840922257665,Muse Laser & Spa,offer,event_flash_sale,first_treatment_price,0.45,confidence 0.45,Transform Your Skin with Morpheus8
1721840922257665,Muse Laser & Spa,cta_intent,message_us,lead_capture,0.5,runner-up lead_capture at 0.4,Transform Your Skin with Morpheus8
1721840922257665,Muse Laser & Spa,funnel,mid_consideration,bottom_retargeting,0.45,confidence 0.45; runner-up bottom_retargeting at 0.45,Transform Your Skin with Morpheus8
1721840922257665,Muse Laser & Spa,claim_risk,yes,,0.95,"regulated category: 'Reverse years of aging'; 'Reduce stubborn fat'; 'dramatic, visible results — fast'; 'Noticeable results in as little as 48 hours'; 'just one session away' (med spa, no disclaimer)",Transform Your Skin with Morpheus8
1458066329491074,LifeSculpt,funnel,bottom_retargeting,cold_prospecting,0.5,runner-up cold_prospecting at 0.45,Morpheus8 Model Call - 50% Off Treatments
1458066329491074,LifeSculpt,proof_asset,before_after_photo,none,0.5,runner-up none at 0.5,Morpheus8 Model Call - 50% Off Treatments
1458066329491074,LifeSculpt,claim_risk,unclear,no,0.5,runner-up no at 0.4,Morpheus8 Model Call - 50% Off Treatments
1458066329491074,LifeSculpt,claim_risk,unclear,,0.5,regulated category: '#1 Morpheus provider in the state' unsubstantiated superiority; 'incredible skin-tightening benefits',Morpheus8 Model Call - 50% Off Treatments
1738494923842055,ProCare Wellness Institute,offer,package_bundle,dollar_off,0.5,runner-up dollar_off at 0.45,Get Our Turkey Neck Rescue - ONLY $499!
1738494923842055,ProCare Wellness Institute,claim_risk,yes,,0.85,"regulated category: 'Turkey Neck Rescue'; 'restore a firmer, lifted appearance' results language without disclaimer; '3 OUT OF 12 SPOTS LEFT' manufactured scarcity",Get Our Turkey Neck Rescue - ONLY $499!
4351924478400456,ProCare Wellness Institute,offer,package_bundle,dollar_off,0.5,runner-up dollar_off at 0.45,Get Our Turkey Neck Rescue - ONLY $499!
4351924478400456,ProCare Wellness Institute,claim_risk,yes,,0.85,"regulated category: 'Turkey Neck Rescue'; 'restore a firmer, lifted appearance' results language without disclaimer; '3 OUT OF 12 SPOTS LEFT' manufactured scarcity",Get Our Turkey Neck Rescue - ONLY $499!
1513421180473065,ProCare Wellness Institute,claim_risk,yes,,0.6,"regulated category: 'lift sagging skin, smooth wrinkles', 'firmer, more youthful look' - unhedged outcome claims by a wellness institute with no results disclaimer",Get Our Turkey Neck Rescue - ONLY $499!
1080866320954195,ProCare Wellness Institute,claim_risk,yes,,0.6,"regulated category: 'lift sagging skin, smooth wrinkles', 'firmer, more youthful look' - unhedged outcome claims by a wellness institute with no results disclaimer",Get Our Turkey Neck Rescue - ONLY $499!
2568418633590293,Petras Weight Loss Clinic,hook_archetype,direct_offer,problem_callout,0.6,runner-up problem_callout at 0.5,Non-Surgical Facelift For Now Only $349! ✨
2568418633590293,Petras Weight Loss Clinic,format,offer_promo,problem_solution,0.55,runner-up problem_solution at 0.5,Non-Surgical Facelift For Now Only $349! ✨
2568418633590293,Petras Weight Loss Clinic,offer,dollar_off,package_bundle,0.5,runner-up package_bundle at 0.4,Non-Surgical Facelift For Now Only $349! ✨
2568418633590293,Petras Weight Loss Clinic,indication,laxity_tightening,fine_lines_wrinkles,0.6,runner-up fine_lines_wrinkles at 0.5,Non-Surgical Facelift For Now Only $349! ✨
2568418633590293,Petras Weight Loss Clinic,claim_risk,yes,,0.75,regulated category: 'Non-Surgical Facelift' - surgical-equivalence claim for RF microneedling by a weight-loss clinic (body copy otherwise hedged: 'help improve the appearance of'),Non-Surgical Facelift For Now Only $349! ✨
1387554250007808,Petras Weight Loss Clinic,hook_archetype,direct_offer,problem_callout,0.6,runner-up problem_callout at 0.5,Turkey Neck Rescue For Now Only $349! ✨
1387554250007808,Petras Weight Loss Clinic,format,offer_promo,problem_solution,0.55,runner-up problem_solution at 0.5,Turkey Neck Rescue For Now Only $349! ✨
1387554250007808,Petras Weight Loss Clinic,offer,dollar_off,package_bundle,0.5,runner-up package_bundle at 0.4,Turkey Neck Rescue For Now Only $349! ✨
1387554250007808,Petras Weight Loss Clinic,claim_risk,unclear,no,0.5,runner-up no at 0.4,Turkey Neck Rescue For Now Only $349! ✨
1387554250007808,Petras Weight Loss Clinic,claim_risk,unclear,,0.5,regulated category: 'Turkey Neck Rescue' branding implies a fix; body copy hedged ('help improve the appearance of skin texture and firmness'),Turkey Neck Rescue For Now Only $349! ✨
1007950265226138,Spa One Utah,indication,pigmentation_sun_damage,texture_pores,0.35,confidence 0.35; runner-up texture_pores at 0.35,Book a Free Skin Consultation
1306865121334515,Rockstar Wellness Clinic Ads,hook_archetype,direct_offer,problem_callout,0.55,runner-up problem_callout at 0.5,{{product.name}}
1306865121334515,Rockstar Wellness Clinic Ads,format,problem_solution,offer_promo,0.55,runner-up offer_promo at 0.5,{{product.name}}
1306865121334515,Rockstar Wellness Clinic Ads,awareness_stage,most_aware,product_aware,0.55,runner-up product_aware at 0.5,{{product.name}}
1306865121334515,Rockstar Wellness Clinic Ads,claim_risk,unclear,,0.55,regulated category: 'Real structural rejuvenation'; 'visibly tighten skin'; 'You don't need surgery' - results / surgery-alternative language with no disclaimer; templated DCO headline,{{product.name}}
1899534187354238,Organic Skin & Body Medical Aesthetics,driver,transformation,trust_safety,0.4,confidence 0.4; runner-up trust_safety at 0.35,Scar & Stretchmark Treatment
1899534187354238,Organic Skin & Body Medical Aesthetics,funnel,cold_prospecting,mid_consideration,0.5,runner-up mid_consideration at 0.4,Scar & Stretchmark Treatment
1586004523138631,Radiant Heights Med Spa,indication,laxity_tightening,general_glow,0.5,runner-up general_glow at 0.45,{{product.name}}
1586004523138631,Radiant Heights Med Spa,claim_risk,unclear,,0.55,"regulated category: 'radiant, youthful-looking skin that defies time'; 'the ultimate fusion of science and luxury'; 'transformative power' - puffery/results language with no disclaimer; templated DCO",{{product.name}}
1315897780225821,Radiant Heights Med Spa,indication,laxity_tightening,general_glow,0.5,runner-up general_glow at 0.45,{{product.name}}
1315897780225821,Radiant Heights Med Spa,claim_risk,unclear,,0.55,"regulated category: 'radiant, youthful-looking skin that defies time'; 'the ultimate fusion of science and luxury'; 'transformative power' - puffery/results language with no disclaimer; templated DCO",{{product.name}}
907521231937871,Cleavage Clinic,hook_archetype,social_proof,bold_claim,0.45,confidence 0.45; runner-up bold_claim at 0.4,{{product.name}}
907521231937871,Cleavage Clinic,format,comparison_switch,offer_promo,0.5,runner-up offer_promo at 0.45,{{product.name}}
907521231937871,Cleavage Clinic,offer,financing_monthly,free_consult,0.5,runner-up free_consult at 0.4,{{product.name}}
907521231937871,Cleavage Clinic,awareness_stage,solution_aware,product_aware,0.5,runner-up product_aware at 0.4,{{product.name}}
907521231937871,Cleavage Clinic,driver,price_value,transformation,0.45,confidence 0.45; runner-up transformation at 0.4,{{product.name}}
907521231937871,Cleavage Clinic,funnel,mid_consideration,cold_prospecting,0.5,runner-up cold_prospecting at 0.45,{{product.name}}
907521231937871,Cleavage Clinic,claim_risk,yes,,0.7,"regulated category: 'Non-Surgical Breast Lift/Enhancement' via Morpheus8 - off-label device claim; 'NO Implants, NO Major Surgery' surgery-equivalence; 'little-to-no downtime'; 'VIRAL' clinic",{{product.name}}
1382871327100606,Cleavage Clinic,hook_archetype,social_proof,curiosity_tease,0.45,confidence 0.45; runner-up curiosity_tease at 0.4,{{product.name}}
1382871327100606,Cleavage Clinic,format,comparison_switch,offer_promo,0.5,runner-up offer_promo at 0.45,{{product.name}}
1382871327100606,Cleavage Clinic,funnel,mid_consideration,bottom_retargeting,0.5,runner-up bottom_retargeting at 0.4,{{product.name}}
1382871327100606,Cleavage Clinic,claim_risk,yes,,0.7,"regulated category: 'Non-Surgical Breast Lift' with Morpheus8 and Sculptra - off-label device claim; 'improve fullness, firmness, and breast contour without implants or major surgery' surgery-equivalence; 'VIRAL' clinic",{{product.name}}
1327871929545084,Ortaclinic.en,hook_archetype,before_after_reveal,social_proof,0.4,confidence 0.4; runner-up social_proof at 0.35,"✨ Glass skin starts from healthy skin.

I tried Morpheus8 + Mulgwang Injection, and the re"
1327871929545084,Ortaclinic.en,funnel,mid_consideration,cold_prospecting,0.5,runner-up cold_prospecting at 0.45,"✨ Glass skin starts from healthy skin.

I tried Morpheus8 + Mulgwang Injection, and the re"
1327871929545084,Ortaclinic.en,claim_risk,unclear,no,0.5,runner-up no at 0.4,"✨ Glass skin starts from healthy skin.

I tried Morpheus8 + Mulgwang Injection, and the re"
1327871929545084,Ortaclinic.en,claim_risk,unclear,,0.5,"regulated category: 'the results are exactly what I was looking for - firmer skin, a smoother texture' - testimonial results language with no disclaimer","✨ Glass skin starts from healthy skin.

I tried Morpheus8 + Mulgwang Injection, and the re"
1748052056357834,Lifesculpt - Naperville,funnel,bottom_retargeting,mid_consideration,0.5,runner-up mid_consideration at 0.4,Morpheus8 Model Call - 50% Off Treatments
1748052056357834,Lifesculpt - Naperville,claim_risk,unclear,no,0.5,runner-up no at 0.45,Morpheus8 Model Call - 50% Off Treatments
1748052056357834,Lifesculpt - Naperville,claim_risk,unclear,,0.5,regulated category: 'incredible skin-tightening benefits' - unhedged benefit claim with no disclaimer; model call soliciting before/after photos,Morpheus8 Model Call - 50% Off Treatments
1470005151820063,Lifesculpt - Naperville,funnel,bottom_retargeting,mid_consideration,0.5,runner-up mid_consideration at 0.4,Morpheus8 Model Call - 50% Off Treatments
1470005151820063,Lifesculpt - Naperville,claim_risk,unclear,no,0.5,runner-up no at 0.45,Morpheus8 Model Call - 50% Off Treatments
1470005151820063,Lifesculpt - Naperville,claim_risk,unclear,,0.5,regulated category: 'incredible skin-tightening benefits' - unhedged benefit claim with no disclaimer; model call soliciting before/after photos,Morpheus8 Model Call - 50% Off Treatments
838981512400385,Blurr'd Lines,funnel,cold_prospecting,mid_consideration,0.5,runner-up mid_consideration at 0.4,{{product.name}}
838981512400385,Blurr'd Lines,indication,laxity_tightening,general_glow,0.45,confidence 0.45; runner-up general_glow at 0.4,{{product.name}}
838981512400385,Blurr'd Lines,claim_risk,yes,,0.7,regulated category: 'Say goodbye to fine lines and uneven texture'; 'deliver visible results you can see and feel'; 'real before and after transformations' - results/B&A language with no results-may-vary disclaimer,{{product.name}}
1570216658149671,Blurr'd Lines,hook_archetype,bold_claim,before_after_reveal,0.45,confidence 0.45; runner-up before_after_reveal at 0.45,"Smooth, Tight, Youthful Glow"
1570216658149671,Blurr'd Lines,indication,laxity_tightening,general_glow,0.45,confidence 0.45; runner-up general_glow at 0.45,"Smooth, Tight, Youthful Glow"
1570216658149671,Blurr'd Lines,proof_asset,before_after_photo,patient_testimonial,0.6,runner-up patient_testimonial at 0.5,"Smooth, Tight, Youthful Glow"
1570216658149671,Blurr'd Lines,claim_risk,yes,,0.65,regulated category: 'real transformations and results'; 'visible outcomes'; 'Heather's Morpheus8 journey shows what real rejuvenation looks like' - patient results shown with no disclaimer,"Smooth, Tight, Youthful Glow"
2233918987368299,SER Aesthetics,claim_risk,yes,,0.7,regulated category: 'What CAN'T This Do?' overbroad claim; 'Reduce wrinkles and fine lines / Tighten sagging skin' outcome list with no disclaimer; '5/5 Google Reviews',Tightening. Lifting. Toning. What CAN’T This Do? ✨
850512784605888,SER Aesthetics,claim_risk,yes,,0.7,regulated category: 'What CAN'T This Do?' overbroad claim; 'Reduce wrinkles and fine lines / Tighten sagging skin' outcome list with no disclaimer; '5/5 Google Reviews',Tightening. Lifting. Toning. What CAN’T This Do? ✨
1561686232006378,SER Aesthetics,hook_archetype,bold_claim,problem_callout,0.5,runner-up problem_callout at 0.45,SER Aesthetics
1561686232006378,SER Aesthetics,proof_asset,stat_or_study,patient_testimonial,0.5,runner-up patient_testimonial at 0.4,SER Aesthetics
1561686232006378,SER Aesthetics,claim_risk,yes,,0.75,"regulated category: 'Say bye-bye to unwanted wrinkles, jowls, discoloration, scarring, and sagging skin' - elimination language; 'The Most Advanced Skin Tightening & Resurfacing Device' superiority claim; no disclaimer",SER Aesthetics
1773934890287865,Skinovative of Gilbert,format,problem_solution,offer_promo,0.55,runner-up offer_promo at 0.5,"Non-Surgical Facelift - (Now $1,000 Off) 👉"
1773934890287865,Skinovative of Gilbert,awareness_stage,most_aware,problem_aware,0.5,runner-up problem_aware at 0.45,"Non-Surgical Facelift - (Now $1,000 Off) 👉"
1773934890287865,Skinovative of Gilbert,funnel,bottom_retargeting,cold_prospecting,0.5,runner-up cold_prospecting at 0.45,"Non-Surgical Facelift - (Now $1,000 Off) 👉"
1773934890287865,Skinovative of Gilbert,proof_asset,patient_testimonial,none,0.45,confidence 0.45; runner-up none at 0.4,"Non-Surgical Facelift - (Now $1,000 Off) 👉"
1773934890287865,Skinovative of Gilbert,claim_risk,yes,,0.8,regulated category: 'Non-Surgical Facelift' surgical-equivalence claim; 'Lift & tighten sagging skin / Smooth fine lines & wrinkles' outcome list with no disclaimer,"Non-Surgical Facelift - (Now $1,000 Off) 👉"
3677460572423029,Evexia Medical Spa,cta_intent,lead_capture,book_appointment,0.5,runner-up book_appointment at 0.4,Boost Collagen. Reduce Wrinkles. $500 OFF
3677460572423029,Evexia Medical Spa,driver,transformation,price_value,0.5,runner-up price_value at 0.4,Boost Collagen. Reduce Wrinkles. $500 OFF
3677460572423029,Evexia Medical Spa,funnel,mid_consideration,bottom_retargeting,0.5,runner-up bottom_retargeting at 0.45,Boost Collagen. Reduce Wrinkles. $500 OFF
3677460572423029,Evexia Medical Spa,claim_risk,yes,,0.8,"regulated category: 'Patients see tighter, smoother skin in as little as 3 weeks' - results-with-timeframe claim, no disclaimer; 'penetrates deeper than traditional treatments' superiority; 'So was Kim K' / 'celebrity secret' endorsement implication; 'revolutionary'",Boost Collagen. Reduce Wrinkles. $500 OFF
1717301576004035,Evexia Medical Spa,cta_intent,lead_capture,book_appointment,0.5,runner-up book_appointment at 0.4,Boost Collagen. Reduce Wrinkles. $500 OFF
1717301576004035,Evexia Medical Spa,driver,transformation,price_value,0.5,runner-up price_value at 0.4,Boost Collagen. Reduce Wrinkles. $500 OFF
1717301576004035,Evexia Medical Spa,funnel,mid_consideration,bottom_retargeting,0.5,runner-up bottom_retargeting at 0.45,Boost Collagen. Reduce Wrinkles. $500 OFF
1717301576004035,Evexia Medical Spa,claim_risk,yes,,0.8,"regulated category: 'Patients see tighter, smoother skin in as little as 3 weeks' - results-with-timeframe claim, no disclaimer; 'penetrates deeper than traditional treatments' superiority; 'So was Kim K' / 'celebrity secret' endorsement implication; 'revolutionary'",Boost Collagen. Reduce Wrinkles. $500 OFF
4563473503871806,Envision Medical Care ,offer,first_treatment_price,gift_with_treatment,0.5,runner-up gift_with_treatment at 0.4,{{product.name}}
4563473503871806,Envision Medical Care ,cta_intent,book_appointment,lead_capture,0.6,runner-up lead_capture at 0.5,{{product.name}}
4563473503871806,Envision Medical Care ,claim_risk,unclear,yes,0.5,runner-up yes at 0.4,{{product.name}}
4563473503871806,Envision Medical Care ,claim_risk,unclear,,0.5,regulated category: 'Good-bye Wrinkles' - elimination-style language for neurotoxin special; templated DCO headline,{{product.name}}
1433669688817932,Envision Medical Care ,offer,first_treatment_price,gift_with_treatment,0.5,runner-up gift_with_treatment at 0.4,Good-bye Wrinkles - $8/unit Special! ✨
1433669688817932,Envision Medical Care ,claim_risk,unclear,yes,0.5,runner-up yes at 0.4,Good-bye Wrinkles - $8/unit Special! ✨
1433669688817932,Envision Medical Care ,claim_risk,unclear,,0.5,regulated category: 'Good-bye Wrinkles' - elimination-style language for neurotoxin special,Good-bye Wrinkles - $8/unit Special! ✨
848119714787820,Lush Beauty Med Spa,format,problem_solution,educational_howto,0.5,runner-up educational_howto at 0.4,Revitalize Your Skin with Morpheus8 at Lush Beauty Med Spa
848119714787820,Lush Beauty Med Spa,indication,laxity_tightening,fine_lines_wrinkles,0.45,confidence 0.45; runner-up fine_lines_wrinkles at 0.4,Revitalize Your Skin with Morpheus8 at Lush Beauty Med Spa
848119714787820,Lush Beauty Med Spa,claim_risk,unclear,yes,0.5,runner-up yes at 0.4,Revitalize Your Skin with Morpheus8 at Lush Beauty Med Spa
848119714787820,Lush Beauty Med Spa,claim_risk,unclear,,0.5,"regulated category: 'Morpheus8 is the answer!'; 'reduce wrinkles, improve texture, and tighten your skin' - unhedged outcome claims, no disclaimer; 'cutting-edge'",Revitalize Your Skin with Morpheus8 at Lush Beauty Med Spa
1675320700213877,Lush Beauty Med Spa,offer,percent_off,free_consult,0.5,runner-up free_consult at 0.45,Book FREE Consultation ✅
1675320700213877,Lush Beauty Med Spa,cta_intent,lead_capture,free_consult,0.6,runner-up free_consult at 0.5,Book FREE Consultation ✅
1675320700213877,Lush Beauty Med Spa,driver,transformation,price_value,0.5,runner-up price_value at 0.4,Book FREE Consultation ✅
1675320700213877,Lush Beauty Med Spa,indication,acne_scarring,laxity_tightening,0.5,runner-up laxity_tightening at 0.4,Book FREE Consultation ✅
1675320700213877,Lush Beauty Med Spa,claim_risk,yes,,0.85,"regulated category: 'hit the erase button on skin imperfections'; 'the most advanced skin resurfacing treatment out on the market' superiority; 'Reducing scars anywhere on the body'; 'Contour any body part to desired shape'; 'Tightening loose skin to proper elasticity' - overbroad outcome claims by a med spa, no disclaimer",Book FREE Consultation ✅
1064772203180471,Bevara Med Spa,indication,unspecified,pigmentation_sun_damage,0.45,confidence 0.45; runner-up pigmentation_sun_damage at 0.4,"Buy 3 Laser Treatments, Get 1 Free"
1064772203180471,Bevara Med Spa,claim_risk,unclear,no,0.5,runner-up no at 0.45,"Buy 3 Laser Treatments, Get 1 Free"
1064772203180471,Bevara Med Spa,claim_risk,unclear,,0.5,"regulated category: 'Lumecca, LaseMD Ultra, and Morpheus8 laser treatments' - device mislabeling (Morpheus8 is RF microneedling, Lumecca is IPL)","Buy 3 Laser Treatments, Get 1 Free"
2420210431831691,Skintuition Medspa,offer,dollar_off,event_flash_sale,0.5,runner-up event_flash_sale at 0.45,Baggy Eye Rescue Treatment 👉Now $299
2420210431831691,Skintuition Medspa,indication,laxity_tightening,fine_lines_wrinkles,0.45,confidence 0.45; runner-up fine_lines_wrinkles at 0.4,Baggy Eye Rescue Treatment 👉Now $299
2420210431831691,Skintuition Medspa,claim_risk,yes,,0.7,"regulated category: 'Reduce puffiness & under-eye bags', 'reduce dark circles' - unsupported/off-label outcome claims for Morpheus8 with no disclaimer; 'Radiant results!'; 'Baggy Eye Rescue'",Baggy Eye Rescue Treatment 👉Now $299
1798345997831137,Cutella Medical Spa,hook_archetype,flat_spec,curiosity_tease,0.4,confidence 0.4,🍂✨ Fall Into Your Glow — September Beauty at Cutella! ✨🍂
1798345997831137,Cutella Medical Spa,awareness_stage,unaware,product_aware,0.45,confidence 0.45; runner-up product_aware at 0.4,🍂✨ Fall Into Your Glow — September Beauty at Cutella! ✨🍂
1063769973021836,Cutella Medical Spa,hook_archetype,flat_spec,curiosity_tease,0.4,confidence 0.4,🍂✨ Fall Into Your Glow — September Beauty at Cutella! ✨🍂
1063769973021836,Cutella Medical Spa,awareness_stage,unaware,product_aware,0.45,confidence 0.45; runner-up product_aware at 0.4,🍂✨ Fall Into Your Glow — September Beauty at Cutella! ✨🍂
1055555273747813,DesignHer Medspa,claim_risk,yes,,0.8,"regulated category: 'one of the gold standards in skin rejuvenation' superiority; 'Results can be seen after just one treatment!' results-with-timeframe claim, no disclaimer; 'treatments that actually work'; celebrity implication",$750 OFF Morpheus8 Skin Tightening Program!
1059473329905456,DesignHer Medspa,claim_risk,yes,,0.8,"regulated category: 'one of the gold standards in skin rejuvenation' superiority; 'Results can be seen after just one treatment!' results-with-timeframe claim, no disclaimer; 'treatments that actually work'; celebrity implication",$750 OFF Morpheus8 Skin Tightening Program!
1785639696182015,Skin N' Tox Aesthetics,offer,dollar_off,first_treatment_price,0.6,runner-up first_treatment_price at 0.5,{{product.name}}
1785639696182015,Skin N' Tox Aesthetics,funnel,bottom_retargeting,cold_prospecting,0.5,runner-up cold_prospecting at 0.45,{{product.name}}
1785639696182015,Skin N' Tox Aesthetics,claim_risk,unclear,no,0.45,confidence 0.45; runner-up no at 0.45,{{product.name}}
1785639696182015,Skin N' Tox Aesthetics,claim_risk,unclear,,0.45,"regulated category: 'the ultimate way to smooth texture, shrink pores' - superiority puffery; 'non-surgical lift' via Morpheus8; templated DCO",{{product.name}}
1111345341216900,Skin N' Tox Aesthetics,hook_archetype,direct_offer,problem_callout,0.5,runner-up problem_callout at 0.45,{{product.name}}
1111345341216900,Skin N' Tox Aesthetics,format,problem_solution,offer_promo,0.5,runner-up offer_promo at 0.45,{{product.name}}
1111345341216900,Skin N' Tox Aesthetics,awareness_stage,most_aware,solution_aware,0.5,runner-up solution_aware at 0.4,{{product.name}}
1111345341216900,Skin N' Tox Aesthetics,driver,price_value,transformation,0.5,runner-up transformation at 0.45,{{product.name}}
1111345341216900,Skin N' Tox Aesthetics,funnel,cold_prospecting,bottom_retargeting,0.5,runner-up bottom_retargeting at 0.45,{{product.name}}
1111345341216900,Skin N' Tox Aesthetics,indication,texture_pores,acne_scarring,0.45,confidence 0.45; runner-up acne_scarring at 0.4,{{product.name}}
1111345341216900,Skin N' Tox Aesthetics,claim_risk,unclear,no,0.5,runner-up no at 0.4,{{product.name}}
1111345341216900,Skin N' Tox Aesthetics,claim_risk,unclear,,0.5,regulated category: 'medical-grade microneedling' results framing by an aesthetics spa; 'the viral Glow'; 'Take your results to the next level' - borderline; templated DCO,{{product.name}}
1827970061522645,Delta Laser & Skin Care Centre,driver,price_value,trust_safety,0.55,runner-up trust_safety at 0.5,{{product.name}}
4590166534562887,The Blessings Medical Clinic,hook_archetype,flat_spec,bold_claim,0.4,confidence 0.4; runner-up bold_claim at 0.35,Reserva tu cita ahora 📲
4590166534562887,The Blessings Medical Clinic,format,catalog_generic,provider_authority,0.5,runner-up provider_authority at 0.45,Reserva tu cita ahora 📲
4590166534562887,The Blessings Medical Clinic,awareness_stage,product_aware,unaware,0.45,confidence 0.45; runner-up unaware at 0.4,Reserva tu cita ahora 📲
4590166534562887,The Blessings Medical Clinic,proof_asset,stat_or_study,none,0.5,runner-up none at 0.45,Reserva tu cita ahora 📲
2057897081757453,The Blessings Medical Clinic,hook_archetype,flat_spec,bold_claim,0.4,confidence 0.4; runner-up bold_claim at 0.35,Book your evaluation today 📅
2057897081757453,The Blessings Medical Clinic,format,catalog_generic,provider_authority,0.5,runner-up provider_authority at 0.45,Book your evaluation today 📅
2057897081757453,The Blessings Medical Clinic,awareness_stage,product_aware,unaware,0.45,confidence 0.45; runner-up unaware at 0.4,Book your evaluation today 📅
2057897081757453,The Blessings Medical Clinic,proof_asset,stat_or_study,none,0.5,runner-up none at 0.45,Book your evaluation today 📅
2176695152939344,The Blessings Medical Clinic,hook_archetype,flat_spec,bold_claim,0.4,confidence 0.4; runner-up bold_claim at 0.35,Reserva tu cita ahora 📲
2176695152939344,The Blessings Medical Clinic,format,catalog_generic,provider_authority,0.5,runner-up provider_authority at 0.45,Reserva tu cita ahora 📲
2176695152939344,The Blessings Medical Clinic,awareness_stage,product_aware,unaware,0.45,confidence 0.45; runner-up unaware at 0.4,Reserva tu cita ahora 📲
2176695152939344,The Blessings Medical Clinic,proof_asset,stat_or_study,none,0.5,runner-up none at 0.45,Reserva tu cita ahora 📲
918063014318413,The Blessings Medical Clinic,format,comparison_switch,catalog_generic,0.45,confidence 0.45; runner-up catalog_generic at 0.4,Book your appointment now 📲
918063014318413,The Blessings Medical Clinic,driver,fear_loss,social_proof,0.45,confidence 0.45; runner-up social_proof at 0.4,Book your appointment now 📲
918063014318413,The Blessings Medical Clinic,indication,unspecified,general_glow,0.45,confidence 0.45; runner-up general_glow at 0.4,Book your appointment now 📲
918063014318413,The Blessings Medical Clinic,proof_asset,none,stat_or_study,0.45,confidence 0.45; runner-up stat_or_study at 0.4,Book your appointment now 📲
918063014318413,The Blessings Medical Clinic,claim_risk,yes,,0.6,"regulated category: 'results are seen, not imagined' - implied guaranteed results with no disclaimer; creams that 'promise and never deliver' comparison",Book your appointment now 📲
2549329425531030,Be Your Kind ,indication,laxity_tightening,texture_pores,0.5,runner-up texture_pores at 0.45,Morpheus8 for $299
1722624338952741,Self Aesthetics & Wellness,offer,event_flash_sale,package_bundle,0.45,confidence 0.45,Double Chin Rescue 👉NOW $499
1722624338952741,Self Aesthetics & Wellness,driver,price_value,transformation,0.5,runner-up transformation at 0.5,Double Chin Rescue 👉NOW $499
1722624338952741,Self Aesthetics & Wellness,claim_risk,yes,,0.85,regulated category: 'say goodbye to double chins for good' - permanence language; 'finally lose their double chin' - fat-reduction outcome claim for Morpheus8 with no disclaimer; 'PERFECT nonsurgical solution',Double Chin Rescue 👉NOW $499
987979937666809,Self Aesthetics & Wellness,offer,dollar_off,event_flash_sale,0.5,runner-up event_flash_sale at 0.45,Baggy Eye Rescue Treatment 👉Now $399
987979937666809,Self Aesthetics & Wellness,indication,laxity_tightening,fine_lines_wrinkles,0.45,confidence 0.45; runner-up fine_lines_wrinkles at 0.4,Baggy Eye Rescue Treatment 👉Now $399
987979937666809,Self Aesthetics & Wellness,claim_risk,yes,,0.7,"regulated category: 'Reduce puffiness & under-eye bags', 'reduce dark circles' - unsupported/off-label outcome claims for Morpheus8 with no disclaimer; 'Radiant results!'; 'Baggy Eye Rescue'",Baggy Eye Rescue Treatment 👉Now $399
1262356899282842,Self Aesthetics & Wellness,offer,dollar_off,event_flash_sale,0.5,runner-up event_flash_sale at 0.45,Baggy Eye Rescue Treatment 👉Now $399
1262356899282842,Self Aesthetics & Wellness,indication,laxity_tightening,fine_lines_wrinkles,0.45,confidence 0.45; runner-up fine_lines_wrinkles at 0.4,Baggy Eye Rescue Treatment 👉Now $399
1262356899282842,Self Aesthetics & Wellness,claim_risk,yes,,0.7,"regulated category: 'Reduce puffiness & under-eye bags', 'reduce dark circles' - unsupported/off-label outcome claims for Morpheus8 with no disclaimer; 'Radiant results!'; 'Baggy Eye Rescue'",Baggy Eye Rescue Treatment 👉Now $399
1801544710979343,Novuskin Med Spa,claim_risk,yes,,0.6,"regulated category: 'lift sagging skin, smooth wrinkles', 'firmer, more youthful look' - unhedged outcome claims by a med spa with no results disclaimer",Get Our Turkey Neck Rescue - ONLY $499!
2826732561041560,Novuskin Med Spa,claim_risk,yes,,0.6,"regulated category: 'lift sagging skin, smooth wrinkles', 'firmer, more youthful look' - unhedged outcome claims by a med spa with no results disclaimer",Get Our Turkey Neck Rescue - ONLY $499!
1452244806720854,Mon Petit Salon et Spa,claim_risk,unclear,no,0.5,runner-up no at 0.4,Double Chin Rescue Package —Only $399✨
1452244806720854,Mon Petit Salon et Spa,claim_risk,unclear,,0.5,"regulated category: 'Double Chin Rescue' implies a chin/fat fix from Morpheus8 RF; 'Plant-Based Exosomes' unsupported add-on; body copy otherwise hedged ('firmer-looking', 'may be perfect for you')",Double Chin Rescue Package —Only $399✨
1742631633666386,Mon Petit Salon et Spa,claim_risk,unclear,no,0.5,runner-up no at 0.4,Double Chin Rescue Package— Only $399✨
1742631633666386,Mon Petit Salon et Spa,claim_risk,unclear,,0.5,"regulated category: 'Double Chin Rescue' implies a chin/fat fix from Morpheus8 RF; 'Plant-Based Exosomes' unsupported add-on; body copy otherwise hedged ('firmer-looking', 'may be perfect for you')",Double Chin Rescue Package— Only $399✨
1606695564125574,Karasmatic Day Spa,format,problem_solution,offer_promo,0.55,runner-up offer_promo at 0.5,"Non-Surgical Facelift - $549 (Was $1,260) 👉"
1606695564125574,Karasmatic Day Spa,awareness_stage,most_aware,problem_aware,0.5,runner-up problem_aware at 0.45,"Non-Surgical Facelift - $549 (Was $1,260) 👉"
1606695564125574,Karasmatic Day Spa,funnel,bottom_retargeting,cold_prospecting,0.5,runner-up cold_prospecting at 0.45,"Non-Surgical Facelift - $549 (Was $1,260) 👉"
1606695564125574,Karasmatic Day Spa,proof_asset,patient_testimonial,none,0.45,confidence 0.45; runner-up none at 0.4,"Non-Surgical Facelift - $549 (Was $1,260) 👉"
1606695564125574,Karasmatic Day Spa,claim_risk,yes,,0.85,regulated category: 'Non-Surgical Facelift' surgical-equivalence claim by a day spa; 'Lift & tighten sagging skin / Smooth fine lines & wrinkles' outcome list with no disclaimer,"Non-Surgical Facelift - $549 (Was $1,260) 👉"
1784419579578560,Valley Medical Weight Loss,claim_risk,unclear,no,0.45,confidence 0.45; runner-up no at 0.45,Morpheus8 Special Phoenix
1784419579578560,Valley Medical Weight Loss,claim_risk,unclear,,0.45,"regulated category: 'delivers exceptional skin, tissue and collagen remodeling' - manufacturer-style efficacy boilerplate with no disclaimer; weight-loss clinic advertiser",Morpheus8 Special Phoenix
915624534520840,Bella Medspa Atl,format,problem_solution,offer_promo,0.55,runner-up offer_promo at 0.5,"Non-Surgical Facelift - $549 (Was $1,300) 👉"
915624534520840,Bella Medspa Atl,offer,first_treatment_price,dollar_off,0.5,runner-up dollar_off at 0.45,"Non-Surgical Facelift - $549 (Was $1,300) 👉"
915624534520840,Bella Medspa Atl,awareness_stage,most_aware,problem_aware,0.5,runner-up problem_aware at 0.45,"Non-Surgical Facelift - $549 (Was $1,300) 👉"
915624534520840,Bella Medspa Atl,funnel,bottom_retargeting,cold_prospecting,0.5,runner-up cold_prospecting at 0.45,"Non-Surgical Facelift - $549 (Was $1,300) 👉"
915624534520840,Bella Medspa Atl,proof_asset,patient_testimonial,none,0.45,confidence 0.45; runner-up none at 0.4,"Non-Surgical Facelift - $549 (Was $1,300) 👉"
915624534520840,Bella Medspa Atl,claim_risk,yes,,0.7,regulated category: 'Non-Surgical Facelift' surgical-equivalence claim; 'Lift & tighten sagging skin / Smooth fine lines & wrinkles' outcome list (a results disclaimer footnote is present but truncated),"Non-Surgical Facelift - $549 (Was $1,300) 👉"
3432998270212817,Renew MediSpa,format,problem_solution,offer_promo,0.55,runner-up offer_promo at 0.5,"Non-Surgical Facelift - $549 (Was $1,100) 👉"
3432998270212817,Renew MediSpa,offer,first_treatment_price,dollar_off,0.5,runner-up dollar_off at 0.45,"Non-Surgical Facelift - $549 (Was $1,100) 👉"
3432998270212817,Renew MediSpa,awareness_stage,most_aware,problem_aware,0.5,runner-up problem_aware at 0.45,"Non-Surgical Facelift - $549 (Was $1,100) 👉"
3432998270212817,Renew MediSpa,funnel,bottom_retargeting,cold_prospecting,0.5,runner-up cold_prospecting at 0.45,"Non-Surgical Facelift - $549 (Was $1,100) 👉"
3432998270212817,Renew MediSpa,proof_asset,patient_testimonial,none,0.45,confidence 0.45; runner-up none at 0.4,"Non-Surgical Facelift - $549 (Was $1,100) 👉"
3432998270212817,Renew MediSpa,claim_risk,yes,,0.7,regulated category: 'Non-Surgical Facelift' surgical-equivalence claim; 'Lift & tighten sagging skin / Smooth fine lines & wrinkles' outcome list (a results disclaimer footnote is present but truncated),"Non-Surgical Facelift - $549 (Was $1,100) 👉"
2372192583312189,Transforming Beauty,offer,first_treatment_price,event_flash_sale,0.35,confidence 0.35; runner-up event_flash_sale at 0.3,Lift & Tighten — No Surgery. $549
2372192583312189,Transforming Beauty,awareness_stage,problem_aware,product_aware,0.45,confidence 0.45; runner-up product_aware at 0.4,Lift & Tighten — No Surgery. $549
2372192583312189,Transforming Beauty,driver,transformation,fear_loss,0.5,runner-up fear_loss at 0.4,Lift & Tighten — No Surgery. $549
2372192583312189,Transforming Beauty,funnel,cold_prospecting,bottom_retargeting,0.5,runner-up bottom_retargeting at 0.45,Lift & Tighten — No Surgery. $549
2372192583312189,Transforming Beauty,claim_risk,yes,,0.8,"regulated category: 'NON-SURGICAL FACELIFT' surgical-equivalence claim; 'lift and tighten the face, jawline, and neck' outcome claim with no disclaimer; creams 'can't reach' comparison",Lift & Tighten — No Surgery. $549
1007074272365529,Transforming Beauty,hook_archetype,direct_offer,problem_callout,0.5,runner-up problem_callout at 0.5,{{product.name}}
1007074272365529,Transforming Beauty,offer,first_treatment_price,event_flash_sale,0.35,confidence 0.35; runner-up event_flash_sale at 0.3,{{product.name}}
1007074272365529,Transforming Beauty,awareness_stage,problem_aware,product_aware,0.45,confidence 0.45; runner-up product_aware at 0.4,{{product.name}}
1007074272365529,Transforming Beauty,driver,transformation,fear_loss,0.5,runner-up fear_loss at 0.4,{{product.name}}
1007074272365529,Transforming Beauty,funnel,cold_prospecting,bottom_retargeting,0.5,runner-up bottom_retargeting at 0.45,{{product.name}}
1007074272365529,Transforming Beauty,claim_risk,yes,,0.75,"regulated category: 'NON-SURGICAL FACELIFT' surgical-equivalence claim; creams 'can't reach' comparison; templated DCO headline, text truncated",{{product.name}}
1578362106561626,Beauté NYC,format,before_after_showcase,educational_howto,0.5,runner-up educational_howto at 0.4,"✨At only 1 week later, Our Beautéful client is already reaping the benefits of the bold no"
1578362106561626,Beauté NYC,cta_intent,learn_educate,message_us,0.5,runner-up message_us at 0.45,"✨At only 1 week later, Our Beautéful client is already reaping the benefits of the bold no"
1578362106561626,Beauté NYC,driver,trust_safety,transformation,0.45,confidence 0.45; runner-up transformation at 0.4,"✨At only 1 week later, Our Beautéful client is already reaping the benefits of the bold no"
1578362106561626,Beauté NYC,funnel,mid_consideration,cold_prospecting,0.5,runner-up cold_prospecting at 0.4,"✨At only 1 week later, Our Beautéful client is already reaping the benefits of the bold no"
1578362106561626,Beauté NYC,geo_signal,none,city_or_neighborhood_named,0.5,runner-up city_or_neighborhood_named at 0.45,"✨At only 1 week later, Our Beautéful client is already reaping the benefits of the bold no"
1578362106561626,Beauté NYC,claim_risk,yes,,0.85,regulated category: 'NO Downtime'; 'All skin types' (safe-for-everyone); 'Lift eyebrows up to 5mm'; client results at '1 week later' with no results-may-vary disclaimer; Sofwave listed for cellulite/muscle toning/acne scarring - unsupported device claims,"✨At only 1 week later, Our Beautéful client is already reaping the benefits of the bold no"
1078811697877825,Beauté NYC,funnel,mid_consideration,cold_prospecting,0.5,runner-up cold_prospecting at 0.45,Chat with us
1078811697877825,Beauté NYC,indication,laxity_tightening,general_glow,0.45,confidence 0.45; runner-up general_glow at 0.45,Chat with us
1686769592390887,VIO Med Spa Solon,indication,laxity_tightening,fine_lines_wrinkles,0.45,confidence 0.45; runner-up fine_lines_wrinkles at 0.4,30% Off RF Microneedling
1686769592390887,VIO Med Spa Solon,claim_risk,unclear,no,0.5,runner-up no at 0.4,30% Off RF Microneedling
1686769592390887,VIO Med Spa Solon,claim_risk,unclear,,0.5,"regulated category: 'results-driven, medical-grade treatments' by a med spa; 'Improve acne scars / Tighten loose skin' outcome list (hedged with 'helps'); 'one of Solon's top-rated med spas'",30% Off RF Microneedling
1737728907307923,VIO Med Spa Solon,indication,laxity_tightening,fine_lines_wrinkles,0.45,confidence 0.45; runner-up fine_lines_wrinkles at 0.4,{{product.name}}
1737728907307923,VIO Med Spa Solon,claim_risk,unclear,no,0.5,runner-up no at 0.4,{{product.name}}
1737728907307923,VIO Med Spa Solon,claim_risk,unclear,,0.5,"regulated category: 'results-driven, medical-grade treatments' by a med spa; 'Improve acne scars / Tighten loose skin' outcome list (hedged with 'helps'); 'one of Solon's top-rated med spas'",{{product.name}}
906656699196993,Adulto mayor ultimate ,awareness_stage,unaware,product_aware,0.45,confidence 0.45; runner-up product_aware at 0.4,MEDICARE 👉
906656699196993,Adulto mayor ultimate ,indication,fine_lines_wrinkles,laxity_tightening,0.35,confidence 0.35; runner-up laxity_tightening at 0.35,MEDICARE 👉
906656699196993,Adulto mayor ultimate ,claim_risk,yes,,0.7,"regulated category: Implies Medicare benefits cover cosmetic Morpheus8/Detox/hyperbaric ('¿Tienes Medicare?... aprovechar tus beneficios') - misleading coverage implication; 'Rejuvenece tu piel desde adentro, mejora arrugas, flacidez y textura' unhedged; hyperbaric 'acelera la regeneración' health claims",MEDICARE 👉
1767885617585027,Adulto mayor ultimate ,hook_archetype,curiosity_tease,question,0.45,confidence 0.45,BENEFICIOS MEDICARE 👉
1767885617585027,Adulto mayor ultimate ,awareness_stage,unaware,product_aware,0.45,confidence 0.45; runner-up product_aware at 0.4,BENEFICIOS MEDICARE 👉
1767885617585027,Adulto mayor ultimate ,indication,laxity_tightening,general_glow,0.4,confidence 0.4; runner-up general_glow at 0.4,BENEFICIOS MEDICARE 👉
1767885617585027,Adulto mayor ultimate ,claim_risk,yes,,0.7,regulated category: Medicare-benefit coverage implication for cosmetic Morpheus8 ('Si cuentas con Medicare... accede a protocolos'); 'Renovación celular para una piel más firme y radiante' unhedged; hyperbaric 'fortalecer tus defensas' health claim,BENEFICIOS MEDICARE 👉
984618064606358,Genesis Lifestyle Medicine - Nashville,indication,laxity_tightening,general_glow,0.45,confidence 0.45; runner-up general_glow at 0.4,{{product.name}}
984618064606358,Genesis Lifestyle Medicine - Nashville,claim_risk,unclear,yes,0.5,runner-up yes at 0.45,{{product.name}}
984618064606358,Genesis Lifestyle Medicine - Nashville,claim_risk,unclear,,0.5,"regulated category: 'Safe & Effective' blanket safety claim; 'naturally tighten and smooth skin'; 'reduce fine lines, sagging, scarring' outcome list; disclaimer not visible in truncated DCO text",{{product.name}}
1405013881527990,Genesis Lifestyle Medicine - Nashville,indication,laxity_tightening,general_glow,0.45,confidence 0.45; runner-up general_glow at 0.4,Get $500 Off Morpheus8® Microneedling 😎
1405013881527990,Genesis Lifestyle Medicine - Nashville,claim_risk,unclear,no,0.5,runner-up no at 0.4,Get $500 Off Morpheus8® Microneedling 😎
1405013881527990,Genesis Lifestyle Medicine - Nashville,claim_risk,unclear,,0.5,"regulated category: 'Safe & Effective' blanket safety claim in description; results disclaimer present ('Like all FDA-cleared treatments, results may vary')",Get $500 Off Morpheus8® Microneedling 😎
1344605350780497,Aesthetics by Grace MedSpa,offer,first_treatment_price,event_flash_sale,0.5,runner-up event_flash_sale at 0.45,Try Morpheus for just $499! - Limited Time⌛️
1344605350780497,Aesthetics by Grace MedSpa,claim_risk,yes,,0.6,regulated category: 'Proven + Cleared by the FDA' - 'proven' overstates FDA clearance; 'supercharge your results' with growth factors & exosomes - unsupported add-on claim,Try Morpheus for just $499! - Limited Time⌛️
846460761789870,Aesthetics by Grace MedSpa,hook_archetype,bold_claim,direct_offer,0.5,runner-up direct_offer at 0.45,Finally... a Microneedling procedure that's Proven + Cleared by the FDA... “Morpheus 8” is
846460761789870,Aesthetics by Grace MedSpa,offer,first_treatment_price,event_flash_sale,0.5,runner-up event_flash_sale at 0.45,Finally... a Microneedling procedure that's Proven + Cleared by the FDA... “Morpheus 8” is
846460761789870,Aesthetics by Grace MedSpa,claim_risk,yes,,0.6,regulated category: 'Proven + Cleared by the FDA' - 'proven' overstates FDA clearance; 'supercharge your results' with growth factors & exosomes - unsupported add-on claim,Finally... a Microneedling procedure that's Proven + Cleared by the FDA... “Morpheus 8” is
3297265850468829,Wave Plastic Surgery & Aesthetic Laser Center,driver,transformation,trust_safety,0.5,runner-up trust_safety at 0.4,Tighter Skin Without Surgery
3297265850468829,Wave Plastic Surgery & Aesthetic Laser Center,claim_risk,unclear,no,0.5,runner-up no at 0.45,Tighter Skin Without Surgery
3297265850468829,Wave Plastic Surgery & Aesthetic Laser Center,claim_risk,unclear,,0.5,"regulated category: 'tighten, lift, and rejuvenate your skin' / 'Tighter Skin Without Surgery' outcome claims with no disclaimer; physician (plastic surgery) advertiser mitigates",Tighter Skin Without Surgery
933643889218441,Wave Plastic Surgery & Aesthetic Laser Center,driver,transformation,trust_safety,0.5,runner-up trust_safety at 0.4,Tighter Skin Without Surgery
933643889218441,Wave Plastic Surgery & Aesthetic Laser Center,claim_risk,unclear,no,0.5,runner-up no at 0.45,Tighter Skin Without Surgery
933643889218441,Wave Plastic Surgery & Aesthetic Laser Center,claim_risk,unclear,,0.5,"regulated category: 'tighten, lift, and rejuvenate your skin' / 'Tighter Skin Without Surgery' outcome claims with no disclaimer; physician (plastic surgery) advertiser mitigates",Tighter Skin Without Surgery
1589863252705590,Aesthetics by Vive,claim_risk,unclear,no,0.5,runner-up no at 0.4,50% OFF Morpheus8 RF + Free Skin Consult
1589863252705590,Aesthetics by Vive,claim_risk,unclear,,0.5,regulated category: med spa lists acne scars / sun damage outcomes and promises 'a real change' with no results-may-vary disclaimer; hedged wording,50% OFF Morpheus8 RF + Free Skin Consult
1654971189070789,Aesthetics by Vive,hook_archetype,problem_callout,direct_offer,0.5,runner-up direct_offer at 0.4,"🚨 Bradenton women 35+ who want firmer, smoother, glowing skin without surgery or injectabl"
1654971189070789,Aesthetics by Vive,claim_risk,unclear,no,0.5,runner-up no at 0.4,"🚨 Bradenton women 35+ who want firmer, smoother, glowing skin without surgery or injectabl"
1654971189070789,Aesthetics by Vive,claim_risk,unclear,,0.5,regulated category: med spa lists acne scars / sun damage outcomes and promises 'a real change' with no results-may-vary disclaimer; hedged wording,"🚨 Bradenton women 35+ who want firmer, smoother, glowing skin without surgery or injectabl"
1591311842718238,Sculpt Aesthetics & Plastic Surgery - Fairfax,indication,laxity_tightening,fine_lines_wrinkles,0.45,confidence 0.45; runner-up fine_lines_wrinkles at 0.4,Eye Rejuvenation Treatment 👉Now $299
1591311842718238,Sculpt Aesthetics & Plastic Surgery - Fairfax,claim_risk,unclear,yes,0.5,runner-up yes at 0.4,Eye Rejuvenation Treatment 👉Now $299
1591311842718238,Sculpt Aesthetics & Plastic Surgery - Fairfax,claim_risk,unclear,,0.5,regulated category: Morpheus8 claimed to 'reduce dark circles' and 'under-eye bags' (unsupported device claim); 'Radiant results!' with no disclaimer,Eye Rejuvenation Treatment 👉Now $299
2239147696942553,Genesis Lifestyle Medicine - Texas,funnel,cold_prospecting,bottom_retargeting,0.5,runner-up bottom_retargeting at 0.45,Get $500 Off Morpheus8® Microneedling 😎
1575891397329001,Genesis Lifestyle Medicine - Texas,funnel,cold_prospecting,bottom_retargeting,0.5,runner-up bottom_retargeting at 0.45,{{product.name}}
1575891397329001,Genesis Lifestyle Medicine - Texas,geo_signal,none,state_named,0.5,runner-up state_named at 0.4,{{product.name}}
1575891397329001,Genesis Lifestyle Medicine - Texas,claim_risk,unclear,no,0.5,runner-up no at 0.4,{{product.name}}
1575891397329001,Genesis Lifestyle Medicine - Texas,claim_risk,unclear,,0.5,regulated category: templated DCO fields ({{product.name}}); body truncated before disclaimer; no explicit risky phrase visible,{{product.name}}
2516453648817305,Genesis Lifestyle Medicine - Texas,funnel,cold_prospecting,bottom_retargeting,0.5,runner-up bottom_retargeting at 0.45,{{product.name}}
2516453648817305,Genesis Lifestyle Medicine - Texas,geo_signal,none,state_named,0.5,runner-up state_named at 0.4,{{product.name}}
2516453648817305,Genesis Lifestyle Medicine - Texas,claim_risk,unclear,no,0.5,runner-up no at 0.4,{{product.name}}
2516453648817305,Genesis Lifestyle Medicine - Texas,claim_risk,unclear,,0.5,regulated category: templated DCO fields ({{product.name}}); body truncated before disclaimer; no explicit risky phrase visible,{{product.name}}
5489623311263492,Genesis Lifestyle Medicine - Texas,funnel,cold_prospecting,bottom_retargeting,0.5,runner-up bottom_retargeting at 0.45,{{product.name}}
5489623311263492,Genesis Lifestyle Medicine - Texas,geo_signal,none,state_named,0.5,runner-up state_named at 0.4,{{product.name}}
5489623311263492,Genesis Lifestyle Medicine - Texas,claim_risk,unclear,no,0.5,runner-up no at 0.4,{{product.name}}
5489623311263492,Genesis Lifestyle Medicine - Texas,claim_risk,unclear,,0.5,regulated category: templated DCO fields ({{product.name}}); body truncated before disclaimer; no explicit risky phrase visible,{{product.name}}
1123405950115319,Dr Rosy Sandhu,cta_intent,book_appointment,lead_capture,0.5,runner-up lead_capture at 0.4,Non-Surgical Facelift ($549) 👉
1123405950115319,Dr Rosy Sandhu,awareness_stage,product_aware,most_aware,0.5,runner-up most_aware at 0.45,Non-Surgical Facelift ($549) 👉
1123405950115319,Dr Rosy Sandhu,funnel,cold_prospecting,bottom_retargeting,0.5,runner-up bottom_retargeting at 0.4,Non-Surgical Facelift ($549) 👉
1123405950115319,Dr Rosy Sandhu,proof_asset,none,patient_testimonial,0.5,runner-up patient_testimonial at 0.4,Non-Surgical Facelift ($549) 👉
1123405950115319,Dr Rosy Sandhu,claim_risk,yes,,0.6,regulated category: 'Morpheus8 Non-Invasive Facelift' / 'Non-Surgical Facelift' outcome claim for a microneedling device; no disclaimer,Non-Surgical Facelift ($549) 👉
4047331988732650,17MedSpa,format,offer_promo,educational_howto,0.5,runner-up educational_howto at 0.4,Take Up to 40% OFF Sofwave™
4047331988732650,17MedSpa,awareness_stage,most_aware,product_aware,0.5,runner-up product_aware at 0.45,Take Up to 40% OFF Sofwave™
4047331988732650,17MedSpa,funnel,cold_prospecting,bottom_retargeting,0.45,confidence 0.45; runner-up bottom_retargeting at 0.4,Take Up to 40% OFF Sofwave™
4047331988732650,17MedSpa,claim_risk,yes,,0.85,regulated category: 'eliminate early jowling' (eliminate language) by a med spa; no disclaimer,Take Up to 40% OFF Sofwave™
1761198008417733,17MedSpa,funnel,bottom_retargeting,cold_prospecting,0.5,runner-up cold_prospecting at 0.4,Up to 40% OFF Morpheus8
1761198008417733,17MedSpa,claim_risk,unclear,,0.5,regulated category: 'one of the most advanced skin-tightening treatments in aesthetics' superiority claim; med spa claims to minimize acne scars; no disclaimer,Up to 40% OFF Morpheus8
1588571959331660,"Mirabile M.D. Beauty, Health & Wellness",indication,laxity_tightening,general_glow,0.5,runner-up general_glow at 0.4,Meet Morpheus8: 20% Off
2011322782920922,Aspire Functional Aesthetics & Wellness,cta_intent,book_appointment,lead_capture,0.5,runner-up lead_capture at 0.4,Non Surgical Tightening ($549)👉
2011322782920922,Aspire Functional Aesthetics & Wellness,awareness_stage,product_aware,most_aware,0.5,runner-up most_aware at 0.45,Non Surgical Tightening ($549)👉
2011322782920922,Aspire Functional Aesthetics & Wellness,funnel,cold_prospecting,bottom_retargeting,0.5,runner-up bottom_retargeting at 0.4,Non Surgical Tightening ($549)👉
2011322782920922,Aspire Functional Aesthetics & Wellness,proof_asset,none,patient_testimonial,0.5,runner-up patient_testimonial at 0.4,Non Surgical Tightening ($549)👉
1273565698158568,Venus Aesthetic Intelligence,hook_archetype,flat_spec,bold_claim,0.45,confidence 0.45; runner-up bold_claim at 0.4,Doublo × Venus Signature Edition | Premier Korean Aesthetic Innovation
1273565698158568,Venus Aesthetic Intelligence,driver,status_identity,trust_safety,0.4,confidence 0.4,Doublo × Venus Signature Edition | Premier Korean Aesthetic Innovation
1273565698158568,Venus Aesthetic Intelligence,funnel,mid_consideration,cold_prospecting,0.5,runner-up cold_prospecting at 0.4,Doublo × Venus Signature Edition | Premier Korean Aesthetic Innovation
2335476427224932,Dr. Michael I. Jacobs Dermatology,indication,texture_pores,fine_lines_wrinkles,0.5,runner-up fine_lines_wrinkles at 0.45,"✨ Looking to improve skin texture, soften fine lines and wrinkles, and minimize the appear"
1019103701181806,Dr. Michael I. Jacobs Dermatology,cta_intent,book_appointment,learn_educate,0.45,confidence 0.45; runner-up learn_educate at 0.4, 
1019103701181806,Dr. Michael I. Jacobs Dermatology,funnel,mid_consideration,cold_prospecting,0.5,runner-up cold_prospecting at 0.4, 
1874144066646273,"Solara Skin & Laser Center, Anchorage AK",format,before_after_showcase,catalog_generic,0.5,runner-up catalog_generic at 0.4,"Solara Skin & Laser Center, Anchorage AK"
1874144066646273,"Solara Skin & Laser Center, Anchorage AK",claim_risk,yes,,0.9,regulated category: 'erasing fine lines'; before/after results language with no results-may-vary disclaimer,"Solara Skin & Laser Center, Anchorage AK"
982062481210745,Selenaclinic Beauty Skin Anti-aging Clinic in Korea,hook_archetype,social_proof,flat_spec,0.4,confidence 0.4; runner-up flat_spec at 0.35,"Selena Clinic's Most-Proceded Potenza Event
Skin tone & elasticity & improvement of fine w"
982062481210745,Selenaclinic Beauty Skin Anti-aging Clinic in Korea,format,offer_promo,catalog_generic,0.4,confidence 0.4; runner-up catalog_generic at 0.35,"Selena Clinic's Most-Proceded Potenza Event
Skin tone & elasticity & improvement of fine w"
982062481210745,Selenaclinic Beauty Skin Anti-aging Clinic in Korea,offer,event_flash_sale,no_offer,0.45,confidence 0.45,"Selena Clinic's Most-Proceded Potenza Event
Skin tone & elasticity & improvement of fine w"
982062481210745,Selenaclinic Beauty Skin Anti-aging Clinic in Korea,claim_risk,unclear,,0.5,"regulated category: 'lowest price in Korea' superiority; 'Complete healthy and beautiful skin' - machine-translated, thin text","Selena Clinic's Most-Proceded Potenza Event
Skin tone & elasticity & improvement of fine w"
1000335169070774,Selenaclinic Beauty Skin Anti-aging Clinic in Korea,hook_archetype,social_proof,bold_claim,0.45,confidence 0.45,"Hongik University Selena Clinic Popular Treatment 🎀
It's cheap, but it works well 🤙

💎If y"
1000335169070774,Selenaclinic Beauty Skin Anti-aging Clinic in Korea,format,catalog_generic,lifestyle_aspiration,0.45,confidence 0.45,"Hongik University Selena Clinic Popular Treatment 🎀
It's cheap, but it works well 🤙

💎If y"
1000335169070774,Selenaclinic Beauty Skin Anti-aging Clinic in Korea,awareness_stage,unaware,product_aware,0.4,confidence 0.4; runner-up product_aware at 0.35,"Hongik University Selena Clinic Popular Treatment 🎀
It's cheap, but it works well 🤙

💎If y"
1000335169070774,Selenaclinic Beauty Skin Anti-aging Clinic in Korea,indication,unspecified,laxity_tightening,0.5,runner-up laxity_tightening at 0.4,"Hongik University Selena Clinic Popular Treatment 🎀
It's cheap, but it works well 🤙

💎If y"
1000335169070774,Selenaclinic Beauty Skin Anti-aging Clinic in Korea,claim_risk,unclear,,0.5,"regulated category: 'It's cheap, but it works well' / 'lowest price in Korea' - machine-translated, thin","Hongik University Selena Clinic Popular Treatment 🎀
It's cheap, but it works well 🤙

💎If y"
2169858237103095,"Beijing Nubway S&T Co., Ltd.",format,product_announcement,lifestyle_aspiration,0.35,confidence 0.35; runner-up lifestyle_aspiration at 0.3,"Vacuum RF Microneedling care, quickly establish a new skin care business!"
2169858237103095,"Beijing Nubway S&T Co., Ltd.",driver,price_value,status_identity,0.4,confidence 0.4,"Vacuum RF Microneedling care, quickly establish a new skin care business!"
1013898114973637,"Beijing Nubway S&T Co., Ltd.",format,product_announcement,catalog_generic,0.4,confidence 0.4,"Vacuum RF Microneedling care, quickly establish a new skin care business!"
1013898114973637,"Beijing Nubway S&T Co., Ltd.",driver,convenience_time,price_value,0.4,confidence 0.4; runner-up price_value at 0.35,"Vacuum RF Microneedling care, quickly establish a new skin care business!"
1609755710669231,Green Leaf Medi Spa,format,offer_promo,problem_solution,0.5,runner-up problem_solution at 0.45,Limited Spots Available 👉
1609755710669231,Green Leaf Medi Spa,driver,price_value,transformation,0.5,runner-up transformation at 0.4,Limited Spots Available 👉
1609755710669231,Green Leaf Medi Spa,funnel,cold_prospecting,bottom_retargeting,0.5,runner-up bottom_retargeting at 0.4,Limited Spots Available 👉
1609755710669231,Green Leaf Medi Spa,claim_risk,yes,,0.7,regulated category: 'Non-Surgical Facelift' and 'stem cell-derived Exosomes' outcome claims by a medi spa; 'in as little as 1 to 2 sessions' with no disclaimer,Limited Spots Available 👉
1072776101903454,Green Leaf Medi Spa,format,offer_promo,problem_solution,0.5,runner-up problem_solution at 0.45,Limited Spots Available 👉
1072776101903454,Green Leaf Medi Spa,driver,price_value,transformation,0.5,runner-up transformation at 0.4,Limited Spots Available 👉
1072776101903454,Green Leaf Medi Spa,funnel,cold_prospecting,bottom_retargeting,0.5,runner-up bottom_retargeting at 0.4,Limited Spots Available 👉
1072776101903454,Green Leaf Medi Spa,claim_risk,yes,,0.7,regulated category: 'Non-Surgical Facelift' and 'stem cell-derived Exosomes' outcome claims by a medi spa; 'in as little as 1 to 2 sessions' with no disclaimer,Limited Spots Available 👉
1059280043376585,Green Leaf Medi Spa,awareness_stage,solution_aware,product_aware,0.5,runner-up product_aware at 0.4,Limited Spots Available 👉
1059280043376585,Green Leaf Medi Spa,indication,texture_pores,general_glow,0.4,confidence 0.4; runner-up general_glow at 0.35,Limited Spots Available 👉
1059280043376585,Green Leaf Medi Spa,claim_risk,unclear,no,0.5,runner-up no at 0.4,Limited Spots Available 👉
1059280043376585,Green Leaf Medi Spa,claim_risk,unclear,,0.5,regulated category: exosome 'visible skin renewal' claims by a medi spa; otherwise hedged 'help improve the appearance',Limited Spots Available 👉
26654297384180375,Caviar Skin Clinic,proof_asset,patient_testimonial,none,0.5,runner-up none at 0.4,RF Microneedling Skin Tightening
815911838248939,Caviar Skin Clinic,format,educational_howto,catalog_generic,0.45,confidence 0.45; runner-up catalog_generic at 0.4,{{product.name}}
815911838248939,Caviar Skin Clinic,proof_asset,patient_testimonial,none,0.45,confidence 0.45; runner-up none at 0.45,{{product.name}}
815911838248939,Caviar Skin Clinic,claim_risk,unclear,no,0.45,confidence 0.45; runner-up no at 0.45,{{product.name}}
815911838248939,Caviar Skin Clinic,claim_risk,unclear,,0.45,"regulated category: templated DCO fields; clinic claims to improve acne scars with no disclaimer, hedged wording",{{product.name}}
1706508483805129,The One Beauty Bar,offer,event_flash_sale,first_treatment_price,0.45,confidence 0.45,Face Lift Rescue ✨ Now Just $499
1706508483805129,The One Beauty Bar,driver,price_value,transformation,0.5,runner-up transformation at 0.4,Face Lift Rescue ✨ Now Just $499
1706508483805129,The One Beauty Bar,funnel,cold_prospecting,bottom_retargeting,0.5,runner-up bottom_retargeting at 0.4,Face Lift Rescue ✨ Now Just $499
1706508483805129,The One Beauty Bar,claim_risk,yes,,0.75,regulated category: 'Face Lift Rescue' lift claim and 'without downtime' for RF microneedling by a beauty bar; 'long-lasting rejuvenation' with no disclaimer,Face Lift Rescue ✨ Now Just $499
1401147338015929,OstarBeauty,proof_asset,stat_or_study,none,0.5,runner-up none at 0.4,OstarBeauty
1401147338015929,OstarBeauty,claim_risk,yes,,0.7,regulated category: 'no-pain electrode needle technology' (painless claim) for an RF microneedling device,OstarBeauty
722456357357773,OstarBeauty,hook_archetype,bold_claim,flat_spec,0.5,runner-up flat_spec at 0.4,OstarBeauty
722456357357773,OstarBeauty,driver,transformation,convenience_time,0.4,confidence 0.4,OstarBeauty
722456357357773,OstarBeauty,claim_risk,yes,,0.6,"regulated category: 'visible, long-lasting results' with no disclaimer; RF microneedling device marketed for 'home care'",OstarBeauty
1394748376100934,A Younger You Medical Spa,hook_archetype,bold_claim,flat_spec,0.45,confidence 0.45,"Your Skin, In Focus This Fall"
1394748376100934,A Younger You Medical Spa,driver,price_value,transformation,0.5,runner-up transformation at 0.4,"Your Skin, In Focus This Fall"
1394748376100934,A Younger You Medical Spa,funnel,mid_consideration,bottom_retargeting,0.45,confidence 0.45; runner-up bottom_retargeting at 0.4,"Your Skin, In Focus This Fall"
1572822617770675,A Younger You Medical Spa,cta_intent,book_appointment,lead_capture,0.5,runner-up lead_capture at 0.4,Save on Skin Treatment Series of 3!
1572822617770675,A Younger You Medical Spa,driver,downtime_avoidance,price_value,0.45,confidence 0.45; runner-up price_value at 0.4,Save on Skin Treatment Series of 3!
1572822617770675,A Younger You Medical Spa,funnel,mid_consideration,bottom_retargeting,0.45,confidence 0.45; runner-up bottom_retargeting at 0.4,Save on Skin Treatment Series of 3!
1729896601603747,A Younger You Medical Spa,funnel,cold_prospecting,mid_consideration,0.5,runner-up mid_consideration at 0.4,"Follow Celyse’s skin journey at A Younger You.

Throughout this series, she’ll be visiting"
948416748331022,A Younger You Medical Spa,funnel,cold_prospecting,mid_consideration,0.5,runner-up mid_consideration at 0.4,"Follow Celyse’s skin journey at A Younger You.

Throughout this series, she’ll be visiting"
2109141143331985,Senniyo Aesthetics International School of Canada Inc. 仙妮亞國際美容訓練學校,hook_archetype,question,flat_spec,0.4,confidence 0.4; runner-up flat_spec at 0.35,Senniyo Aesthetics International School of Canada Inc. 仙妮亞國際美容訓練學校
2109141143331985,Senniyo Aesthetics International School of Canada Inc. 仙妮亞國際美容訓練學校,awareness_stage,unaware,product_aware,0.4,confidence 0.4,Senniyo Aesthetics International School of Canada Inc. 仙妮亞國際美容訓練學校
2109141143331985,Senniyo Aesthetics International School of Canada Inc. 仙妮亞國際美容訓練學校,driver,price_value,trust_safety,0.4,confidence 0.4; runner-up trust_safety at 0.35,Senniyo Aesthetics International School of Canada Inc. 仙妮亞國際美容訓練學校
3099258930277404,Brio Esthetics,claim_risk,yes,,0.85,"regulated category: 'reverse signs of aging'; 'without the needles or downtime' for a microneedling device (downtime denied, misleading); 'regenerates your skin' by an esthetics practice, no disclaimer",50% OFF Voucher + Free Consult
2027371511498065,Brio Esthetics,hook_archetype,question,problem_callout,0.5,runner-up problem_callout at 0.4,"🚨 Hey, Women of Boone & Surrounding Areas! Want to reverse signs of aging and get glowing "
2027371511498065,Brio Esthetics,claim_risk,yes,,0.85,"regulated category: 'reverse signs of aging'; 'without the needles or downtime' for a microneedling device (downtime denied, misleading); 'regenerates your skin' by an esthetics practice, no disclaimer","🚨 Hey, Women of Boone & Surrounding Areas! Want to reverse signs of aging and get glowing "
1520618219587787,Marotta MedSpa,offer,percent_off,package_bundle,0.5,runner-up package_bundle at 0.45,15% Off Skin Rejuvenation Packages
1520618219587787,Marotta MedSpa,awareness_stage,most_aware,product_aware,0.5,runner-up product_aware at 0.4,15% Off Skin Rejuvenation Packages
1520618219587787,Marotta MedSpa,funnel,bottom_retargeting,cold_prospecting,0.45,confidence 0.45; runner-up cold_prospecting at 0.4,15% Off Skin Rejuvenation Packages
1520618219587787,Marotta MedSpa,indication,general_glow,fine_lines_wrinkles,0.45,confidence 0.45,15% Off Skin Rejuvenation Packages
1520618219587787,Marotta MedSpa,proof_asset,none,stat_or_study,0.5,runner-up stat_or_study at 0.4,15% Off Skin Rejuvenation Packages
2258973118292899,Marotta MedSpa,offer,percent_off,package_bundle,0.5,runner-up package_bundle at 0.45,{{product.name}}
2258973118292899,Marotta MedSpa,awareness_stage,most_aware,product_aware,0.5,runner-up product_aware at 0.4,{{product.name}}
2258973118292899,Marotta MedSpa,funnel,bottom_retargeting,cold_prospecting,0.45,confidence 0.45; runner-up cold_prospecting at 0.4,{{product.name}}
2258973118292899,Marotta MedSpa,indication,general_glow,fine_lines_wrinkles,0.45,confidence 0.45,{{product.name}}
905298742634313,Renaissance Medispa and Wellness Center,funnel,cold_prospecting,bottom_retargeting,0.5,runner-up bottom_retargeting at 0.4,Rejuvenate with RF Microneedling! ✨
905298742634313,Renaissance Medispa and Wellness Center,claim_risk,yes,,0.6,regulated category: 'the TOP TREATMENT' superiority claim; medispa claims to address stretch marks & acne scars; no disclaimer,Rejuvenate with RF Microneedling! ✨
1738049364194022,Genesis Med Spa 314,indication,fine_lines_wrinkles,general_glow,0.4,confidence 0.4; runner-up general_glow at 0.35,BLUE LIGHT RF Microneedling — Only $99
4370840533180573,Genesis Med Spa 314,indication,fine_lines_wrinkles,general_glow,0.4,confidence 0.4; runner-up general_glow at 0.35,BLUE LIGHT RF Microneedling — Only $99
969778989451844,Summerland Aesthetics,hook_archetype,bold_claim,direct_offer,0.5,runner-up direct_offer at 0.45,{{product.name}}
969778989451844,Summerland Aesthetics,funnel,cold_prospecting,bottom_retargeting,0.5,runner-up bottom_retargeting at 0.45,{{product.name}}
969778989451844,Summerland Aesthetics,claim_risk,yes,,0.7,regulated category: '#1 Skin Tightening Treatment' and 'gold-standard treatment' superiority claims; med spa lists acne scars; no disclaimer,{{product.name}}
1742067196844725,Summerland Aesthetics,hook_archetype,bold_claim,direct_offer,0.5,runner-up direct_offer at 0.45,#1 Skin Tightening Treatment ✨ $499 Limited Offer
1742067196844725,Summerland Aesthetics,funnel,cold_prospecting,bottom_retargeting,0.5,runner-up bottom_retargeting at 0.45,#1 Skin Tightening Treatment ✨ $499 Limited Offer
1742067196844725,Summerland Aesthetics,claim_risk,yes,,0.8,regulated category: '#1 Skin Tightening Treatment' and 'gold-standard treatment' superiority claims; med spa lists acne scars; no disclaimer,#1 Skin Tightening Treatment ✨ $499 Limited Offer
1022107180792535,JAX Aesthetics & Wellness Center,claim_risk,yes,,0.85,"regulated category: 'reverse signs of aging'; 'without the needles or downtime' for a microneedling device (downtime denied, misleading); 'regenerates your skin' by an esthetics practice, no disclaimer",50% OFF Voucher + Free Consult
2308993909845152,JAX Aesthetics & Wellness Center,hook_archetype,question,problem_callout,0.5,runner-up problem_callout at 0.4,"🚨 Hey, Women of Jacksonville & Surrounding Areas! 🚨
Want to reverse signs of aging and get"
2308993909845152,JAX Aesthetics & Wellness Center,claim_risk,yes,,0.85,"regulated category: 'reverse signs of aging'; 'without the needles or downtime' for a microneedling device (downtime denied, misleading); 'regenerates your skin' by an esthetics practice, no disclaimer","🚨 Hey, Women of Jacksonville & Surrounding Areas! 🚨
Want to reverse signs of aging and get"
1819705779207182,Spa West Promotions,hook_archetype,curiosity_tease,bold_claim,0.4,confidence 0.4,Meet Your New Favorite Face Lift
1819705779207182,Spa West Promotions,format,offer_promo,lifestyle_aspiration,0.5,runner-up lifestyle_aspiration at 0.4,Meet Your New Favorite Face Lift
1819705779207182,Spa West Promotions,offer,event_flash_sale,dollar_off,0.4,confidence 0.4,Meet Your New Favorite Face Lift
1819705779207182,Spa West Promotions,driver,transformation,lifestyle_aspiration,0.4,confidence 0.4; runner-up lifestyle_aspiration at 0.35,Meet Your New Favorite Face Lift
1819705779207182,Spa West Promotions,funnel,mid_consideration,bottom_retargeting,0.4,confidence 0.4; runner-up bottom_retargeting at 0.35,Meet Your New Favorite Face Lift
1819705779207182,Spa West Promotions,indication,laxity_tightening,general_glow,0.45,confidence 0.45; runner-up general_glow at 0.4,Meet Your New Favorite Face Lift
1819705779207182,Spa West Promotions,claim_risk,unclear,,0.5,regulated category: 'Face Lift' label for RF microneedling by a med spa; body otherwise hedged ('improving the appearance'),Meet Your New Favorite Face Lift
2570084603510202,Spa West Promotions,offer,event_flash_sale,dollar_off,0.4,confidence 0.4,Your Chin + Neck Lift | $499
2570084603510202,Spa West Promotions,cta_intent,lead_capture,book_appointment,0.5,runner-up book_appointment at 0.4,Your Chin + Neck Lift | $499
2570084603510202,Spa West Promotions,driver,transformation,price_value,0.45,confidence 0.45; runner-up price_value at 0.4,Your Chin + Neck Lift | $499
2570084603510202,Spa West Promotions,funnel,mid_consideration,bottom_retargeting,0.4,confidence 0.4; runner-up bottom_retargeting at 0.4,Your Chin + Neck Lift | $499
1390417349224351,Me Time Med Spa,funnel,cold_prospecting,bottom_retargeting,0.5,runner-up bottom_retargeting at 0.4,Non-Surgical Facelift – Now Only $347! ✨
1390417349224351,Me Time Med Spa,claim_risk,yes,,0.8,regulated category: 'Non-Surgical Facelift' by a med spa; 'without surgery or downtime' (downtime denied for RF microneedling + laser); 'Calm inflammation and boost skin healing',Non-Surgical Facelift – Now Only $347! ✨
29110499168540300,Me Time Med Spa,funnel,cold_prospecting,bottom_retargeting,0.5,runner-up bottom_retargeting at 0.4,Non-Surgical Facelift – Now Only $347! ✨
29110499168540300,Me Time Med Spa,claim_risk,yes,,0.8,regulated category: 'Non-Surgical Facelift' by a med spa; 'without surgery or downtime' (downtime denied for RF microneedling + laser); 'Calm inflammation and boost skin healing',Non-Surgical Facelift – Now Only $347! ✨
2520890805098205,Heritage Wellness & Med Spa,offer,package_bundle,event_flash_sale,0.5,runner-up event_flash_sale at 0.4,$249 Non-Surgical Facelift ✨
2520890805098205,Heritage Wellness & Med Spa,funnel,cold_prospecting,bottom_retargeting,0.5,runner-up bottom_retargeting at 0.4,$249 Non-Surgical Facelift ✨
2520890805098205,Heritage Wellness & Med Spa,claim_risk,unclear,yes,0.5,runner-up yes at 0.4,$249 Non-Surgical Facelift ✨
2520890805098205,Heritage Wellness & Med Spa,claim_risk,unclear,,0.5,"regulated category: 'Non-Surgical Facelift' package label by a med spa; body hedged ('-looking', 'support collagen', 'may be perfect')",$249 Non-Surgical Facelift ✨
27068008219499410,Aria Integrative Health,claim_risk,unclear,yes,0.5,runner-up yes at 0.4,Experience EXION™ RF. Experience The Results!
27068008219499410,Aria Integrative Health,claim_risk,unclear,,0.5,regulated category: 'Proven + Cleared by the FDA' implies FDA-proven efficacy; 'Experience The Results!' with no disclaimer; thin text,Experience EXION™ RF. Experience The Results!
1023980376825866,Aria Integrative Health,claim_risk,unclear,yes,0.5,runner-up yes at 0.4,"Finally... a Microneedling procedure that's Proven + Cleared by the FDA... ""EXION™ RF"" is "
1023980376825866,Aria Integrative Health,claim_risk,unclear,,0.5,regulated category: 'Proven + Cleared by the FDA' implies FDA-proven efficacy; 'Experience The Results!' with no disclaimer; thin text,"Finally... a Microneedling procedure that's Proven + Cleared by the FDA... ""EXION™ RF"" is "
2094885121117919,Fab Medical Aesthetics & Permanent Makeup,offer,package_bundle,event_flash_sale,0.5,runner-up event_flash_sale at 0.4,5D Facelift For Now Only $297! ✨
2094885121117919,Fab Medical Aesthetics & Permanent Makeup,awareness_stage,product_aware,solution_aware,0.5,runner-up solution_aware at 0.4,5D Facelift For Now Only $297! ✨
2094885121117919,Fab Medical Aesthetics & Permanent Makeup,driver,price_value,downtime_avoidance,0.45,confidence 0.45,5D Facelift For Now Only $297! ✨
2094885121117919,Fab Medical Aesthetics & Permanent Makeup,funnel,cold_prospecting,bottom_retargeting,0.5,runner-up bottom_retargeting at 0.4,5D Facelift For Now Only $297! ✨
2094885121117919,Fab Medical Aesthetics & Permanent Makeup,claim_risk,yes,,0.6,regulated category: '5D Facelift' label; 'no time away from your life' / 'no anesthesia' (downtime denied) for RF microneedling by a med aesthetics practice,5D Facelift For Now Only $297! ✨
1090087833465903,Fab Medical Aesthetics & Permanent Makeup,offer,package_bundle,event_flash_sale,0.5,runner-up event_flash_sale at 0.4,Non-Surgical Face Tightening For Now Only $297! ✨
1090087833465903,Fab Medical Aesthetics & Permanent Makeup,awareness_stage,product_aware,solution_aware,0.5,runner-up solution_aware at 0.4,Non-Surgical Face Tightening For Now Only $297! ✨
1090087833465903,Fab Medical Aesthetics & Permanent Makeup,driver,price_value,downtime_avoidance,0.45,confidence 0.45,Non-Surgical Face Tightening For Now Only $297! ✨
1090087833465903,Fab Medical Aesthetics & Permanent Makeup,funnel,cold_prospecting,bottom_retargeting,0.5,runner-up bottom_retargeting at 0.4,Non-Surgical Face Tightening For Now Only $297! ✨
1090087833465903,Fab Medical Aesthetics & Permanent Makeup,claim_risk,unclear,yes,0.5,runner-up yes at 0.4,Non-Surgical Face Tightening For Now Only $297! ✨
1090087833465903,Fab Medical Aesthetics & Permanent Makeup,claim_risk,unclear,,0.5,"regulated category: 'no time away from your life' (downtime denied) for RF microneedling; body hedged ('appearance of', '-looking')",Non-Surgical Face Tightening For Now Only $297! ✨
1963719710954812,Skinny Secrets,offer,dollar_off,event_flash_sale,0.5,runner-up event_flash_sale at 0.4,[SAVE $550] Bye-Bye Signs of Aging 👉 NOW Only $299
1963719710954812,Skinny Secrets,awareness_stage,most_aware,solution_aware,0.5,runner-up solution_aware at 0.45,[SAVE $550] Bye-Bye Signs of Aging 👉 NOW Only $299
1963719710954812,Skinny Secrets,funnel,cold_prospecting,bottom_retargeting,0.5,runner-up bottom_retargeting at 0.45,[SAVE $550] Bye-Bye Signs of Aging 👉 NOW Only $299
1963719710954812,Skinny Secrets,indication,fine_lines_wrinkles,general_glow,0.45,confidence 0.45,[SAVE $550] Bye-Bye Signs of Aging 👉 NOW Only $299
1963719710954812,Skinny Secrets,claim_risk,yes,,0.75,regulated category: 'Bye-Bye Signs of Aging' (elimination language); 'combat signs of aging'; 'real results' with no disclaimer; med spa lists scars,[SAVE $550] Bye-Bye Signs of Aging 👉 NOW Only $299
1380655520943656,Skinny Secrets,offer,dollar_off,event_flash_sale,0.5,runner-up event_flash_sale at 0.4,[SAVE $550] Bye-Bye Signs of Aging 👉 NOW Only $299
1380655520943656,Skinny Secrets,awareness_stage,most_aware,solution_aware,0.5,runner-up solution_aware at 0.45,[SAVE $550] Bye-Bye Signs of Aging 👉 NOW Only $299
1380655520943656,Skinny Secrets,funnel,cold_prospecting,bottom_retargeting,0.5,runner-up bottom_retargeting at 0.45,[SAVE $550] Bye-Bye Signs of Aging 👉 NOW Only $299
1380655520943656,Skinny Secrets,indication,fine_lines_wrinkles,general_glow,0.45,confidence 0.45,[SAVE $550] Bye-Bye Signs of Aging 👉 NOW Only $299
1380655520943656,Skinny Secrets,claim_risk,yes,,0.75,regulated category: 'Bye-Bye Signs of Aging' (elimination language); 'combat signs of aging'; 'real results' with no disclaimer; med spa lists scars,[SAVE $550] Bye-Bye Signs of Aging 👉 NOW Only $299
1945422503304442,Girltox Aesthetics,format,catalog_generic,offer_promo,0.5,runner-up offer_promo at 0.45,{{product.name}}
1030594426392923,Girltox Aesthetics,format,catalog_generic,offer_promo,0.5,runner-up offer_promo at 0.45,{{product.name}}
3761686410637317,Fountain of Youth Skin Renewal Centre,format,offer_promo,provider_authority,0.45,confidence 0.45,Smooth Scars & Wrinkles Without Surgery
3761686410637317,Fountain of Youth Skin Renewal Centre,cta_intent,lead_capture,learn_educate,0.5,runner-up learn_educate at 0.4,Smooth Scars & Wrinkles Without Surgery
3761686410637317,Fountain of Youth Skin Renewal Centre,driver,price_value,trust_safety,0.4,confidence 0.4; runner-up trust_safety at 0.35,Smooth Scars & Wrinkles Without Surgery
3761686410637317,Fountain of Youth Skin Renewal Centre,funnel,mid_consideration,cold_prospecting,0.45,confidence 0.45; runner-up cold_prospecting at 0.4,Smooth Scars & Wrinkles Without Surgery
3761686410637317,Fountain of Youth Skin Renewal Centre,indication,acne_scarring,fine_lines_wrinkles,0.4,confidence 0.4; runner-up fine_lines_wrinkles at 0.4,Smooth Scars & Wrinkles Without Surgery
3761686410637317,Fountain of Youth Skin Renewal Centre,claim_risk,yes,,0.65,"regulated category: 'Effective for All Skin Types' / 'ensuring safe' blanket safety claim; 'Smooth Scars & Wrinkles' by a non-physician skin centre, no disclaimer",Smooth Scars & Wrinkles Without Surgery
2337341633736371,Fountain of Youth Skin Renewal Centre,format,offer_promo,provider_authority,0.45,confidence 0.45,Smooth Scars & Wrinkles Without Surgery
2337341633736371,Fountain of Youth Skin Renewal Centre,cta_intent,lead_capture,learn_educate,0.5,runner-up learn_educate at 0.4,Smooth Scars & Wrinkles Without Surgery
2337341633736371,Fountain of Youth Skin Renewal Centre,driver,price_value,trust_safety,0.4,confidence 0.4; runner-up trust_safety at 0.35,Smooth Scars & Wrinkles Without Surgery
2337341633736371,Fountain of Youth Skin Renewal Centre,funnel,mid_consideration,cold_prospecting,0.45,confidence 0.45; runner-up cold_prospecting at 0.4,Smooth Scars & Wrinkles Without Surgery
2337341633736371,Fountain of Youth Skin Renewal Centre,indication,acne_scarring,fine_lines_wrinkles,0.4,confidence 0.4; runner-up fine_lines_wrinkles at 0.4,Smooth Scars & Wrinkles Without Surgery
2337341633736371,Fountain of Youth Skin Renewal Centre,claim_risk,yes,,0.65,"regulated category: 'Effective for All Skin Types' / 'ensuring safe' blanket safety claim; 'Smooth Scars & Wrinkles' by a non-physician skin centre, no disclaimer",Smooth Scars & Wrinkles Without Surgery
1112258767802253,The Skin Clinic Aesthetics + Wellness,funnel,bottom_retargeting,cold_prospecting,0.5,runner-up cold_prospecting at 0.4,50% Off Exion + Free Consult
1112258767802253,The Skin Clinic Aesthetics + Wellness,claim_risk,unclear,,0.5,regulated category: 'Proven + Cleared by the FDA' implies FDA-proven efficacy; thin text,50% Off Exion + Free Consult
1752216055899112,PryorHealth Rockford,hook_archetype,bold_claim,flat_spec,0.45,confidence 0.45,"Your Skin, In Focus This Fall"
1752216055899112,PryorHealth Rockford,driver,price_value,transformation,0.5,runner-up transformation at 0.4,"Your Skin, In Focus This Fall"
1752216055899112,PryorHealth Rockford,funnel,mid_consideration,bottom_retargeting,0.45,confidence 0.45; runner-up bottom_retargeting at 0.4,"Your Skin, In Focus This Fall"
4275927639217722,PryorHealth Rockford,driver,price_value,status_identity,0.45,confidence 0.45,Save on RF Mcroneedling!
4275927639217722,PryorHealth Rockford,funnel,mid_consideration,bottom_retargeting,0.45,confidence 0.45; runner-up bottom_retargeting at 0.4,Save on RF Mcroneedling!
4275927639217722,PryorHealth Rockford,indication,fine_lines_wrinkles,texture_pores,0.4,confidence 0.4; runner-up texture_pores at 0.4,Save on RF Mcroneedling!
1611403900325687,Aesthetics by VIP,claim_risk,yes,,0.85,"regulated category: 'reverse signs of aging'; 'without the needles or downtime' for a microneedling device (downtime denied, misleading); 'regenerates your skin' by an aesthetics practice, no disclaimer",50% OFF Voucher + Free Skin Consult
1933818667315449,Carolyn Skincare MedSpa,offer,event_flash_sale,first_treatment_price,0.45,confidence 0.45,Turkey Neck Rescue ✨ Now $550
1933818667315449,Carolyn Skincare MedSpa,driver,price_value,transformation,0.5,runner-up transformation at 0.4,Turkey Neck Rescue ✨ Now $550
1933818667315449,Carolyn Skincare MedSpa,funnel,cold_prospecting,bottom_retargeting,0.5,runner-up bottom_retargeting at 0.4,Turkey Neck Rescue ✨ Now $550
1015137478238258,Carolyn Skincare MedSpa,offer,event_flash_sale,first_treatment_price,0.45,confidence 0.45,Turkey Neck Rescue ✨ Now $550
1015137478238258,Carolyn Skincare MedSpa,driver,price_value,transformation,0.5,runner-up transformation at 0.4,Turkey Neck Rescue ✨ Now $550
1015137478238258,Carolyn Skincare MedSpa,funnel,cold_prospecting,bottom_retargeting,0.5,runner-up bottom_retargeting at 0.4,Turkey Neck Rescue ✨ Now $550
1342809734635727,Aesthetics by White MD,claim_risk,unclear,,0.5,"regulated category: 'Proven + Cleared by the FDA' implies FDA-proven efficacy; 'Experience The Results!' no disclaimer; thin text, physician advertiser",Experience Exion RF. Experience The Results!
629285483265121,Aesthetics by NWA Lasers,claim_risk,unclear,no,0.5,runner-up no at 0.4,50% OFF Voucher + Free Consult
629285483265121,Aesthetics by NWA Lasers,claim_risk,unclear,,0.5,regulated category: 'Proven + Cleared by the FDA' — 'proven' is unsubstantiated; 50% off voucher framing for a medical device,50% OFF Voucher + Free Consult
682902780905652,Aesthetics by NWA Lasers,claim_risk,unclear,no,0.5,runner-up no at 0.4,"Finally... a Microneedling procedure that's Proven + Cleared by the FDA... ""VIVACE"" is a M"
682902780905652,Aesthetics by NWA Lasers,claim_risk,unclear,,0.5,regulated category: 'Proven + Cleared by the FDA' — 'proven' is unsubstantiated; 50% off voucher framing for a medical device,"Finally... a Microneedling procedure that's Proven + Cleared by the FDA... ""VIVACE"" is a M"
2016186132361152,IONA Clinic,indication,laxity_tightening,pigmentation_sun_damage,0.5,runner-up pigmentation_sun_damage at 0.4,"𝐂𝐲𝐧𝐨𝐆𝐥𝐨𝐰
The Best in Skin Transformation
铂金蜂巢皮秒+黄金微针

🤍Thank you for your trust and suppor"
2016186132361152,IONA Clinic,proof_asset,none,patient_testimonial,0.5,runner-up patient_testimonial at 0.4,"𝐂𝐲𝐧𝐨𝐆𝐥𝐨𝐰
The Best in Skin Transformation
铂金蜂巢皮秒+黄金微针

🤍Thank you for your trust and suppor"
2016186132361152,IONA Clinic,claim_risk,yes,,0.8,"regulated category: 'The Best in Skin Transformation'; 'world's first'; 'effectively targeting melasma'; 'no downtime'; 'Less pain, maximum results' — unhedged results/superiority claims","𝐂𝐲𝐧𝐨𝐆𝐥𝐨𝐰
The Best in Skin Transformation
铂金蜂巢皮秒+黄金微针

🤍Thank you for your trust and suppor"
28603004059335890,IONA Clinic,hook_archetype,problem_callout,flat_spec,0.5,runner-up flat_spec at 0.4,"👉 Save this post for your next trip to Bangkok, or send us a DM to discover your personali"
28603004059335890,IONA Clinic,format,testimonial_ugc,educational_howto,0.45,confidence 0.45; runner-up educational_howto at 0.4,"👉 Save this post for your next trip to Bangkok, or send us a DM to discover your personali"
28603004059335890,IONA Clinic,driver,trust_safety,fear_loss,0.5,runner-up fear_loss at 0.45,"👉 Save this post for your next trip to Bangkok, or send us a DM to discover your personali"
28603004059335890,IONA Clinic,proof_asset,patient_testimonial,none,0.5,runner-up none at 0.4,"👉 Save this post for your next trip to Bangkok, or send us a DM to discover your personali"
28603004059335890,IONA Clinic,claim_risk,yes,,0.55,regulated category: 'Rejuran (Salmon DNA) for cellular repair' (unsupported mechanism claim); 'exclusive techniques available only at IONA Clinic'; copy truncated,"👉 Save this post for your next trip to Bangkok, or send us a DM to discover your personali"
1520229469869069,Lumiere Laser Skin Clinic,claim_risk,yes,,0.7,regulated category: 'Goodbye Acne Scars' (elimination language); 'Safe and minimal downtime',Restore Your Natural Glow
1625506202329886,Athena Cryo,format,before_after_showcase,testimonial_ugc,0.5,runner-up testimonial_ugc at 0.4,Athena Cryo
1625506202329886,Athena Cryo,claim_risk,yes,,0.7,"regulated category: 'Real results, real people' results language with no disclaimer; 'Turn Back Your Skin's Clock' (reverse-aging) from a non-physician cryo studio",Athena Cryo
1569201484673628,Athena Cryo,cta_intent,lead_capture,book_appointment,0.5,runner-up book_appointment at 0.45,Athena Cryo
1569201484673628,Athena Cryo,claim_risk,yes,,0.75,"regulated category: 'one of the most powerful treatments'; 'Smooth wrinkles'; 'Turn Back Your Skin's Clock'; 'What if your skin could repair itself?'; 'Real results' with no disclaimer, non-physician studio",Athena Cryo
1303123238279738,Bridgestone,hook_archetype,flat_spec,bold_claim,0.4,confidence 0.4; runner-up bold_claim at 0.35,Potenza Sport AS
1303123238279738,Bridgestone,format,lifestyle_aspiration,product_announcement,0.4,confidence 0.4; runner-up product_announcement at 0.35,Potenza Sport AS
1303123238279738,Bridgestone,awareness_stage,unaware,,0.4,confidence 0.4,Potenza Sport AS
1303123238279738,Bridgestone,driver,status_identity,lifestyle_aspiration,0.3,confidence 0.3; runner-up lifestyle_aspiration at 0.3,Potenza Sport AS
1049934468043672,Renovio,hook_archetype,bold_claim,flat_spec,0.4,confidence 0.4,Renovio – l’app n. 1 per il design della casa con AI
1049934468043672,Renovio,format,product_announcement,lifestyle_aspiration,0.4,confidence 0.4,Renovio – l’app n. 1 per il design della casa con AI
1049934468043672,Renovio,awareness_stage,unaware,,0.4,confidence 0.4,Renovio – l’app n. 1 per il design della casa con AI
1049934468043672,Renovio,driver,convenience_time,transformation,0.4,confidence 0.4,Renovio – l’app n. 1 per il design della casa con AI
999246872711525,LT Beauty,funnel,bottom_retargeting,cold_prospecting,0.5,runner-up cold_prospecting at 0.45,{{product.name}}
999246872711525,LT Beauty,indication,pigmentation_sun_damage,general_glow,0.45,confidence 0.45; runner-up general_glow at 0.4,{{product.name}}
999246872711525,LT Beauty,claim_risk,unclear,no,0.5,runner-up no at 0.4,{{product.name}}
999246872711525,LT Beauty,claim_risk,unclear,,0.5,"regulated category: 'Clearer, brighter skin is one treatment away!' implies single-session result; templated {{product}} fields",{{product.name}}
4064472613857497,Center for Plastic Surgery,driver,price_value,transformation,0.5,runner-up transformation at 0.45,Non-Surgical Facelift ($549) 👉
4064472613857497,Center for Plastic Surgery,funnel,cold_prospecting,bottom_retargeting,0.5,runner-up bottom_retargeting at 0.45,Non-Surgical Facelift ($549) 👉
4064472613857497,Center for Plastic Surgery,proof_asset,patient_testimonial,none,0.45,confidence 0.45; runner-up none at 0.45,Non-Surgical Facelift ($549) 👉
4064472613857497,Center for Plastic Surgery,claim_risk,yes,,0.85,"regulated category: 'Non-Surgical Facelift' (surgical-equivalence claim); 'Lift & tighten sagging skin', 'Smooth fine lines & wrinkles' unhedged; '$800' price anchor",Non-Surgical Facelift ($549) 👉
1077889347938682,New Image Med Spa,hook_archetype,direct_offer,question,0.5,runner-up question at 0.4,Non-Surgical Facelift - Now Just $399!🔥
1077889347938682,New Image Med Spa,offer,event_flash_sale,package_bundle,0.45,confidence 0.45; runner-up package_bundle at 0.4,Non-Surgical Facelift - Now Just $399!🔥
1077889347938682,New Image Med Spa,funnel,bottom_retargeting,cold_prospecting,0.5,runner-up cold_prospecting at 0.45,Non-Surgical Facelift - Now Just $399!🔥
1077889347938682,New Image Med Spa,claim_risk,yes,,0.7,"regulated category: 'Non-Surgical Facelift' surgical-equivalence claim by a med spa; body otherwise hedged ('appearance', 'may be perfect for you')",Non-Surgical Facelift - Now Just $399!🔥
1337197908034399,Germain Dermatology,format,product_announcement,problem_solution,0.45,confidence 0.45; runner-up problem_solution at 0.4,{{product.name}}
1337197908034399,Germain Dermatology,cta_intent,book_appointment,learn_educate,0.5,runner-up learn_educate at 0.45,{{product.name}}
1337197908034399,Germain Dermatology,funnel,mid_consideration,cold_prospecting,0.5,runner-up cold_prospecting at 0.45,{{product.name}}
1041591221663622,Germain Dermatology,format,problem_solution,product_announcement,0.5,runner-up product_announcement at 0.4,{{product.name}}
1041591221663622,Germain Dermatology,funnel,mid_consideration,cold_prospecting,0.5,runner-up cold_prospecting at 0.45,{{product.name}}
944286001976977,Wellness Center Cleveland,hook_archetype,question,bold_claim,0.5,runner-up bold_claim at 0.45,{{product.name}}
944286001976977,Wellness Center Cleveland,format,problem_solution,catalog_generic,0.45,confidence 0.45,{{product.name}}
944286001976977,Wellness Center Cleveland,cta_intent,book_appointment,learn_educate,0.5,runner-up learn_educate at 0.45,{{product.name}}
944286001976977,Wellness Center Cleveland,claim_risk,yes,,0.6,regulated category: 'A facelift… without surgery?' / 'Natural Lift. No Surgery.' — facelift-equivalence claim by a wellness center; 'little to no downtime',{{product.name}}
1946235549412824,Wellness Center Cleveland,hook_archetype,question,bold_claim,0.5,runner-up bold_claim at 0.45,{{product.name}}
1946235549412824,Wellness Center Cleveland,format,problem_solution,catalog_generic,0.45,confidence 0.45,{{product.name}}
1946235549412824,Wellness Center Cleveland,claim_risk,yes,,0.6,regulated category: 'A facelift… without surgery?' / 'Natural Lift. No Surgery.' — facelift-equivalence claim by a wellness center; 'little to no downtime',{{product.name}}
915437844965604,Dra. Miriam Fernandez medicina estetica,format,provider_authority,product_announcement,0.45,confidence 0.45,Agenda valoración Ciudad Juárez 📍
915437844965604,Dra. Miriam Fernandez medicina estetica,driver,trust_safety,price_value,0.45,confidence 0.45; runner-up price_value at 0.4,Agenda valoración Ciudad Juárez 📍
915437844965604,Dra. Miriam Fernandez medicina estetica,claim_risk,yes,,0.65,regulated category: 'aprobado por la FDA' (FDA 'approved' for a cleared device); 'Obtén los mismos resultados que esperas en EE. UU.' (results assurance),Agenda valoración Ciudad Juárez 📍
27875043282165275,Dra. Miriam Fernandez medicina estetica,format,educational_howto,problem_solution,0.5,runner-up problem_solution at 0.45,Agenda valoración Ciudad Juárez 📍
27875043282165275,Dra. Miriam Fernandez medicina estetica,driver,trust_safety,downtime_avoidance,0.45,confidence 0.45,Agenda valoración Ciudad Juárez 📍
1325156866209332,Integrated Aesthetics,hook_archetype,question,bold_claim,0.5,runner-up bold_claim at 0.4,Tighter and Beautiful Skin With no Surgery Required
1325156866209332,Integrated Aesthetics,driver,transformation,downtime_avoidance,0.5,runner-up downtime_avoidance at 0.45,Tighter and Beautiful Skin With no Surgery Required
1325156866209332,Integrated Aesthetics,downtime_handling,downtime_denied,downtime_minimized,0.5,runner-up downtime_minimized at 0.5,Tighter and Beautiful Skin With no Surgery Required
1325156866209332,Integrated Aesthetics,claim_risk,yes,,0.6,"regulated category: 'naturally lift and tighten the skin', 'reduce fine lines' unhedged; 'get your dream skin'; 'without surgery or downtime' — med spa",Tighter and Beautiful Skin With no Surgery Required
2495040617628689,Integrated Aesthetics,hook_archetype,social_proof,curiosity_tease,0.45,confidence 0.45,"""I shaved my face for the first time in 15 years.""

That is what skin tightening without s"
2495040617628689,Integrated Aesthetics,funnel,mid_consideration,cold_prospecting,0.5,runner-up cold_prospecting at 0.45,"""I shaved my face for the first time in 15 years.""

That is what skin tightening without s"
2495040617628689,Integrated Aesthetics,claim_risk,yes,,0.6,regulated category: 'ZERO downtime'; 'lifts and firms from the inside out' unhedged; testimonial result with no 'results may vary' disclaimer,"""I shaved my face for the first time in 15 years.""

That is what skin tightening without s"
2975159692818709,Integrated Aesthetics,format,educational_howto,problem_solution,0.45,confidence 0.45; runner-up problem_solution at 0.4,Book Your Consult
2975159692818709,Integrated Aesthetics,driver,downtime_avoidance,trust_safety,0.4,confidence 0.4; runner-up trust_safety at 0.35,Book Your Consult
2975159692818709,Integrated Aesthetics,claim_risk,unclear,yes,0.5,runner-up yes at 0.4,Book Your Consult
2975159692818709,Integrated Aesthetics,claim_risk,unclear,,0.5,regulated category: 'ZERO downtime' absolute; implicitly rebuts pain/recovery/longevity objections without qualification,Book Your Consult
1028308166655753,Integrated Aesthetics,format,problem_solution,educational_howto,0.4,confidence 0.4; runner-up educational_howto at 0.35,"Tighter skin, no surgery, no downtime.

Ultherapy plus Sofwave work at two different depth"
1028308166655753,Integrated Aesthetics,funnel,bottom_retargeting,cold_prospecting,0.45,confidence 0.45; runner-up cold_prospecting at 0.4,"Tighter skin, no surgery, no downtime.

Ultherapy plus Sofwave work at two different depth"
1028308166655753,Integrated Aesthetics,claim_risk,yes,unclear,0.5,runner-up unclear at 0.45,"Tighter skin, no surgery, no downtime.

Ultherapy plus Sofwave work at two different depth"
1028308166655753,Integrated Aesthetics,claim_risk,yes,,0.5,regulated category: 'no downtime' absolute; 'rebuild collagen and lift the skin naturally' unhedged; med spa,"Tighter skin, no surgery, no downtime.

Ultherapy plus Sofwave work at two different depth"
1622160892864977,Colorado Integrative Healthcare,funnel,cold_prospecting,bottom_retargeting,0.5,runner-up bottom_retargeting at 0.45,Advanced Skin Tightening With Sofwave✨🔬30% OFF LIMITED OFFER
1622160892864977,Colorado Integrative Healthcare,proof_asset,none,patient_testimonial,0.5,runner-up patient_testimonial at 0.4,Advanced Skin Tightening With Sofwave✨🔬30% OFF LIMITED OFFER
1622160892864977,Colorado Integrative Healthcare,claim_risk,unclear,yes,0.5,runner-up yes at 0.45,Advanced Skin Tightening With Sofwave✨🔬30% OFF LIMITED OFFER
1622160892864977,Colorado Integrative Healthcare,claim_risk,unclear,,0.5,regulated category: 'Sofwave targets the cause' (unsupported mechanism claim); 'Loose Skin? Sagging Jawline?' — body otherwise hedged ('helps improve'),Advanced Skin Tightening With Sofwave✨🔬30% OFF LIMITED OFFER
2011763166141919,Colorado Integrative Healthcare,funnel,cold_prospecting,bottom_retargeting,0.5,runner-up bottom_retargeting at 0.45,Colorado Integrative Healthcare
2011763166141919,Colorado Integrative Healthcare,proof_asset,none,patient_testimonial,0.5,runner-up patient_testimonial at 0.4,Colorado Integrative Healthcare
2011763166141919,Colorado Integrative Healthcare,claim_risk,unclear,yes,0.5,runner-up yes at 0.45,Colorado Integrative Healthcare
2011763166141919,Colorado Integrative Healthcare,claim_risk,unclear,,0.5,regulated category: 'Sofwave targets the cause' (unsupported mechanism claim); 'Loose Skin? Sagging Jawline?' — body otherwise hedged ('helps improve'),Colorado Integrative Healthcare
1218881736880101,Advanced Skin and Body Solutions,funnel,bottom_retargeting,cold_prospecting,0.5,runner-up cold_prospecting at 0.45,{{product.name}}
1218881736880101,Advanced Skin and Body Solutions,claim_risk,yes,,0.6,"regulated category: 'age-defying results'; 'Treat wrinkles with ultrasound' unhedged, no disclaimer; templated {{product}} fields",{{product.name}}
2523539688164458,Radiant Lab Medical Aesthetics,funnel,bottom_retargeting,cold_prospecting,0.5,runner-up cold_prospecting at 0.45,Sofwave™ Special Offer
2523539688164458,Radiant Lab Medical Aesthetics,proof_asset,stat_or_study,none,0.5,runner-up none at 0.45,Sofwave™ Special Offer
1587236312946862,Radiant Lab Medical Aesthetics,funnel,bottom_retargeting,cold_prospecting,0.5,runner-up cold_prospecting at 0.45,Sofwave™ Special Offer
1587236312946862,Radiant Lab Medical Aesthetics,proof_asset,stat_or_study,none,0.5,runner-up none at 0.45,Sofwave™ Special Offer
1030329902964331,Radiant Lab Medical Aesthetics,funnel,bottom_retargeting,cold_prospecting,0.5,runner-up cold_prospecting at 0.45,Sofwave™ Special Offer
1030329902964331,Radiant Lab Medical Aesthetics,claim_risk,unclear,no,0.5,runner-up no at 0.4,Sofwave™ Special Offer
1030329902964331,Radiant Lab Medical Aesthetics,claim_risk,unclear,,0.5,"regulated category: 'A celebrity favorite for a reason' unverifiable; 'without surgery, injectables, or downtime'; copy truncated before any disclaimer",Sofwave™ Special Offer
1107225958423882,Walnut Creek Aesthetics,format,product_announcement,offer_promo,0.5,runner-up offer_promo at 0.4,Non-Surgical Skin Tightening
1107225958423882,Walnut Creek Aesthetics,offer,dollar_off,first_treatment_price,0.5,runner-up first_treatment_price at 0.45,Non-Surgical Skin Tightening
1107225958423882,Walnut Creek Aesthetics,driver,transformation,price_value,0.45,confidence 0.45; runner-up price_value at 0.4,Non-Surgical Skin Tightening
1107225958423882,Walnut Creek Aesthetics,funnel,mid_consideration,bottom_retargeting,0.45,confidence 0.45; runner-up bottom_retargeting at 0.4,Non-Surgical Skin Tightening
1107225958423882,Walnut Creek Aesthetics,proof_asset,stat_or_study,none,0.5,runner-up none at 0.45,Non-Surgical Skin Tightening
1107225958423882,Walnut Creek Aesthetics,claim_risk,yes,,0.55,"regulated category: 'No downtime, no surgery' absolute; 'clinically-backed' unsupported; body partly hedged ('designed to')",Non-Surgical Skin Tightening
1452490153360998,Walnut Creek Aesthetics,hook_archetype,bold_claim,direct_offer,0.5,runner-up direct_offer at 0.45,Save $500 on Sofwave
1452490153360998,Walnut Creek Aesthetics,offer,dollar_off,first_treatment_price,0.5,runner-up first_treatment_price at 0.45,Save $500 on Sofwave
1452490153360998,Walnut Creek Aesthetics,driver,trust_safety,price_value,0.45,confidence 0.45; runner-up price_value at 0.4,Save $500 on Sofwave
1452490153360998,Walnut Creek Aesthetics,funnel,bottom_retargeting,mid_consideration,0.5,runner-up mid_consideration at 0.4,Save $500 on Sofwave
1452490153360998,Walnut Creek Aesthetics,proof_asset,patient_testimonial,none,0.5,runner-up none at 0.45,Save $500 on Sofwave
1452490153360998,Walnut Creek Aesthetics,claim_risk,yes,,0.8,"regulated category: 'No needles, no pain, no downtime' (painless / absolute no-downtime); 'patients have been loving their results' with no disclaimer",Save $500 on Sofwave
1442326407715309,DermaTouch RN,funnel,bottom_retargeting,cold_prospecting,0.5,runner-up cold_prospecting at 0.45,20% Off Sofwave® Non-Surgical Skin Tightening 😎
1618594100054710,DermaTouch RN,funnel,bottom_retargeting,cold_prospecting,0.5,runner-up cold_prospecting at 0.45,20% Off Sofwave® Non-Surgical Skin Tightening 😎
1618545256523759,DermaTouch RN,funnel,bottom_retargeting,cold_prospecting,0.5,runner-up cold_prospecting at 0.45,20% Off Sofwave® Non-Surgical Skin Tightening 😎
1072841745471316,DermaTouch RN,funnel,bottom_retargeting,cold_prospecting,0.5,runner-up cold_prospecting at 0.45,20% Off Sofwave® Non-Surgical Skin Tightening 😎
2154868492095169,Linly Medspa and Wellness,hook_archetype,flat_spec,problem_callout,0.45,confidence 0.45,Stimulate Collagen. Refresh Your Skin.
2154868492095169,Linly Medspa and Wellness,format,problem_solution,product_announcement,0.5,runner-up product_announcement at 0.4,Stimulate Collagen. Refresh Your Skin.
2154868492095169,Linly Medspa and Wellness,driver,transformation,trust_safety,0.45,confidence 0.45,Stimulate Collagen. Refresh Your Skin.
1084438404522330,Linly Medspa and Wellness,format,problem_solution,product_announcement,0.5,runner-up product_announcement at 0.4,Lift & Tighten Without Surgery
1108986942078762,muse_medspa,offer,gift_with_treatment,package_bundle,0.45,confidence 0.45; runner-up package_bundle at 0.4,"🚨 OUR BIGGEST SOFWAVE EVENT EVER 🚨

For a limited time at MUSE:

✨ SOFWAVE — BUY ONE, GET "
1108986942078762,muse_medspa,claim_risk,unclear,no,0.5,runner-up no at 0.45,"🚨 OUR BIGGEST SOFWAVE EVENT EVER 🚨

For a limited time at MUSE:

✨ SOFWAVE — BUY ONE, GET "
1108986942078762,muse_medspa,claim_risk,unclear,,0.5,regulated category: 'Top Leading Sofwave Provider in the Pacific Northwest' unverified superiority; 'certified team you can trust'; price withheld,"🚨 OUR BIGGEST SOFWAVE EVENT EVER 🚨

For a limited time at MUSE:

✨ SOFWAVE — BUY ONE, GET "
2100752754137175,muse_medspa,driver,status_identity,social_proof,0.45,confidence 0.45,"🇰🇷 Why fly to Korea when Korea comes to Seattle?

At Muse MedSpa, we bring the latest Kore"
2100752754137175,muse_medspa,indication,laxity_tightening,general_glow,0.45,confidence 0.45; runner-up general_glow at 0.4,"🇰🇷 Why fly to Korea when Korea comes to Seattle?

At Muse MedSpa, we bring the latest Kore"
1061672946570488,TREAT Medspa,driver,transformation,downtime_avoidance,0.5,runner-up downtime_avoidance at 0.4,"A Sofwave every 365 days keeps the facelift surgery away.

Sofwave is our go-to treatment "
1061672946570488,TREAT Medspa,funnel,mid_consideration,cold_prospecting,0.5,runner-up cold_prospecting at 0.45,"A Sofwave every 365 days keeps the facelift surgery away.

Sofwave is our go-to treatment "
1061672946570488,TREAT Medspa,claim_risk,yes,,0.75,regulated category: 'keeps the facelift surgery away' (surgery-substitute claim); 'No downtime' absolute; 'can last up to a year or longer'; results with no disclaimer,"A Sofwave every 365 days keeps the facelift surgery away.

Sofwave is our go-to treatment "
1844522976542361,TREAT Medspa,offer,free_consult,no_offer,0.5,runner-up no_offer at 0.45,"TREAT was just named a Top 15% Sofwave provider nationally… Hallelujah. 

If you’ve been l"
1844522976542361,TREAT Medspa,driver,social_proof,trust_safety,0.5,runner-up trust_safety at 0.4,"TREAT was just named a Top 15% Sofwave provider nationally… Hallelujah. 

If you’ve been l"
1844522976542361,TREAT Medspa,funnel,mid_consideration,cold_prospecting,0.5,runner-up cold_prospecting at 0.45,"TREAT was just named a Top 15% Sofwave provider nationally… Hallelujah. 

If you’ve been l"
1844522976542361,TREAT Medspa,claim_risk,yes,,0.6,regulated category: 'a treatment that actually lifts and tightens'; 'No downtime'; 'Results starting in as little as 4 to 6 weeks' with no disclaimer,"TREAT was just named a Top 15% Sofwave provider nationally… Hallelujah. 

If you’ve been l"
1066195829370906,TREAT Medspa,hook_archetype,before_after_reveal,curiosity_tease,0.45,confidence 0.45; runner-up curiosity_tease at 0.4,"I can’t wait to share my full before and after once my results are fully in, but my skin i"
1066195829370906,TREAT Medspa,funnel,mid_consideration,cold_prospecting,0.45,confidence 0.45; runner-up cold_prospecting at 0.4,"I can’t wait to share my full before and after once my results are fully in, but my skin i"
1066195829370906,TREAT Medspa,claim_risk,yes,,0.55,regulated category: Influencer testimonial teasing 'full before and after' and 'results' with no disclaimer; paid-code promotion ('use my code HANNAH') not disclosed as partnership,"I can’t wait to share my full before and after once my results are fully in, but my skin i"
1739995427219366,TREAT Medspa,cta_intent,book_appointment,learn_educate,0.5,runner-up learn_educate at 0.45,Luxury Medspa in NoMad
1591230755689050,Epanouir Aesthetic & Longevity Center,format,problem_solution,offer_promo,0.5,runner-up offer_promo at 0.45,30% Off Sofwave In Carlsbad
1591230755689050,Epanouir Aesthetic & Longevity Center,cta_intent,lead_capture,free_consult,0.5,runner-up free_consult at 0.4,30% Off Sofwave In Carlsbad
1591230755689050,Epanouir Aesthetic & Longevity Center,driver,transformation,price_value,0.45,confidence 0.45; runner-up price_value at 0.4,30% Off Sofwave In Carlsbad
1591230755689050,Epanouir Aesthetic & Longevity Center,claim_risk,yes,,0.65,"regulated category: 'lifts the brow, tightens the jawline, and smooths the neck' unhedged; 'Zero Downtime'; 'Certified Sofwave Expertise'; results with no disclaimer",30% Off Sofwave In Carlsbad
1084717020806733,Epanouir Aesthetic & Longevity Center,format,provider_authority,catalog_generic,0.45,confidence 0.45; runner-up catalog_generic at 0.4,Restore Volume For 2+ Years
1084717020806733,Epanouir Aesthetic & Longevity Center,cta_intent,lead_capture,book_appointment,0.5,runner-up book_appointment at 0.45,Restore Volume For 2+ Years
1084717020806733,Epanouir Aesthetic & Longevity Center,driver,trust_safety,price_value,0.45,confidence 0.45; runner-up price_value at 0.4,Restore Volume For 2+ Years
1084717020806733,Epanouir Aesthetic & Longevity Center,indication,fine_lines_wrinkles,laxity_tightening,0.4,confidence 0.4; runner-up laxity_tightening at 0.4,Restore Volume For 2+ Years
1084717020806733,Epanouir Aesthetic & Longevity Center,proof_asset,stat_or_study,none,0.45,confidence 0.45; runner-up none at 0.45,Restore Volume For 2+ Years
1084717020806733,Epanouir Aesthetic & Longevity Center,claim_risk,yes,,0.6,"regulated category: 'Restore Volume For 2+ Years' — durability claim with no disclaimer; 'Featured in Vogue, Forbes, and Allure' unverified",Restore Volume For 2+ Years
1663113348503581,Lilivy Aesthetics & Wellness,funnel,bottom_retargeting,cold_prospecting,0.5,runner-up cold_prospecting at 0.45,SOFWAVE™ at Lilivy Aesthetics & Wellness
1663113348503581,Lilivy Aesthetics & Wellness,claim_risk,yes,,0.55,regulated category: 'See B&A on the website' results reference with no disclaimer; 'no post-care needed',SOFWAVE™ at Lilivy Aesthetics & Wellness
3065530163791450,Lilivy Aesthetics & Wellness,funnel,bottom_retargeting,cold_prospecting,0.5,runner-up cold_prospecting at 0.45,SOFWAVE™ at Lilivy Aesthetics & Wellness
3065530163791450,Lilivy Aesthetics & Wellness,claim_risk,yes,,0.75,regulated category: 'the latest clinically proven technology'; 'reducing fine lines and wrinkles!' unhedged; 'See B&A' with no disclaimer,SOFWAVE™ at Lilivy Aesthetics & Wellness
1555548225784514,The Hughes Center for Aesthetic Medicine,offer,gift_with_treatment,free_consult,0.5,runner-up free_consult at 0.4,SOFWAVE™ at The Hughes Center
1555548225784514,The Hughes Center for Aesthetic Medicine,funnel,bottom_retargeting,cold_prospecting,0.5,runner-up cold_prospecting at 0.45,SOFWAVE™ at The Hughes Center
1555548225784514,The Hughes Center for Aesthetic Medicine,claim_risk,yes,,0.55,"regulated category: 'breakthrough needle-free, wrinkle reduction technology' unhedged; 'See B&A on the website' with no disclaimer",SOFWAVE™ at The Hughes Center
1068550465890876,The Hughes Center for Aesthetic Medicine,offer,gift_with_treatment,free_consult,0.5,runner-up free_consult at 0.4,SOFWAVE™ at The Hughes Center
1068550465890876,The Hughes Center for Aesthetic Medicine,funnel,bottom_retargeting,cold_prospecting,0.5,runner-up cold_prospecting at 0.45,SOFWAVE™ at The Hughes Center
1068550465890876,The Hughes Center for Aesthetic Medicine,claim_risk,yes,,0.55,"regulated category: 'breakthrough needle-free, wrinkle reduction technology' unhedged; 'See B&A on the website' with no disclaimer",SOFWAVE™ at The Hughes Center
1618307179848607,The Hughes Center for Aesthetic Medicine,offer,gift_with_treatment,free_consult,0.5,runner-up free_consult at 0.4,SOFWAVE™ at The Hughes Center
1618307179848607,The Hughes Center for Aesthetic Medicine,funnel,bottom_retargeting,cold_prospecting,0.5,runner-up cold_prospecting at 0.45,SOFWAVE™ at The Hughes Center
1618307179848607,The Hughes Center for Aesthetic Medicine,claim_risk,yes,,0.55,"regulated category: 'breakthrough needle-free, wrinkle reduction technology' unhedged; 'See B&A on the website' with no disclaimer",SOFWAVE™ at The Hughes Center
4431237127132429,Inbloom Medical Spa Londonderry,hook_archetype,curiosity_tease,flat_spec,0.5,runner-up flat_spec at 0.4,What It Actually Looks Like
1811725083321003,Simply Divine Aesthetics,hook_archetype,direct_offer,problem_callout,0.5,runner-up problem_callout at 0.45,Eye Lift Treatment 👉NOW $299
1811725083321003,Simply Divine Aesthetics,claim_risk,yes,,0.85,"regulated category: 'Eye Lift Treatment' / 'Lift hooded or drooping upper eyelids' (surgical-equivalence, unsupported indication); 'Say goodbye to sagging' (elimination); 'Visible tightening and lifting with no surgery or downtime' — no disclaimer, med spa",Eye Lift Treatment 👉NOW $299
2233599100722887,Simply Divine Aesthetics,hook_archetype,direct_offer,problem_callout,0.5,runner-up problem_callout at 0.45,Eye Lift Treatment 👉NOW $299
2233599100722887,Simply Divine Aesthetics,claim_risk,yes,,0.85,"regulated category: 'Eye Lift Treatment' / 'Lift hooded or drooping upper eyelids' (surgical-equivalence, unsupported indication); 'Say goodbye to sagging' (elimination); 'Visible tightening and lifting with no surgery or downtime' — no disclaimer, med spa",Eye Lift Treatment 👉NOW $299
1080492788041077,"RejuvaYou Medical - John Shieh, MD",hook_archetype,direct_offer,flat_spec,0.45,confidence 0.45; runner-up flat_spec at 0.4,Lift & Glow  -  Save $895
1080492788041077,"RejuvaYou Medical - John Shieh, MD",offer,dollar_off,package_bundle,0.5,runner-up package_bundle at 0.45,Lift & Glow  -  Save $895
1080492788041077,"RejuvaYou Medical - John Shieh, MD",driver,price_value,transformation,0.5,runner-up transformation at 0.45,Lift & Glow  -  Save $895
1080492788041077,"RejuvaYou Medical - John Shieh, MD",funnel,bottom_retargeting,cold_prospecting,0.5,runner-up cold_prospecting at 0.4,Lift & Glow  -  Save $895
1080492788041077,"RejuvaYou Medical - John Shieh, MD",indication,general_glow,laxity_tightening,0.45,confidence 0.45; runner-up laxity_tightening at 0.45,Lift & Glow  -  Save $895
1195821935783749,GlowRight,format,testimonial_ugc,lifestyle_aspiration,0.5,runner-up lifestyle_aspiration at 0.4,“Never Thought I'd Love a Light This Much!” 💡
1195821935783749,GlowRight,awareness_stage,unaware,,0.4,confidence 0.4,“Never Thought I'd Love a Light This Much!” 💡
1195821935783749,GlowRight,driver,lifestyle_aspiration,social_proof,0.4,confidence 0.4; runner-up social_proof at 0.35,“Never Thought I'd Love a Light This Much!” 💡
1555352362873491,Dermani Medspa Cool Springs,funnel,bottom_retargeting,cold_prospecting,0.5,runner-up cold_prospecting at 0.45,$69 Skin Rejuvenation New Client Offer
867053363124546,AURĀE MedSpa,format,offer_promo,product_announcement,0.45,confidence 0.45,"RSVP - Drinks, Demos & $200 Beauty Pass 🎉"
867053363124546,AURĀE MedSpa,offer,event_flash_sale,gift_with_treatment,0.5,runner-up gift_with_treatment at 0.45,"RSVP - Drinks, Demos & $200 Beauty Pass 🎉"
867053363124546,AURĀE MedSpa,awareness_stage,product_aware,problem_aware,0.5,runner-up problem_aware at 0.4,"RSVP - Drinks, Demos & $200 Beauty Pass 🎉"
867053363124546,AURĀE MedSpa,driver,price_value,trust_safety,0.4,confidence 0.4; runner-up trust_safety at 0.35,"RSVP - Drinks, Demos & $200 Beauty Pass 🎉"
867053363124546,AURĀE MedSpa,indication,pigmentation_sun_damage,fine_lines_wrinkles,0.35,confidence 0.35; runner-up fine_lines_wrinkles at 0.3,"RSVP - Drinks, Demos & $200 Beauty Pass 🎉"
867053363124546,AURĀE MedSpa,claim_risk,no,unclear,0.5,runner-up unclear at 0.45,"RSVP - Drinks, Demos & $200 Beauty Pass 🎉"
7674673979471751,New Hope Aesthetics - Skin Rejuvenation,offer,dollar_off,first_treatment_price,0.45,confidence 0.45,Non Surgical Under Eye Rejuvenation - ONLY $299!🔥
7674673979471751,New Hope Aesthetics - Skin Rejuvenation,funnel,bottom_retargeting,cold_prospecting,0.5,runner-up cold_prospecting at 0.45,Non Surgical Under Eye Rejuvenation - ONLY $299!🔥
7674673979471751,New Hope Aesthetics - Skin Rejuvenation,claim_risk,yes,,0.6,regulated category: 'NON-SURGICAL UNDER-EYE LIFT' (surgical-equivalence claim); 'Reg. $600' price anchor; body otherwise hedged ('helps improve the appearance'),Non Surgical Under Eye Rejuvenation - ONLY $299!🔥
1013098045115207,Gemini Glow Med Spa,format,comparison_switch,offer_promo,0.4,confidence 0.4; runner-up offer_promo at 0.4,✨ Eyes Just $297 !
1013098045115207,Gemini Glow Med Spa,funnel,cold_prospecting,bottom_retargeting,0.5,runner-up bottom_retargeting at 0.45,✨ Eyes Just $297 !
1013098045115207,Gemini Glow Med Spa,claim_risk,yes,,0.9,"regulated category: 'Turn back the clock and this time, keep it there' (permanence); 'removing years of damage'; 'tells your skin to regenerate itself'; 'rebuilds itself firmer, smoother and brighter' — no disclaimer, med spa (FNP-C)",✨ Eyes Just $297 !
1452721953430110,Gemini Glow Med Spa,format,comparison_switch,offer_promo,0.4,confidence 0.4; runner-up offer_promo at 0.4,✨ Full Face Just $497 !
1452721953430110,Gemini Glow Med Spa,funnel,cold_prospecting,bottom_retargeting,0.5,runner-up bottom_retargeting at 0.45,✨ Full Face Just $497 !
1452721953430110,Gemini Glow Med Spa,claim_risk,yes,,0.9,"regulated category: 'Turn back the clock and this time, keep it there' (permanence); 'removing years of damage'; 'tells your skin to regenerate itself'; 'rebuilds itself firmer, smoother and brighter' — no disclaimer, med spa (FNP-C)",✨ Full Face Just $497 !
1712752119935310,VitaCell Medical Spa,hook_archetype,flat_spec,social_proof,0.45,confidence 0.45; runner-up social_proof at 0.4,CoolPeel CO2 - Winter Park
1712752119935310,VitaCell Medical Spa,format,product_announcement,educational_howto,0.45,confidence 0.45,CoolPeel CO2 - Winter Park
1712752119935310,VitaCell Medical Spa,cta_intent,book_appointment,learn_educate,0.5,runner-up learn_educate at 0.45,CoolPeel CO2 - Winter Park
1712752119935310,VitaCell Medical Spa,driver,transformation,social_proof,0.45,confidence 0.45,CoolPeel CO2 - Winter Park
1712752119935310,VitaCell Medical Spa,indication,texture_pores,fine_lines_wrinkles,0.35,confidence 0.35; runner-up fine_lines_wrinkles at 0.3,CoolPeel CO2 - Winter Park
1692150458533778,VitaCell Medical Spa,hook_archetype,flat_spec,social_proof,0.45,confidence 0.45; runner-up social_proof at 0.4,CoolPeel CO2 - Winter Park
1692150458533778,VitaCell Medical Spa,format,product_announcement,educational_howto,0.45,confidence 0.45,CoolPeel CO2 - Winter Park
1692150458533778,VitaCell Medical Spa,cta_intent,book_appointment,learn_educate,0.5,runner-up learn_educate at 0.45,CoolPeel CO2 - Winter Park
1692150458533778,VitaCell Medical Spa,driver,transformation,social_proof,0.45,confidence 0.45,CoolPeel CO2 - Winter Park
1692150458533778,VitaCell Medical Spa,indication,texture_pores,fine_lines_wrinkles,0.35,confidence 0.35; runner-up fine_lines_wrinkles at 0.3,CoolPeel CO2 - Winter Park
2067116530839481,Zior Skin,funnel,mid_consideration,cold_prospecting,0.5,runner-up cold_prospecting at 0.45,instagram.com
2067116530839481,Zior Skin,indication,texture_pores,fine_lines_wrinkles,0.35,confidence 0.35; runner-up fine_lines_wrinkles at 0.35,instagram.com
2067116530839481,Zior Skin,claim_risk,yes,,0.6,regulated category: 'see the results for yourself' / 'Take a look at the transformation' — before/after results shown with no 'results may vary' disclaimer; body otherwise hedged,instagram.com
1110805938082692,Glow Medical Spa,hook_archetype,direct_offer,bold_claim,0.5,runner-up bold_claim at 0.4,Lifting Express de Cuello y Mandíbula👉 ¡Ahora solo $499!🚨
1110805938082692,Glow Medical Spa,offer,dollar_off,gift_with_treatment,0.5,runner-up gift_with_treatment at 0.4,Lifting Express de Cuello y Mandíbula👉 ¡Ahora solo $499!🚨
1110805938082692,Glow Medical Spa,claim_risk,yes,,0.75,regulated category: 'Lifting Facial Inferior Sin Cirugía' / 'non-surgical lower facelift' (surgical-equivalence claim); 'with no downtime'; 'our most popular' — body hedged ('mejorar la apariencia'),Lifting Express de Cuello y Mandíbula👉 ¡Ahora solo $499!🚨
2205775869988449,Glow Medical Spa,claim_risk,unclear,yes,0.5,runner-up yes at 0.4,Non Surgical Lower Facelift👉 Now Just $499!🚨
2205775869988449,Glow Medical Spa,claim_risk,unclear,,0.5,"regulated category: 'Non-Surgical Lower Facelift' / 'lifts, and rejuvenates' with 'no downtime' by a med spa; outcomes hedged as 'improve the appearance of'",Non Surgical Lower Facelift👉 Now Just $499!🚨
923198087506644,Skin Laundry,hook_archetype,bold_claim,curiosity_tease,0.45,confidence 0.45,Your Glow-Up Awaits
923198087506644,Skin Laundry,format,offer_promo,lifestyle_aspiration,0.5,runner-up lifestyle_aspiration at 0.4,Your Glow-Up Awaits
923198087506644,Skin Laundry,claim_risk,unclear,,0.5,"regulated category: 'we tackle acne, redness and more with laser precision' by a non-physician chain",Your Glow-Up Awaits
1591804232653380,Skin Laundry,format,offer_promo,problem_solution,0.45,confidence 0.45,Glowing Skin Starts Here
1591804232653380,Skin Laundry,driver,trust_safety,price_value,0.5,runner-up price_value at 0.4,Glowing Skin Starts Here
1591804232653380,Skin Laundry,claim_risk,yes,,0.85,"regulated category: 'safely and effectively treat melasma in all skin types and tones' (non-physician chain, medical outcome + safety claim)",Glowing Skin Starts Here
2301933473974537,Skin Laundry,indication,redness_rosacea,acne_scarring,0.45,confidence 0.45; runner-up acne_scarring at 0.4,First Laser Facial $50 ($275 Value)
2301933473974537,Skin Laundry,claim_risk,unclear,,0.5,"regulated category: 'we tackle acne, redness and more with laser precision' by a non-physician chain",First Laser Facial $50 ($275 Value)
1406962508055441,Skin Laundry,hook_archetype,question,curiosity_tease,0.4,confidence 0.4; runner-up curiosity_tease at 0.35,{{product.name}}
1406962508055441,Skin Laundry,format,catalog_generic,offer_promo,0.45,confidence 0.45; runner-up offer_promo at 0.4,{{product.name}}
1406962508055441,Skin Laundry,awareness_stage,solution_aware,product_aware,0.45,confidence 0.45,{{product.name}}
1406962508055441,Skin Laundry,driver,lifestyle_aspiration,price_value,0.4,confidence 0.4; runner-up price_value at 0.35,{{product.name}}
1406962508055441,Skin Laundry,claim_risk,unclear,no,0.5,runner-up no at 0.4,{{product.name}}
1406962508055441,Skin Laundry,claim_risk,unclear,,0.5,regulated category: templated {{product.*}} fields; visible copy thin,{{product.name}}
2034036787478958,Skin Laundry,hook_archetype,bold_claim,curiosity_tease,0.45,confidence 0.45,Your Glow-Up Awaits
2034036787478958,Skin Laundry,format,offer_promo,lifestyle_aspiration,0.5,runner-up lifestyle_aspiration at 0.4,Your Glow-Up Awaits
2034036787478958,Skin Laundry,claim_risk,unclear,,0.5,"regulated category: 'we tackle acne, redness and more with laser precision' by a non-physician chain",Your Glow-Up Awaits
1828262755018966,Skin Laundry,indication,redness_rosacea,acne_scarring,0.45,confidence 0.45; runner-up acne_scarring at 0.4,First Laser Facial $50 ($275 Value)
1828262755018966,Skin Laundry,claim_risk,unclear,,0.5,"regulated category: 'we tackle acne, redness and more with laser precision' by a non-physician chain",First Laser Facial $50 ($275 Value)
1358407425780643,Elaine Esthetics,format,lifestyle_aspiration,problem_solution,0.45,confidence 0.45,O cuidado que você merece está aqui!
1358407425780643,Elaine Esthetics,driver,status_identity,lifestyle_aspiration,0.45,confidence 0.45; runner-up lifestyle_aspiration at 0.4,O cuidado que você merece está aqui!
1358407425780643,Elaine Esthetics,claim_risk,yes,,0.6,regulated category: 'zero irritação' (no side-effects language); 'resultados consistentes'; 'pele impecável',O cuidado que você merece está aqui!
1369204905255959,Elaine Esthetics,funnel,mid_consideration,cold_prospecting,0.5,runner-up cold_prospecting at 0.45,O cuidado que você merece está aqui!
1869421757194602,Serenity Medical Spa,awareness_stage,unaware,solution_aware,0.45,confidence 0.45,¿Estás buscando una forma de realzar tu belleza? ¡Nuestro spa es el lugar perfecto para ti
1869421757194602,Serenity Medical Spa,claim_risk,yes,,0.7,regulated category: 'garantizar los mejores resultados' (guaranteed results),¿Estás buscando una forma de realzar tu belleza? ¡Nuestro spa es el lugar perfecto para ti
1586271945742413,Serenity Medical Spa,awareness_stage,unaware,solution_aware,0.45,confidence 0.45,Chatea con nosotros
1586271945742413,Serenity Medical Spa,claim_risk,yes,,0.7,regulated category: 'garantizar los mejores resultados' (guaranteed results),Chatea con nosotros
1089958053368501,Cleo Skin And Laser,funnel,bottom_retargeting,cold_prospecting,0.5,runner-up cold_prospecting at 0.45,Servicing Maple Grove & Edina
1089958053368501,Cleo Skin And Laser,claim_risk,unclear,yes,0.5,runner-up yes at 0.4,Servicing Maple Grove & Edina
1089958053368501,Cleo Skin And Laser,claim_risk,unclear,,0.5,"regulated category: 'Real Results, No Downtime' with no disclaimer",Servicing Maple Grove & Edina
3715398655281502,Cleo Skin And Laser,offer,no_offer,first_treatment_price,0.5,runner-up first_treatment_price at 0.4,Clear Acne + Fade Scars at CLEO
3715398655281502,Cleo Skin And Laser,downtime_handling,downtime_minimized,downtime_denied,0.5,runner-up downtime_denied at 0.45,Clear Acne + Fade Scars at CLEO
3715398655281502,Cleo Skin And Laser,claim_risk,yes,,0.65,"regulated category: 'Clear Acne + Fade Scars'; 'Reduces active breakouts and post-acne marks in the same treatment'; 'Leading laser facial provider'; 'no downtime' (non-physician, no disclaimer)",Clear Acne + Fade Scars at CLEO
1491491636334077,Cleo Skin And Laser,claim_risk,yes,,0.65,"regulated category: 'Clear Acne + Fade Scars'; 'Reduces active breakouts and post-acne marks in the same treatment' (non-physician, no disclaimer)",Clear Acne + Fade Scars at CLEO
965980545965677,Daela Cosmetic Tattoo,format,catalog_generic,lifestyle_aspiration,0.45,confidence 0.45,{{product.name}}
965980545965677,Daela Cosmetic Tattoo,funnel,cold_prospecting,bottom_retargeting,0.5,runner-up bottom_retargeting at 0.4,{{product.name}}
965980545965677,Daela Cosmetic Tattoo,claim_risk,yes,,0.7,"regulated category: 'Instantly smooth fine lines, fade acne scars'; 'lasting transformation'; 'Safe' (no disclaimer, non-physician)",{{product.name}}
4064599743869981,Willis Cosmetic Surgery & MedSpa,format,provider_authority,before_after_showcase,0.4,confidence 0.4; runner-up before_after_showcase at 0.35,"This laser is the gold standard for treating fine lines and wrinkles, and for overall skin"
4064599743869981,Willis Cosmetic Surgery & MedSpa,proof_asset,provider_on_camera,before_after_photo,0.5,runner-up before_after_photo at 0.45,"This laser is the gold standard for treating fine lines and wrinkles, and for overall skin"
4064599743869981,Willis Cosmetic Surgery & MedSpa,claim_risk,unclear,no,0.5,runner-up no at 0.4,"This laser is the gold standard for treating fine lines and wrinkles, and for overall skin"
4064599743869981,Willis Cosmetic Surgery & MedSpa,claim_risk,unclear,,0.5,regulated category: 'gold standard for treating fine lines and wrinkles'; before-and-afters promised without disclaimer,"This laser is the gold standard for treating fine lines and wrinkles, and for overall skin"
298211079390546,ST MED SPA,hook_archetype,direct_offer,curiosity_tease,0.5,runner-up curiosity_tease at 0.4,"Comment “Laser🚨” If you want to try this!

Skin Resurfacing facial - $400 (Take $100 off T"
298211079390546,ST MED SPA,format,offer_promo,educational_howto,0.5,runner-up educational_howto at 0.4,"Comment “Laser🚨” If you want to try this!

Skin Resurfacing facial - $400 (Take $100 off T"
298211079390546,ST MED SPA,funnel,bottom_retargeting,mid_consideration,0.45,confidence 0.45; runner-up mid_consideration at 0.4,"Comment “Laser🚨” If you want to try this!

Skin Resurfacing facial - $400 (Take $100 off T"
298211079390546,ST MED SPA,claim_risk,unclear,yes,0.5,runner-up yes at 0.4,"Comment “Laser🚨” If you want to try this!

Skin Resurfacing facial - $400 (Take $100 off T"
298211079390546,ST MED SPA,claim_risk,unclear,,0.5,"regulated category: 'WHAT IT TREATS: benign pigmented lesions, mild acne' by a med spa; 'rebuilds glowing, healthy skin'; 'almost no downtime for all patients'","Comment “Laser🚨” If you want to try this!

Skin Resurfacing facial - $400 (Take $100 off T"
1388129385547801,Anne's Skincare Blog,hook_archetype,bold_claim,problem_callout,0.5,runner-up problem_callout at 0.4,Your skincare is making you age faster 🤯
1388129385547801,Anne's Skincare Blog,awareness_stage,problem_aware,product_aware,0.5,runner-up product_aware at 0.4,Your skincare is making you age faster 🤯
1388129385547801,Anne's Skincare Blog,claim_risk,yes,,0.6,regulated category: 'Your skincare is making you age faster'; testimonial 'Nothing helped like FRØYA' with no disclaimer,Your skincare is making you age faster 🤯
609286202180532,Uplift Wellness and Aesthetics,indication,unspecified,laxity_tightening,0.4,confidence 0.4; runner-up laxity_tightening at 0.35,Uplift Wellness and Aesthetics
1217684165960471,Maia Medspa,awareness_stage,unaware,product_aware,0.4,confidence 0.4; runner-up product_aware at 0.35,Maia Medspa
1217684165960471,Maia Medspa,claim_risk,yes,,0.6,regulated category: 'Results don't lie' results language with no disclaimer,Maia Medspa
1240505861130870,Dr. Peter Malouf Dermatology,funnel,mid_consideration,cold_prospecting,0.45,confidence 0.45; runner-up cold_prospecting at 0.4,"This is a six week follow up from a mini lift upper lid Bluff, plasty and CO2 laser resurf"
1240505861130870,Dr. Peter Malouf Dermatology,claim_risk,unclear,no,0.5,runner-up no at 0.4,"This is a six week follow up from a mini lift upper lid Bluff, plasty and CO2 laser resurf"
1240505861130870,Dr. Peter Malouf Dermatology,claim_risk,unclear,,0.5,regulated category: follow-up results shown without 'results may vary' disclaimer,"This is a six week follow up from a mini lift upper lid Bluff, plasty and CO2 laser resurf"
1920440575381270,Biologi MD Newport,indication,fine_lines_wrinkles,texture_pores,0.45,confidence 0.45; runner-up texture_pores at 0.4,"Get 50% OFF Alma Hybrid and Transform Your Skin

BiologiMD’s Alma Hybrid is a cutting-edge"
1920440575381270,Biologi MD Newport,claim_risk,yes,,0.9,"regulated category: 'FDA-approved treatment' (device is cleared); 'safe for all skin tones, with no exception!'; 'Transform Your Skin'","Get 50% OFF Alma Hybrid and Transform Your Skin

BiologiMD’s Alma Hybrid is a cutting-edge"
3000896083412282,Dr Laser Baltimore,hook_archetype,bold_claim,problem_callout,0.5,runner-up problem_callout at 0.4,"✨Erase Dark Spots, And Improve Skin Texture with the BBL Hero!"
3000896083412282,Dr Laser Baltimore,format,offer_promo,problem_solution,0.5,runner-up problem_solution at 0.45,"✨Erase Dark Spots, And Improve Skin Texture with the BBL Hero!"
3000896083412282,Dr Laser Baltimore,cta_intent,lead_capture,book_appointment,0.45,confidence 0.45; runner-up book_appointment at 0.4,"✨Erase Dark Spots, And Improve Skin Texture with the BBL Hero!"
3000896083412282,Dr Laser Baltimore,funnel,cold_prospecting,bottom_retargeting,0.5,runner-up bottom_retargeting at 0.4,"✨Erase Dark Spots, And Improve Skin Texture with the BBL Hero!"
3000896083412282,Dr Laser Baltimore,claim_risk,yes,,0.9,regulated category: 'Erase Dark Spots'; 'reverse signs of aging'; 'targets years of skin damage',"✨Erase Dark Spots, And Improve Skin Texture with the BBL Hero!"
1251338426222950,Dr Laser Baltimore,hook_archetype,bold_claim,problem_callout,0.5,runner-up problem_callout at 0.4,The Facial That Fixes What You Thought Was Permanent
1251338426222950,Dr Laser Baltimore,offer,package_bundle,gift_with_treatment,0.45,confidence 0.45,The Facial That Fixes What You Thought Was Permanent
1251338426222950,Dr Laser Baltimore,cta_intent,lead_capture,book_appointment,0.45,confidence 0.45; runner-up book_appointment at 0.4,The Facial That Fixes What You Thought Was Permanent
1251338426222950,Dr Laser Baltimore,driver,transformation,fear_loss,0.5,runner-up fear_loss at 0.4,The Facial That Fixes What You Thought Was Permanent
1251338426222950,Dr Laser Baltimore,indication,pigmentation_sun_damage,fine_lines_wrinkles,0.45,confidence 0.45,The Facial That Fixes What You Thought Was Permanent
1251338426222950,Dr Laser Baltimore,claim_risk,yes,,0.9,regulated category: 'The Facial That Fixes What You Thought Was Permanent'; 'turning on your skin's anti-aging genes at the cellular level'; 'covers all concerns'; 'ZERO downtime',The Facial That Fixes What You Thought Was Permanent
669392295729747,Premiere Center for Cosmetic Surgery,offer,free_consult,no_offer,0.45,confidence 0.45; runner-up no_offer at 0.4,{{product.name}}
669392295729747,Premiere Center for Cosmetic Surgery,cta_intent,book_appointment,free_consult,0.5,runner-up free_consult at 0.45,{{product.name}}
669392295729747,Premiere Center for Cosmetic Surgery,funnel,bottom_retargeting,mid_consideration,0.5,runner-up mid_consideration at 0.4,{{product.name}}
669392295729747,Premiere Center for Cosmetic Surgery,claim_risk,unclear,yes,0.5,runner-up yes at 0.45,{{product.name}}
669392295729747,Premiere Center for Cosmetic Surgery,claim_risk,unclear,,0.5,"regulated category: 'gold standard in skin tightening'; 'powerful, lasting results' / 'Real results' with no disclaimer; 'You won't find better pricing'",{{product.name}}
492389176950908,Halo aesthetic bar,claim_risk,unclear,no,0.5,runner-up no at 0.45,{{product.name}}
492389176950908,Halo aesthetic bar,claim_risk,unclear,,0.5,"regulated category: 'Tighten, lift, and revitalize your skin' outcome claims by non-physician aesthetic bar; 'future of skin rejuvenation' puffery",{{product.name}}
24237796495872606,LifeSculpt - Mokena,funnel,bottom_retargeting,cold_prospecting,0.5,runner-up cold_prospecting at 0.45,Morpheus8 Model Call - 50% Off Treatments
513969821133526,Effortless Touch Miami,format,educational_howto,product_announcement,0.4,confidence 0.4; runner-up product_announcement at 0.35,"✨Revoluciona tu piel con Morpheus8✨

¿Te gustaría rejuvenecer tu piel y lucir radiante a c"
513969821133526,Effortless Touch Miami,indication,fine_lines_wrinkles,laxity_tightening,0.5,runner-up laxity_tightening at 0.45,"✨Revoluciona tu piel con Morpheus8✨

¿Te gustaría rejuvenecer tu piel y lucir radiante a c"
513969821133526,Effortless Touch Miami,claim_risk,yes,,0.6,regulated category: '¡Di adiós a las líneas finas y a la flacidez!'; 'Resultados visibles' with no disclaimer; 'lucir radiante a cualquier edad',"✨Revoluciona tu piel con Morpheus8✨

¿Te gustaría rejuvenecer tu piel y lucir radiante a c"
735702559442513,The Esthetic,awareness_stage,solution_aware,unaware,0.5,runner-up unaware at 0.4,The Esthetic
735702559442513,The Esthetic,driver,status_identity,transformation,0.4,confidence 0.4; runner-up transformation at 0.35,The Esthetic
735702559442513,The Esthetic,claim_risk,unclear,no,0.5,runner-up no at 0.45,The Esthetic
735702559442513,The Esthetic,claim_risk,unclear,,0.5,regulated category: 'Real results' with no disclaimer; thin text,The Esthetic
1661256201197751,LIV Dermatology,format,provider_authority,educational_howto,0.45,confidence 0.45,Ready to feel confident in your skin?
1661256201197751,LIV Dermatology,funnel,mid_consideration,cold_prospecting,0.5,runner-up cold_prospecting at 0.45,Ready to feel confident in your skin?
1661256201197751,LIV Dermatology,claim_risk,yes,,0.65,regulated category: 'FDA Approved Technology' / 'FDA-approved technology' (Morpheus8 is cleared); 'long-lasting results' with no disclaimer,Ready to feel confident in your skin?
2710536949127066,740 Park Beauty & Hair Restoration,format,product_announcement,educational_howto,0.45,confidence 0.45; runner-up educational_howto at 0.4,{{product.name}}
2710536949127066,740 Park Beauty & Hair Restoration,funnel,mid_consideration,cold_prospecting,0.5,runner-up cold_prospecting at 0.45,{{product.name}}
2710536949127066,740 Park Beauty & Hair Restoration,claim_risk,unclear,,0.5,regulated category: 'addressing many issues accurately and effectively'; 'long-lasting results' with no disclaimer,{{product.name}}
1288580802824232,Aesthetics by Juliet,claim_risk,yes,,0.6,regulated category: 'Painless Hair Restoration' (painless claim),Advanced Practice Registered Nurse | Aesthetics by Juliet | Medical Aesthetic Services in Northern Colorado
367917582209176,Clique Salon and Med Spa,awareness_stage,product_aware,solution_aware,0.5,runner-up solution_aware at 0.4,Clique Salon And Med Spa
367917582209176,Clique Salon and Med Spa,driver,lifestyle_aspiration,trust_safety,0.35,confidence 0.35; runner-up trust_safety at 0.25,Clique Salon And Med Spa
1921987978582315,Autotrend Mobility,driver,status_identity,lifestyle_aspiration,0.4,confidence 0.4; runner-up lifestyle_aspiration at 0.4,"Sei pronto a rivoluzionare la tua guida?
Volvo EX90: design che cattura, potenza che sorpr"
686929647019009,Thrive Aesthetics Chico,driver,transformation,downtime_avoidance,0.4,confidence 0.4; runner-up downtime_avoidance at 0.35,AR-Patient Portal
686929647019009,Thrive Aesthetics Chico,funnel,cold_prospecting,bottom_retargeting,0.45,confidence 0.45; runner-up bottom_retargeting at 0.4,AR-Patient Portal
686929647019009,Thrive Aesthetics Chico,claim_risk,yes,,0.7,"regulated category: 'Safe, effective, and downtime-free' (safety claim); 'revolutionary treatment'",AR-Patient Portal
1195798188345836,Premier Aesthetics of Billings Plastic Surgery,hook_archetype,social_proof,flat_spec,0.4,confidence 0.4; runner-up flat_spec at 0.35,Schedule Your Consultation
1195798188345836,Premier Aesthetics of Billings Plastic Surgery,claim_risk,yes,,0.7,regulated category: 'none of those side effects' (no side-effects claim); 'no downtime'; results 'awesome' with no disclaimer; 'only provider in the state of Montana',Schedule Your Consultation
2564649933874121,Dra. Carmen Nava ,format,product_announcement,offer_promo,0.4,confidence 0.4,𝙍𝙀𝙅𝙐𝙑𝙀𝙉𝙀𝘾𝙀 𝙏𝙐 𝙍𝙊𝙎𝙏𝙍𝙊.
2564649933874121,Dra. Carmen Nava ,claim_risk,yes,,0.85,regulated category: '¡Rejuvenece 10 AÑOS sin cirugía!' (unsupported quantified claim); 'Ácido hialurónico sin necesidad de agujas' (unsupported device claim); 'Luminosidad instantánea'; 'Resultados... duraderos',𝙍𝙀𝙅𝙐𝙑𝙀𝙉𝙀𝘾𝙀 𝙏𝙐 𝙍𝙊𝙎𝙏𝙍𝙊.
816171900605622,XUNA,driver,downtime_avoidance,transformation,0.45,confidence 0.45; runner-up transformation at 0.4,"🌿 SOFWAVE 🌿

🌿 What is Sofwave? Sofwave  treatment is a procedure that uses advanced ultra"
816171900605622,XUNA,indication,fine_lines_wrinkles,laxity_tightening,0.5,runner-up laxity_tightening at 0.45,"🌿 SOFWAVE 🌿

🌿 What is Sofwave? Sofwave  treatment is a procedure that uses advanced ultra"
816171900605622,XUNA,downtime_handling,downtime_denied,downtime_minimized,0.5,runner-up downtime_minimized at 0.45,"🌿 SOFWAVE 🌿

🌿 What is Sofwave? Sofwave  treatment is a procedure that uses advanced ultra"
816171900605622,XUNA,claim_risk,yes,,0.65,"regulated category: 'mini facelift without any needles, surgery, or downtime'; 'works wonders on all skin types and tones'; 'no one will know you had a little help'","🌿 SOFWAVE 🌿

🌿 What is Sofwave? Sofwave  treatment is a procedure that uses advanced ultra"
1507102350020118,NurseChristyNYC,hook_archetype,flat_spec,bold_claim,0.45,confidence 0.45,"We love everything about our Cool Peel laser facial! 

This laser is great for stimulating"
1507102350020118,NurseChristyNYC,format,provider_authority,educational_howto,0.4,confidence 0.4; runner-up educational_howto at 0.35,"We love everything about our Cool Peel laser facial! 

This laser is great for stimulating"
1507102350020118,NurseChristyNYC,funnel,mid_consideration,cold_prospecting,0.5,runner-up cold_prospecting at 0.4,"We love everything about our Cool Peel laser facial! 

This laser is great for stimulating"
1507102350020118,NurseChristyNYC,indication,texture_pores,fine_lines_wrinkles,0.4,confidence 0.4; runner-up fine_lines_wrinkles at 0.35,"We love everything about our Cool Peel laser facial! 

This laser is great for stimulating"
1507102350020118,NurseChristyNYC,proof_asset,provider_on_camera,before_after_photo,0.4,confidence 0.4; runner-up before_after_photo at 0.35,"We love everything about our Cool Peel laser facial! 

This laser is great for stimulating"
1866549887472516,Salt Spa & Wellness Center,format,problem_solution,product_announcement,0.45,confidence 0.45; runner-up product_announcement at 0.4,"Say goodbye to fine lines, sun damage, and enlarged pores with CoolPeel."
1866549887472516,Salt Spa & Wellness Center,downtime_handling,downtime_denied,downtime_minimized,0.5,runner-up downtime_minimized at 0.45,"Say goodbye to fine lines, sun damage, and enlarged pores with CoolPeel."
1866549887472516,Salt Spa & Wellness Center,claim_risk,yes,,0.55,"regulated category: 'Say goodbye to fine lines, sun damage, and enlarged pores' (elimination language, spa advertiser); 'transform your complexion'; 'virtually no downtime'","Say goodbye to fine lines, sun damage, and enlarged pores with CoolPeel."
954255790096187,latenightmedspachicago,driver,convenience_time,lifestyle_aspiration,0.35,confidence 0.35; runner-up lifestyle_aspiration at 0.3,"☎️ DM or call us with any questions!

Late Night MedSpa
3741 N Halsted Street
Chicago, Ill"
2952003418325188,Advanced Laser & Aesthetics Inc,funnel,bottom_retargeting,cold_prospecting,0.5,runner-up cold_prospecting at 0.4,Advanced Laser & Aesthetics Inc
989993929876166,Bespoke dermatology & aesthetics,offer,percent_off,first_treatment_price,0.5,runner-up first_treatment_price at 0.45,"Introducing Our Newest Arrival: Cynosure PicoSure Pro 755!
The most in-demand laser on the"
989993929876166,Bespoke dermatology & aesthetics,cta_intent,learn_educate,book_appointment,0.5,runner-up book_appointment at 0.4,"Introducing Our Newest Arrival: Cynosure PicoSure Pro 755!
The most in-demand laser on the"
989993929876166,Bespoke dermatology & aesthetics,funnel,mid_consideration,cold_prospecting,0.5,runner-up cold_prospecting at 0.4,"Introducing Our Newest Arrival: Cynosure PicoSure Pro 755!
The most in-demand laser on the"
989993929876166,Bespoke dermatology & aesthetics,claim_risk,yes,,0.6,regulated category: 'the only FDA-approved 755nm picosecond laser' (device is cleared); 'The most in-demand laser on the market' (unsupported superiority),"Introducing Our Newest Arrival: Cynosure PicoSure Pro 755!
The most in-demand laser on the"
